ablation_variant,image_id,skin_tone_group,delta,realization_id,dice,iou
Full CG-Adapter (Ours),000044,FST_I_II_Light,0.0,0,0.9211444521981856,0.8538163001293662
Full CG-Adapter (Ours),000044,FST_I_II_Light,0.2,1,0.824142568930733,0.7008864741206748
Full CG-Adapter (Ours),000044,FST_I_II_Light,0.2,2,0.8622679769146779,0.7578831916643817
Full CG-Adapter (Ours),000044,FST_I_II_Light,0.2,3,0.7769784172661871,0.6352941176470588
Full CG-Adapter (Ours),000260,FST_I_II_Light,0.0,0,0.8519701810436635,0.7421150278293135
Full CG-Adapter (Ours),000260,FST_I_II_Light,0.2,1,0.7931034482758621,0.6571428571428571
Full CG-Adapter (Ours),000260,FST_I_II_Light,0.2,2,0.857707509881423,0.7508650519031141
Full CG-Adapter (Ours),000260,FST_I_II_Light,0.2,3,0.7858508604206501,0.647244094488189
Full CG-Adapter (Ours),000261,FST_I_II_Light,0.0,0,0.9159090909090909,0.8448637316561844
Full CG-Adapter (Ours),000261,FST_I_II_Light,0.2,1,0.8516284680337757,0.7415966386554622
Full CG-Adapter (Ours),000261,FST_I_II_Light,0.2,2,0.8805166846071044,0.7865384615384615
Full CG-Adapter (Ours),000261,FST_I_II_Light,0.2,3,0.8453389830508474,0.7321100917431193
Full CG-Adapter (Ours),000265,FST_I_II_Light,0.0,0,0.9109848484848485,0.8365217391304348
Full CG-Adapter (Ours),000265,FST_I_II_Light,0.2,1,0.878343949044586,0.7830777967064169
Full CG-Adapter (Ours),000265,FST_I_II_Light,0.2,2,0.8763165814023472,0.7798607391537226
Full CG-Adapter (Ours),000265,FST_I_II_Light,0.2,3,0.851279000594884,0.7410668047643708
Full CG-Adapter (Ours),000270,FST_I_II_Light,0.0,0,0.8764044943820225,0.78
Full CG-Adapter (Ours),000270,FST_I_II_Light,0.2,1,0.6133333333333333,0.4423076923076923
Full CG-Adapter (Ours),000270,FST_I_II_Light,0.2,2,0.8632707774798928,0.7594339622641509
Full CG-Adapter (Ours),000270,FST_I_II_Light,0.2,3,0.8651685393258427,0.7623762376237624
Full CG-Adapter (Ours),000273,FST_I_II_Light,0.0,0,0.8666666666666667,0.7647058823529411
Full CG-Adapter (Ours),000273,FST_I_II_Light,0.2,1,0.7591240875912408,0.611764705882353
Full CG-Adapter (Ours),000273,FST_I_II_Light,0.2,2,0.9090909090909091,0.8333333333333334
Full CG-Adapter (Ours),000273,FST_I_II_Light,0.2,3,0.8604651162790697,0.7551020408163265
Full CG-Adapter (Ours),000274,FST_I_II_Light,0.0,0,0.7980295566502463,0.6639344262295082
Full CG-Adapter (Ours),000274,FST_I_II_Light,0.2,1,0.6411483253588517,0.47183098591549294
Full CG-Adapter (Ours),000274,FST_I_II_Light,0.2,2,0.7982456140350878,0.6642335766423357
Full CG-Adapter (Ours),000274,FST_I_II_Light,0.2,3,0.8691588785046729,0.768595041322314
Full CG-Adapter (Ours),000275,FST_I_II_Light,0.0,0,0.8365180467091295,0.718978102189781
Full CG-Adapter (Ours),000275,FST_I_II_Light,0.2,1,0.8466522678185745,0.7340823970037453
Full CG-Adapter (Ours),000275,FST_I_II_Light,0.2,2,0.8125,0.6842105263157895
Full CG-Adapter (Ours),000275,FST_I_II_Light,0.2,3,0.8363636363636363,0.71875
Full CG-Adapter (Ours),000278,FST_I_II_Light,0.0,0,0.872393661384487,0.7736686390532544
Full CG-Adapter (Ours),000278,FST_I_II_Light,0.2,1,0.8597560975609756,0.7540106951871658
Full CG-Adapter (Ours),000278,FST_I_II_Light,0.2,2,0.8885245901639345,0.799410029498525
Full CG-Adapter (Ours),000278,FST_I_II_Light,0.2,3,0.8784219001610306,0.7832017229002154
Full CG-Adapter (Ours),000280,FST_I_II_Light,0.0,0,0.7623762376237624,0.616
Full CG-Adapter (Ours),000280,FST_I_II_Light,0.2,1,0.6492146596858639,0.4806201550387597
Full CG-Adapter (Ours),000280,FST_I_II_Light,0.2,2,0.7511737089201878,0.6015037593984962
Full CG-Adapter (Ours),000280,FST_I_II_Light,0.2,3,0.751219512195122,0.6015625
Full CG-Adapter (Ours),000283,FST_I_II_Light,0.0,0,0.8096,0.6801075268817204
Full CG-Adapter (Ours),000283,FST_I_II_Light,0.2,1,0.7272727272727273,0.5714285714285714
Full CG-Adapter (Ours),000283,FST_I_II_Light,0.2,2,0.7541478129713424,0.6053268765133172
Full CG-Adapter (Ours),000283,FST_I_II_Light,0.2,3,0.8087091757387247,0.6788511749347258
Full CG-Adapter (Ours),000284,FST_I_II_Light,0.0,0,0.9245680573114201,0.859717868338558
Full CG-Adapter (Ours),000284,FST_I_II_Light,0.2,1,0.8943874471937237,0.8089519650655022
Full CG-Adapter (Ours),000284,FST_I_II_Light,0.2,2,0.879746835443038,0.7853107344632768
Full CG-Adapter (Ours),000284,FST_I_II_Light,0.2,3,0.9058823529411765,0.8279569892473119
Full CG-Adapter (Ours),000288,FST_I_II_Light,0.0,0,0.8788501026694046,0.7838827838827839
Full CG-Adapter (Ours),000288,FST_I_II_Light,0.2,1,0.8833652007648184,0.791095890410959
Full CG-Adapter (Ours),000288,FST_I_II_Light,0.2,2,0.8195991091314031,0.6943396226415094
Full CG-Adapter (Ours),000288,FST_I_II_Light,0.2,3,0.6986301369863014,0.5368421052631579
Full CG-Adapter (Ours),000292,FST_I_II_Light,0.0,0,0.9160070360598065,0.8450304259634889
Full CG-Adapter (Ours),000292,FST_I_II_Light,0.2,1,0.857921115711484,0.7511925205113528
Full CG-Adapter (Ours),000292,FST_I_II_Light,0.2,2,0.8813663957197243,0.7878955114054452
Full CG-Adapter (Ours),000292,FST_I_II_Light,0.2,3,0.859350195787914,0.7533865281128224
Full CG-Adapter (Ours),000294,FST_I_II_Light,0.0,0,0.81,0.680672268907563
Full CG-Adapter (Ours),000294,FST_I_II_Light,0.2,1,0.8078817733990148,0.6776859504132231
Full CG-Adapter (Ours),000294,FST_I_II_Light,0.2,2,0.8130841121495327,0.6850393700787402
Full CG-Adapter (Ours),000294,FST_I_II_Light,0.2,3,0.7638190954773869,0.6178861788617886
Full CG-Adapter (Ours),000303,FST_I_II_Light,0.0,0,0.7641921397379913,0.6183745583038869
Full CG-Adapter (Ours),000303,FST_I_II_Light,0.2,1,0.6901098901098901,0.5268456375838926
Full CG-Adapter (Ours),000303,FST_I_II_Light,0.2,2,0.8032454361054767,0.6711864406779661
Full CG-Adapter (Ours),000303,FST_I_II_Light,0.2,3,0.7701375245579568,0.6261980830670927
Full CG-Adapter (Ours),000304,FST_I_II_Light,0.0,0,0.9380654140570633,0.8833551769331586
Full CG-Adapter (Ours),000304,FST_I_II_Light,0.2,1,0.9135628952916374,0.8408796895213454
Full CG-Adapter (Ours),000304,FST_I_II_Light,0.2,2,0.9475862068965517,0.9003931847968545
Full CG-Adapter (Ours),000304,FST_I_II_Light,0.2,3,0.9221140472878998,0.8554838709677419
Full CG-Adapter (Ours),000305,FST_I_II_Light,0.0,0,0.746268656716418,0.5952380952380952
Full CG-Adapter (Ours),000305,FST_I_II_Light,0.2,1,0.6814814814814815,0.5168539325842697
Full CG-Adapter (Ours),000305,FST_I_II_Light,0.2,2,0.7222222222222222,0.5652173913043478
Full CG-Adapter (Ours),000305,FST_I_II_Light,0.2,3,0.7323943661971831,0.5777777777777777
Full CG-Adapter (Ours),000307,FST_I_II_Light,0.0,0,0.5166666666666667,0.34831460674157305
Full CG-Adapter (Ours),000307,FST_I_II_Light,0.2,1,0.5094339622641509,0.34177215189873417
Full CG-Adapter (Ours),000307,FST_I_II_Light,0.2,2,0.4852941176470588,0.32038834951456313
Full CG-Adapter (Ours),000307,FST_I_II_Light,0.2,3,0.4429530201342282,0.28448275862068967
Full CG-Adapter (Ours),000308,FST_I_II_Light,0.0,0,0.9611868207693635,0.9252739953503819
Full CG-Adapter (Ours),000308,FST_I_II_Light,0.2,1,0.9683104558549398,0.9385676741130092
Full CG-Adapter (Ours),000308,FST_I_II_Light,0.2,2,0.9727755644090306,0.9469941822882999
Full CG-Adapter (Ours),000308,FST_I_II_Light,0.2,3,0.9754621848739495,0.9520997375328084
Full CG-Adapter (Ours),000311,FST_I_II_Light,0.0,0,0.8961748633879781,0.8118811881188119
Full CG-Adapter (Ours),000311,FST_I_II_Light,0.2,1,0.7910863509749304,0.6543778801843319
Full CG-Adapter (Ours),000311,FST_I_II_Light,0.2,2,0.8958333333333334,0.8113207547169812
Full CG-Adapter (Ours),000311,FST_I_II_Light,0.2,3,0.8610354223433242,0.7559808612440191
Full CG-Adapter (Ours),000314,FST_I_II_Light,0.0,0,0.9326241134751773,0.8737541528239202
Full CG-Adapter (Ours),000314,FST_I_II_Light,0.2,1,0.906764168190128,0.8294314381270903
Full CG-Adapter (Ours),000314,FST_I_II_Light,0.2,2,0.9116117850953206,0.8375796178343949
Full CG-Adapter (Ours),000314,FST_I_II_Light,0.2,3,0.9173989455184535,0.8474025974025974
Full CG-Adapter (Ours),000317,FST_I_II_Light,0.0,0,0.8092485549132948,0.6796116504854369
Full CG-Adapter (Ours),000317,FST_I_II_Light,0.2,1,0.7878787878787878,0.65
Full CG-Adapter (Ours),000317,FST_I_II_Light,0.2,2,0.8045977011494253,0.6730769230769231
Full CG-Adapter (Ours),000317,FST_I_II_Light,0.2,3,0.7593582887700535,0.6120689655172413
Full CG-Adapter (Ours),000321,FST_I_II_Light,0.0,0,0.9118541033434651,0.8379888268156425
Full CG-Adapter (Ours),000321,FST_I_II_Light,0.2,1,0.9166666666666666,0.8461538461538461
Full CG-Adapter (Ours),000321,FST_I_II_Light,0.2,2,0.916923076923077,0.8465909090909091
Full CG-Adapter (Ours),000321,FST_I_II_Light,0.2,3,0.8888888888888888,0.8
Full CG-Adapter (Ours),000323,FST_I_II_Light,0.0,0,0.8858057630736392,0.7950191570881227
Full CG-Adapter (Ours),000323,FST_I_II_Light,0.2,1,0.834070796460177,0.715370018975332
Full CG-Adapter (Ours),000323,FST_I_II_Light,0.2,2,0.8817427385892116,0.7884972170686456
Full CG-Adapter (Ours),000323,FST_I_II_Light,0.2,3,0.9067201604814443,0.8293577981651377
Full CG-Adapter (Ours),000326,FST_I_II_Light,0.0,0,0.832,0.7123287671232876
Full CG-Adapter (Ours),000326,FST_I_II_Light,0.2,1,0.7808764940239044,0.6405228758169934
Full CG-Adapter (Ours),000326,FST_I_II_Light,0.2,2,0.8308823529411765,0.710691823899371
Full CG-Adapter (Ours),000326,FST_I_II_Light,0.2,3,0.8127208480565371,0.6845238095238095
Full CG-Adapter (Ours),000330,FST_I_II_Light,0.0,0,0.8617363344051447,0.7570621468926554
Full CG-Adapter (Ours),000330,FST_I_II_Light,0.2,1,0.7719298245614035,0.6285714285714286
Full CG-Adapter (Ours),000330,FST_I_II_Light,0.2,2,0.8424242424242424,0.7277486910994765
Full CG-Adapter (Ours),000330,FST_I_II_Light,0.2,3,0.8344370860927153,0.7159090909090909
Full CG-Adapter (Ours),000335,FST_I_II_Light,0.0,0,0.8745623566340698,0.7770864621325896
Full CG-Adapter (Ours),000335,FST_I_II_Light,0.2,1,0.813585291113381,0.6857511838140335
Full CG-Adapter (Ours),000335,FST_I_II_Light,0.2,2,0.8335273573923166,0.7145708582834331
Full CG-Adapter (Ours),000335,FST_I_II_Light,0.2,3,0.8284593837535014,0.7071537872991583
Full CG-Adapter (Ours),000346,FST_I_II_Light,0.0,0,0.9602649006622517,0.9235668789808917
Full CG-Adapter (Ours),000346,FST_I_II_Light,0.2,1,0.9059233449477352,0.8280254777070064
Full CG-Adapter (Ours),000346,FST_I_II_Light,0.2,2,0.9329073482428115,0.874251497005988
Full CG-Adapter (Ours),000346,FST_I_II_Light,0.2,3,0.8722741433021807,0.7734806629834254
Full CG-Adapter (Ours),000349,FST_I_II_Light,0.0,0,0.9378651088688263,0.883
Full CG-Adapter (Ours),000349,FST_I_II_Light,0.2,1,0.8048245614035088,0.673394495412844
Full CG-Adapter (Ours),000349,FST_I_II_Light,0.2,2,0.8322147651006712,0.7126436781609196
Full CG-Adapter (Ours),000349,FST_I_II_Light,0.2,3,0.8389912706110573,0.722639933166249
Full CG-Adapter (Ours),000354,FST_I_II_Light,0.0,0,0.872954014029618,0.7745504840940526
Full CG-Adapter (Ours),000354,FST_I_II_Light,0.2,1,0.7832335329341318,0.6437007874015748
Full CG-Adapter (Ours),000354,FST_I_II_Light,0.2,2,0.8802512760109933,0.7861150070126227
Full CG-Adapter (Ours),000354,FST_I_II_Light,0.2,3,0.8612821441506701,0.7563613231552163
Full CG-Adapter (Ours),000355,FST_I_II_Light,0.0,0,0.953941541186891,0.9119390347163421
Full CG-Adapter (Ours),000355,FST_I_II_Light,0.2,1,0.8045509955302722,0.6730115567641061
Full CG-Adapter (Ours),000355,FST_I_II_Light,0.2,2,0.8999073215940686,0.8180286436394272
Full CG-Adapter (Ours),000355,FST_I_II_Light,0.2,3,0.8913951545530493,0.8040693293142427
Full CG-Adapter (Ours),000358,FST_I_II_Light,0.0,0,0.8280060882800608,0.7064935064935065
Full CG-Adapter (Ours),000358,FST_I_II_Light,0.2,1,0.8651685393258427,0.7623762376237624
Full CG-Adapter (Ours),000358,FST_I_II_Light,0.2,2,0.86002886002886,0.7544303797468355
Full CG-Adapter (Ours),000358,FST_I_II_Light,0.2,3,0.7756315007429421,0.633495145631068
Full CG-Adapter (Ours),000366,FST_I_II_Light,0.0,0,0.7870351132349885,0.6488523466940733
Full CG-Adapter (Ours),000366,FST_I_II_Light,0.2,1,0.7104940792160065,0.5509816339455351
Full CG-Adapter (Ours),000366,FST_I_II_Light,0.2,2,0.7719509744826201,0.6285994764397905
Full CG-Adapter (Ours),000366,FST_I_II_Light,0.2,3,0.7743132887899035,0.6317383403997577
Full CG-Adapter (Ours),000370,FST_I_II_Light,0.0,0,0.7933884297520661,0.6575342465753424
Full CG-Adapter (Ours),000370,FST_I_II_Light,0.2,1,0.8100147275405007,0.6806930693069307
Full CG-Adapter (Ours),000370,FST_I_II_Light,0.2,2,0.8763693270735524,0.7799442896935933
Full CG-Adapter (Ours),000370,FST_I_II_Light,0.2,3,0.7354260089686099,0.5815602836879432
Full CG-Adapter (Ours),000371,FST_I_II_Light,0.0,0,0.9217002237136466,0.8547717842323651
Full CG-Adapter (Ours),000371,FST_I_II_Light,0.2,1,0.9060022650056625,0.8281573498964804
Full CG-Adapter (Ours),000371,FST_I_II_Light,0.2,2,0.9354838709677419,0.8787878787878788
Full CG-Adapter (Ours),000371,FST_I_II_Light,0.2,3,0.9544973544973545,0.9129554655870445
Full CG-Adapter (Ours),000373,FST_I_II_Light,0.0,0,0.6818181818181818,0.5172413793103449
Full CG-Adapter (Ours),000373,FST_I_II_Light,0.2,1,0.6408450704225352,0.47150259067357514
Full CG-Adapter (Ours),000373,FST_I_II_Light,0.2,2,0.6583850931677019,0.49074074074074076
Full CG-Adapter (Ours),000373,FST_I_II_Light,0.2,3,0.654320987654321,0.48623853211009177
Full CG-Adapter (Ours),000375,FST_I_II_Light,0.0,0,0.7581699346405228,0.6105263157894737
Full CG-Adapter (Ours),000375,FST_I_II_Light,0.2,1,0.6612903225806451,0.4939759036144578
Full CG-Adapter (Ours),000375,FST_I_II_Light,0.2,2,0.7603960396039604,0.6134185303514377
Full CG-Adapter (Ours),000375,FST_I_II_Light,0.2,3,0.8218029350104822,0.697508896797153
Full CG-Adapter (Ours),000377,FST_I_II_Light,0.0,0,0.8552915766738661,0.7471698113207547
Full CG-Adapter (Ours),000377,FST_I_II_Light,0.2,1,0.6885245901639344,0.525
Full CG-Adapter (Ours),000377,FST_I_II_Light,0.2,2,0.8502994011976048,0.7395833333333334
Full CG-Adapter (Ours),000377,FST_I_II_Light,0.2,3,0.8844621513944223,0.7928571428571428
Full CG-Adapter (Ours),000381,FST_I_II_Light,0.0,0,0.9252336448598131,0.8608695652173913
Full CG-Adapter (Ours),000381,FST_I_II_Light,0.2,1,0.8286604361370716,0.7074468085106383
Full CG-Adapter (Ours),000381,FST_I_II_Light,0.2,2,0.9394387001477105,0.8857938718662952
Full CG-Adapter (Ours),000381,FST_I_II_Light,0.2,3,0.9459041731066461,0.8973607038123167
Full CG-Adapter (Ours),000386,FST_I_II_Light,0.0,0,0.8232189973614775,0.6995515695067265
Full CG-Adapter (Ours),000386,FST_I_II_Light,0.2,1,0.6931818181818182,0.5304347826086957
Full CG-Adapter (Ours),000386,FST_I_II_Light,0.2,2,0.8514851485148515,0.7413793103448276
Full CG-Adapter (Ours),000386,FST_I_II_Light,0.2,3,0.8423645320197044,0.7276595744680852
Full CG-Adapter (Ours),000387,FST_I_II_Light,0.0,0,0.8661181750186986,0.7638522427440633
Full CG-Adapter (Ours),000387,FST_I_II_Light,0.2,1,0.7494963062458025,0.5993555316863588
Full CG-Adapter (Ours),000387,FST_I_II_Light,0.2,2,0.8578982154659617,0.7511574074074074
Full CG-Adapter (Ours),000387,FST_I_II_Light,0.2,3,0.8451563691838292,0.7318361955085865
Full CG-Adapter (Ours),000388,FST_I_II_Light,0.0,0,0.9264248704663213,0.862934362934363
Full CG-Adapter (Ours),000388,FST_I_II_Light,0.2,1,0.8396946564885496,0.7236842105263158
Full CG-Adapter (Ours),000388,FST_I_II_Light,0.2,2,0.9326633165829146,0.8738229755178908
Full CG-Adapter (Ours),000388,FST_I_II_Light,0.2,3,0.9361256544502617,0.8799212598425197
Full CG-Adapter (Ours),000389,FST_I_II_Light,0.0,0,0.7857142857142857,0.6470588235294118
Full CG-Adapter (Ours),000389,FST_I_II_Light,0.2,1,0.8316831683168316,0.711864406779661
Full CG-Adapter (Ours),000389,FST_I_II_Light,0.2,2,0.8073394495412844,0.676923076923077
Full CG-Adapter (Ours),000389,FST_I_II_Light,0.2,3,0.734375,0.5802469135802469
Full CG-Adapter (Ours),000390,FST_I_II_Light,0.0,0,0.807843137254902,0.6776315789473685
Full CG-Adapter (Ours),000390,FST_I_II_Light,0.2,1,0.819047619047619,0.6935483870967742
Full CG-Adapter (Ours),000390,FST_I_II_Light,0.2,2,0.9264214046822743,0.8629283489096573
Full CG-Adapter (Ours),000390,FST_I_II_Light,0.2,3,0.8304761904761905,0.7100977198697068
Full CG-Adapter (Ours),000391,FST_I_II_Light,0.0,0,0.7865707434052758,0.6482213438735178
Full CG-Adapter (Ours),000391,FST_I_II_Light,0.2,1,0.7576470588235295,0.6098484848484849
Full CG-Adapter (Ours),000391,FST_I_II_Light,0.2,2,0.7851851851851852,0.6463414634146342
Full CG-Adapter (Ours),000391,FST_I_II_Light,0.2,3,0.7897196261682243,0.6525096525096525
Full CG-Adapter (Ours),000395,FST_I_II_Light,0.0,0,0.8784313725490196,0.7832167832167832
Full CG-Adapter (Ours),000395,FST_I_II_Light,0.2,1,0.8267716535433071,0.7046979865771812
Full CG-Adapter (Ours),000395,FST_I_II_Light,0.2,2,0.8897338403041825,0.8013698630136986
Full CG-Adapter (Ours),000395,FST_I_II_Light,0.2,3,0.896551724137931,0.8125
Full CG-Adapter (Ours),000403,FST_I_II_Light,0.0,0,0.9012567324955116,0.8202614379084967
Full CG-Adapter (Ours),000403,FST_I_II_Light,0.2,1,0.8278481012658228,0.7062634989200864
Full CG-Adapter (Ours),000403,FST_I_II_Light,0.2,2,0.9126321647189761,0.8393039918116684
Full CG-Adapter (Ours),000403,FST_I_II_Light,0.2,3,0.8971553610503282,0.8134920634920635
Full CG-Adapter (Ours),000405,FST_I_II_Light,0.0,0,0.9211195928753181,0.8537735849056604
Full CG-Adapter (Ours),000405,FST_I_II_Light,0.2,1,0.7459402828706129,0.5948203842940685
Full CG-Adapter (Ours),000405,FST_I_II_Light,0.2,2,0.9146110056925996,0.8426573426573427
Full CG-Adapter (Ours),000405,FST_I_II_Light,0.2,3,0.9094412331406551,0.833922261484099
Full CG-Adapter (Ours),000406,FST_I_II_Light,0.0,0,0.9126233984457047,0.8392891636082673
Full CG-Adapter (Ours),000406,FST_I_II_Light,0.2,1,0.8566652737150021,0.7492690058479532
Full CG-Adapter (Ours),000406,FST_I_II_Light,0.2,2,0.8824463860206513,0.7896233120113717
Full CG-Adapter (Ours),000406,FST_I_II_Light,0.2,3,0.8124059018367962,0.684077079107505
Full CG-Adapter (Ours),000407,FST_I_II_Light,0.0,0,0.8714285714285714,0.7721518987341772
Full CG-Adapter (Ours),000407,FST_I_II_Light,0.2,1,0.845360824742268,0.7321428571428571
Full CG-Adapter (Ours),000407,FST_I_II_Light,0.2,2,0.8362369337979094,0.718562874251497
Full CG-Adapter (Ours),000407,FST_I_II_Light,0.2,3,0.9090909090909091,0.8333333333333334
Full CG-Adapter (Ours),000408,FST_I_II_Light,0.0,0,0.7887323943661971,0.6511627906976745
Full CG-Adapter (Ours),000408,FST_I_II_Light,0.2,1,0.7407407407407407,0.5882352941176471
Full CG-Adapter (Ours),000408,FST_I_II_Light,0.2,2,0.794392523364486,0.6589147286821705
Full CG-Adapter (Ours),000408,FST_I_II_Light,0.2,3,0.728,0.5723270440251572
Full CG-Adapter (Ours),000411,FST_I_II_Light,0.0,0,0.8502415458937198,0.7394957983193278
Full CG-Adapter (Ours),000411,FST_I_II_Light,0.2,1,0.863849765258216,0.7603305785123967
Full CG-Adapter (Ours),000411,FST_I_II_Light,0.2,2,0.8333333333333334,0.7142857142857143
Full CG-Adapter (Ours),000411,FST_I_II_Light,0.2,3,0.7725321888412017,0.6293706293706294
Full CG-Adapter (Ours),000415,FST_I_II_Light,0.0,0,0.9446749654218534,0.8951507208387942
Full CG-Adapter (Ours),000415,FST_I_II_Light,0.2,1,0.9361987911349899,0.8800505050505051
Full CG-Adapter (Ours),000415,FST_I_II_Light,0.2,2,0.9385245901639344,0.8841698841698842
Full CG-Adapter (Ours),000415,FST_I_II_Light,0.2,3,0.9346801346801347,0.877370417193426
Full CG-Adapter (Ours),000417,FST_I_II_Light,0.0,0,0.8279569892473119,0.7064220183486238
Full CG-Adapter (Ours),000417,FST_I_II_Light,0.2,1,0.7188571428571429,0.5611061552185549
Full CG-Adapter (Ours),000417,FST_I_II_Light,0.2,2,0.7576671694318753,0.6098745447187374
Full CG-Adapter (Ours),000417,FST_I_II_Light,0.2,3,0.814033086138049,0.6863876863876864
Full CG-Adapter (Ours),000422,FST_I_II_Light,0.0,0,0.8402777777777778,0.7245508982035929
Full CG-Adapter (Ours),000422,FST_I_II_Light,0.2,1,0.7054794520547946,0.544973544973545
Full CG-Adapter (Ours),000422,FST_I_II_Light,0.2,2,0.8417721518987342,0.726775956284153
Full CG-Adapter (Ours),000422,FST_I_II_Light,0.2,3,0.910958904109589,0.8364779874213837
Full CG-Adapter (Ours),000433,FST_I_II_Light,0.0,0,0.9083665338645418,0.8321167883211679
Full CG-Adapter (Ours),000433,FST_I_II_Light,0.2,1,0.8924949290060852,0.8058608058608059
Full CG-Adapter (Ours),000433,FST_I_II_Light,0.2,2,0.9075975359342916,0.8308270676691729
Full CG-Adapter (Ours),000433,FST_I_II_Light,0.2,3,0.8339350180505415,0.7151702786377709
Full CG-Adapter (Ours),000438,FST_I_II_Light,0.0,0,0.6666666666666666,0.5
Full CG-Adapter (Ours),000438,FST_I_II_Light,0.2,1,0.5934065934065934,0.421875
Full CG-Adapter (Ours),000438,FST_I_II_Light,0.2,2,0.6436781609195402,0.4745762711864407
Full CG-Adapter (Ours),000438,FST_I_II_Light,0.2,3,0.6511627906976745,0.4827586206896552
Full CG-Adapter (Ours),000439,FST_I_II_Light,0.0,0,0.6696428571428571,0.5033557046979866
Full CG-Adapter (Ours),000439,FST_I_II_Light,0.2,1,0.6517857142857143,0.48344370860927155
Full CG-Adapter (Ours),000439,FST_I_II_Light,0.2,2,0.6666666666666666,0.5
Full CG-Adapter (Ours),000439,FST_I_II_Light,0.2,3,0.7058823529411765,0.5454545454545454
Full CG-Adapter (Ours),000010,FST_III_IV_Medium,0.0,0,0.8813852813852814,0.7879256965944272
Full CG-Adapter (Ours),000010,FST_III_IV_Medium,0.2,1,0.8162911611785095,0.6896046852122987
Full CG-Adapter (Ours),000010,FST_III_IV_Medium,0.2,2,0.8657214345287739,0.763235294117647
Full CG-Adapter (Ours),000010,FST_III_IV_Medium,0.2,3,0.8726003490401396,0.7739938080495357
Full CG-Adapter (Ours),000057,FST_III_IV_Medium,0.0,0,0.8797127468581688,0.7852564102564102
Full CG-Adapter (Ours),000057,FST_III_IV_Medium,0.2,1,0.7666666666666667,0.6216216216216216
Full CG-Adapter (Ours),000057,FST_III_IV_Medium,0.2,2,0.9194991055456172,0.8509933774834437
Full CG-Adapter (Ours),000057,FST_III_IV_Medium,0.2,3,0.8254486133768353,0.7027777777777777
Full CG-Adapter (Ours),000064,FST_III_IV_Medium,0.0,0,0.8611599297012302,0.7561728395061729
Full CG-Adapter (Ours),000064,FST_III_IV_Medium,0.2,1,0.7981566820276498,0.6641104294478528
Full CG-Adapter (Ours),000064,FST_III_IV_Medium,0.2,2,0.8228476821192053,0.69901547116737
Full CG-Adapter (Ours),000064,FST_III_IV_Medium,0.2,3,0.8037383177570093,0.671875
Full CG-Adapter (Ours),000070,FST_III_IV_Medium,0.0,0,0.9583555792845702,0.920041004613019
Full CG-Adapter (Ours),000070,FST_III_IV_Medium,0.2,1,0.7960149439601495,0.6611501861812163
Full CG-Adapter (Ours),000070,FST_III_IV_Medium,0.2,2,0.9083564756374652,0.832099907493062
Full CG-Adapter (Ours),000070,FST_III_IV_Medium,0.2,3,0.8495705521472393,0.738481228668942
Full CG-Adapter (Ours),000099,FST_III_IV_Medium,0.0,0,0.7685185185185185,0.6240601503759399
Full CG-Adapter (Ours),000099,FST_III_IV_Medium,0.2,1,0.6116504854368932,0.4405594405594406
Full CG-Adapter (Ours),000099,FST_III_IV_Medium,0.2,2,0.7288135593220338,0.5733333333333334
Full CG-Adapter (Ours),000099,FST_III_IV_Medium,0.2,3,0.7692307692307693,0.625
Full CG-Adapter (Ours),000100,FST_III_IV_Medium,0.0,0,0.858433734939759,0.7519788918205804
Full CG-Adapter (Ours),000100,FST_III_IV_Medium,0.2,1,0.8478260869565217,0.7358490566037735
Full CG-Adapter (Ours),000100,FST_III_IV_Medium,0.2,2,0.8785607196401799,0.7834224598930482
Full CG-Adapter (Ours),000100,FST_III_IV_Medium,0.2,3,0.834612700628053,0.7161676646706587
Full CG-Adapter (Ours),000110,FST_III_IV_Medium,0.0,0,0.8524590163934426,0.7428571428571429
Full CG-Adapter (Ours),000110,FST_III_IV_Medium,0.2,1,0.8235294117647058,0.7
Full CG-Adapter (Ours),000110,FST_III_IV_Medium,0.2,2,0.8130081300813008,0.684931506849315
Full CG-Adapter (Ours),000110,FST_III_IV_Medium,0.2,3,0.8217054263565892,0.6973684210526315
Full CG-Adapter (Ours),000184,FST_III_IV_Medium,0.0,0,0.6578947368421053,0.49019607843137253
Full CG-Adapter (Ours),000184,FST_III_IV_Medium,0.2,1,0.5517241379310345,0.38095238095238093
Full CG-Adapter (Ours),000184,FST_III_IV_Medium,0.2,2,0.5714285714285714,0.4
Full CG-Adapter (Ours),000184,FST_III_IV_Medium,0.2,3,0.6936416184971098,0.5309734513274337
Full CG-Adapter (Ours),000194,FST_III_IV_Medium,0.0,0,0.908641975308642,0.832579185520362
Full CG-Adapter (Ours),000194,FST_III_IV_Medium,0.2,1,0.8140096618357487,0.6863543788187373
Full CG-Adapter (Ours),000194,FST_III_IV_Medium,0.2,2,0.8635838150289017,0.7599186164801628
Full CG-Adapter (Ours),000194,FST_III_IV_Medium,0.2,3,0.8337408312958435,0.7148846960167715
Full CG-Adapter (Ours),000224,FST_III_IV_Medium,0.0,0,0.9392769392769392,0.885506287227002
Full CG-Adapter (Ours),000224,FST_III_IV_Medium,0.2,1,0.9335189697180647,0.8753263707571801
Full CG-Adapter (Ours),000224,FST_III_IV_Medium,0.2,2,0.9374344634743097,0.8822368421052632
Full CG-Adapter (Ours),000224,FST_III_IV_Medium,0.2,3,0.9475862068965517,0.9003931847968545
Full CG-Adapter (Ours),000243,FST_III_IV_Medium,0.0,0,0.7627118644067796,0.6164383561643836
Full CG-Adapter (Ours),000243,FST_III_IV_Medium,0.2,1,0.7241379310344828,0.5675675675675675
Full CG-Adapter (Ours),000243,FST_III_IV_Medium,0.2,2,0.6976744186046512,0.5357142857142857
Full CG-Adapter (Ours),000243,FST_III_IV_Medium,0.2,3,0.7142857142857143,0.5555555555555556
Full CG-Adapter (Ours),000443,FST_III_IV_Medium,0.0,0,0.9283489096573209,0.8662790697674418
Full CG-Adapter (Ours),000443,FST_III_IV_Medium,0.2,1,0.8098290598290598,0.6804308797127468
Full CG-Adapter (Ours),000443,FST_III_IV_Medium,0.2,2,0.9191820837390458,0.8504504504504504
Full CG-Adapter (Ours),000443,FST_III_IV_Medium,0.2,3,0.8579940417080437,0.7513043478260869
Full CG-Adapter (Ours),000444,FST_III_IV_Medium,0.0,0,0.8178913738019169,0.6918918918918919
Full CG-Adapter (Ours),000444,FST_III_IV_Medium,0.2,1,0.717948717948718,0.56
Full CG-Adapter (Ours),000444,FST_III_IV_Medium,0.2,2,0.7687687687687688,0.624390243902439
Full CG-Adapter (Ours),000444,FST_III_IV_Medium,0.2,3,0.7460815047021944,0.595
Full CG-Adapter (Ours),000446,FST_III_IV_Medium,0.0,0,0.8022598870056498,0.6698113207547169
Full CG-Adapter (Ours),000446,FST_III_IV_Medium,0.2,1,0.8022598870056498,0.6698113207547169
Full CG-Adapter (Ours),000446,FST_III_IV_Medium,0.2,2,0.8068181818181818,0.6761904761904762
Full CG-Adapter (Ours),000446,FST_III_IV_Medium,0.2,3,0.7244897959183674,0.568
Full CG-Adapter (Ours),000447,FST_III_IV_Medium,0.0,0,0.8151216986017608,0.6879370629370629
Full CG-Adapter (Ours),000447,FST_III_IV_Medium,0.2,1,0.7630736392742796,0.6169111302847282
Full CG-Adapter (Ours),000447,FST_III_IV_Medium,0.2,2,0.8656126482213439,0.7630662020905923
Full CG-Adapter (Ours),000447,FST_III_IV_Medium,0.2,3,0.7970479704797048,0.6625766871165644
Full CG-Adapter (Ours),000451,FST_III_IV_Medium,0.0,0,0.9428409734012451,0.8918629550321199
Full CG-Adapter (Ours),000451,FST_III_IV_Medium,0.2,1,0.8347627215551744,0.7163886162904809
Full CG-Adapter (Ours),000451,FST_III_IV_Medium,0.2,2,0.9177939646201873,0.8480769230769231
Full CG-Adapter (Ours),000451,FST_III_IV_Medium,0.2,3,0.8801313628899836,0.7859237536656891
Full CG-Adapter (Ours),000452,FST_III_IV_Medium,0.0,0,0.9245283018867925,0.8596491228070176
Full CG-Adapter (Ours),000452,FST_III_IV_Medium,0.2,1,0.889967637540453,0.8017492711370262
Full CG-Adapter (Ours),000452,FST_III_IV_Medium,0.2,2,0.9107692307692308,0.8361581920903954
Full CG-Adapter (Ours),000452,FST_III_IV_Medium,0.2,3,0.8928571428571429,0.8064516129032258
Full CG-Adapter (Ours),000453,FST_III_IV_Medium,0.0,0,0.8828420256991686,0.790257104194858
Full CG-Adapter (Ours),000453,FST_III_IV_Medium,0.2,1,0.7955223880597015,0.6604708798017348
Full CG-Adapter (Ours),000453,FST_III_IV_Medium,0.2,2,0.8825573314801946,0.7898009950248757
Full CG-Adapter (Ours),000453,FST_III_IV_Medium,0.2,3,0.8112827400940228,0.6824858757062147
Full CG-Adapter (Ours),000454,FST_III_IV_Medium,0.0,0,0.9500734214390602,0.9048951048951049
Full CG-Adapter (Ours),000454,FST_III_IV_Medium,0.2,1,0.9506990434142752,0.906030855539972
Full CG-Adapter (Ours),000454,FST_III_IV_Medium,0.2,2,0.9690424766018718,0.9399441340782123
Full CG-Adapter (Ours),000454,FST_III_IV_Medium,0.2,3,0.9321401938851603,0.8729050279329609
Full CG-Adapter (Ours),000457,FST_III_IV_Medium,0.0,0,0.9452878831280436,0.8962520369364476
Full CG-Adapter (Ours),000457,FST_III_IV_Medium,0.2,1,0.9396325459317585,0.8861386138613861
Full CG-Adapter (Ours),000457,FST_III_IV_Medium,0.2,2,0.9404828747894441,0.8876523582405935
Full CG-Adapter (Ours),000457,FST_III_IV_Medium,0.2,3,0.9411098527746319,0.8887700534759359
Full CG-Adapter (Ours),000459,FST_III_IV_Medium,0.0,0,0.8563907575314419,0.7488491048593351
Full CG-Adapter (Ours),000459,FST_III_IV_Medium,0.2,1,0.7748068924539513,0.6323957322987391
Full CG-Adapter (Ours),000459,FST_III_IV_Medium,0.2,2,0.7763669344389739,0.6344769165607793
Full CG-Adapter (Ours),000459,FST_III_IV_Medium,0.2,3,0.7655076495132128,0.6200991437584498
Full CG-Adapter (Ours),000461,FST_III_IV_Medium,0.0,0,0.8733031674208145,0.7751004016064257
Full CG-Adapter (Ours),000461,FST_III_IV_Medium,0.2,1,0.849015317286652,0.7376425855513308
Full CG-Adapter (Ours),000461,FST_III_IV_Medium,0.2,2,0.8507795100222717,0.7403100775193798
Full CG-Adapter (Ours),000461,FST_III_IV_Medium,0.2,3,0.8398268398268398,0.7238805970149254
Full CG-Adapter (Ours),000466,FST_III_IV_Medium,0.0,0,0.7281879194630873,0.5725593667546174
Full CG-Adapter (Ours),000466,FST_III_IV_Medium,0.2,1,0.6470028544243578,0.4781997187060478
Full CG-Adapter (Ours),000466,FST_III_IV_Medium,0.2,2,0.7934426229508197,0.657608695652174
Full CG-Adapter (Ours),000466,FST_III_IV_Medium,0.2,3,0.738799661876585,0.5857908847184986
Full CG-Adapter (Ours),000469,FST_III_IV_Medium,0.0,0,0.708994708994709,0.5491803278688525
Full CG-Adapter (Ours),000469,FST_III_IV_Medium,0.2,1,0.6838624338624338,0.5195979899497487
Full CG-Adapter (Ours),000469,FST_III_IV_Medium,0.2,2,0.6852300242130751,0.5211786372007366
Full CG-Adapter (Ours),000469,FST_III_IV_Medium,0.2,3,0.6689098250336474,0.5025278058645096
Full CG-Adapter (Ours),000470,FST_III_IV_Medium,0.0,0,0.7808676307007787,0.6405109489051095
Full CG-Adapter (Ours),000470,FST_III_IV_Medium,0.2,1,0.7635960044395117,0.6175942549371634
Full CG-Adapter (Ours),000470,FST_III_IV_Medium,0.2,2,0.8321318228630278,0.7125220458553791
Full CG-Adapter (Ours),000470,FST_III_IV_Medium,0.2,3,0.8283038501560874,0.7069271758436945
Full CG-Adapter (Ours),000473,FST_III_IV_Medium,0.0,0,0.8726114649681529,0.7740112994350282
Full CG-Adapter (Ours),000473,FST_III_IV_Medium,0.2,1,0.7879799666110183,0.650137741046832
Full CG-Adapter (Ours),000473,FST_III_IV_Medium,0.2,2,0.8711656441717791,0.7717391304347826
Full CG-Adapter (Ours),000473,FST_III_IV_Medium,0.2,3,0.8790199081163859,0.7841530054644809
Full CG-Adapter (Ours),000475,FST_III_IV_Medium,0.0,0,0.9221902017291066,0.8556149732620321
Full CG-Adapter (Ours),000475,FST_III_IV_Medium,0.2,1,0.844311377245509,0.7305699481865285
Full CG-Adapter (Ours),000475,FST_III_IV_Medium,0.2,2,0.9142857142857143,0.8421052631578947
Full CG-Adapter (Ours),000475,FST_III_IV_Medium,0.2,3,0.8944444444444445,0.8090452261306532
Full CG-Adapter (Ours),000482,FST_III_IV_Medium,0.0,0,0.8701923076923077,0.7702127659574468
Full CG-Adapter (Ours),000482,FST_III_IV_Medium,0.2,1,0.7549019607843137,0.6062992125984252
Full CG-Adapter (Ours),000482,FST_III_IV_Medium,0.2,2,0.882494004796163,0.7896995708154506
Full CG-Adapter (Ours),000482,FST_III_IV_Medium,0.2,3,0.861244019138756,0.7563025210084033
Full CG-Adapter (Ours),000486,FST_III_IV_Medium,0.0,0,0.7932489451476793,0.6573426573426573
Full CG-Adapter (Ours),000486,FST_III_IV_Medium,0.2,1,0.7719298245614035,0.6285714285714286
Full CG-Adapter (Ours),000486,FST_III_IV_Medium,0.2,2,0.7804878048780488,0.64
Full CG-Adapter (Ours),000486,FST_III_IV_Medium,0.2,3,0.7470817120622568,0.5962732919254659
Full CG-Adapter (Ours),000488,FST_III_IV_Medium,0.0,0,0.5809078931608576,0.40935178933153277
Full CG-Adapter (Ours),000488,FST_III_IV_Medium,0.2,1,0.5138458002987476,0.3457553734343591
Full CG-Adapter (Ours),000488,FST_III_IV_Medium,0.2,2,0.6558103680863365,0.4878853046594982
Full CG-Adapter (Ours),000488,FST_III_IV_Medium,0.2,3,0.5327176262527019,0.3630641489219231
Full CG-Adapter (Ours),000491,FST_III_IV_Medium,0.0,0,0.927536231884058,0.8648648648648649
Full CG-Adapter (Ours),000491,FST_III_IV_Medium,0.2,1,0.8751248751248751,0.7779751332149201
Full CG-Adapter (Ours),000491,FST_III_IV_Medium,0.2,2,0.9257142857142857,0.8617021276595744
Full CG-Adapter (Ours),000491,FST_III_IV_Medium,0.2,3,0.9404990403071017,0.8876811594202898
Full CG-Adapter (Ours),000495,FST_III_IV_Medium,0.0,0,0.897287683414851,0.8137096774193548
Full CG-Adapter (Ours),000495,FST_III_IV_Medium,0.2,1,0.8070484581497798,0.6765140324963073
Full CG-Adapter (Ours),000495,FST_III_IV_Medium,0.2,2,0.9122055674518201,0.8385826771653543
Full CG-Adapter (Ours),000495,FST_III_IV_Medium,0.2,3,0.8329238329238329,0.7136842105263158
Full CG-Adapter (Ours),000498,FST_III_IV_Medium,0.0,0,0.9157142857142857,0.8445322793148881
Full CG-Adapter (Ours),000498,FST_III_IV_Medium,0.2,1,0.834149755073478,0.7154861944777912
Full CG-Adapter (Ours),000498,FST_III_IV_Medium,0.2,2,0.879734219269103,0.7852906287069988
Full CG-Adapter (Ours),000498,FST_III_IV_Medium,0.2,3,0.8979875086745316,0.8148614609571788
Full CG-Adapter (Ours),000503,FST_III_IV_Medium,0.0,0,0.827902908375246,0.7063432835820895
Full CG-Adapter (Ours),000503,FST_III_IV_Medium,0.2,1,0.7759895606785558,0.6339729921819474
Full CG-Adapter (Ours),000503,FST_III_IV_Medium,0.2,2,0.8821233411397346,0.7891061452513967
Full CG-Adapter (Ours),000503,FST_III_IV_Medium,0.2,3,0.8033578174186778,0.6713433882848123
Full CG-Adapter (Ours),000513,FST_III_IV_Medium,0.0,0,0.8275862068965517,0.7058823529411765
Full CG-Adapter (Ours),000513,FST_III_IV_Medium,0.2,1,0.8468468468468469,0.734375
Full CG-Adapter (Ours),000513,FST_III_IV_Medium,0.2,2,0.8571428571428571,0.75
Full CG-Adapter (Ours),000513,FST_III_IV_Medium,0.2,3,0.765625,0.620253164556962
Full CG-Adapter (Ours),000514,FST_III_IV_Medium,0.0,0,0.6916221033868093,0.5286103542234333
Full CG-Adapter (Ours),000514,FST_III_IV_Medium,0.2,1,0.6733500417710944,0.5075566750629723
Full CG-Adapter (Ours),000514,FST_III_IV_Medium,0.2,2,0.7287671232876712,0.5732758620689655
Full CG-Adapter (Ours),000514,FST_III_IV_Medium,0.2,3,0.6639806607574537,0.4969843184559711
Full CG-Adapter (Ours),000516,FST_III_IV_Medium,0.0,0,0.8786127167630058,0.7835051546391752
Full CG-Adapter (Ours),000516,FST_III_IV_Medium,0.2,1,0.9012345679012346,0.8202247191011236
Full CG-Adapter (Ours),000516,FST_III_IV_Medium,0.2,2,0.9017341040462428,0.8210526315789474
Full CG-Adapter (Ours),000516,FST_III_IV_Medium,0.2,3,0.8524590163934426,0.7428571428571429
Full CG-Adapter (Ours),000517,FST_III_IV_Medium,0.0,0,0.892,0.8050541516245487
Full CG-Adapter (Ours),000517,FST_III_IV_Medium,0.2,1,0.7619047619047619,0.6153846153846154
Full CG-Adapter (Ours),000517,FST_III_IV_Medium,0.2,2,0.9061371841155235,0.8283828382838284
Full CG-Adapter (Ours),000517,FST_III_IV_Medium,0.2,3,0.8446771378708552,0.7311178247734139
Full CG-Adapter (Ours),000526,FST_III_IV_Medium,0.0,0,0.9450792480648729,0.8958770090845563
Full CG-Adapter (Ours),000526,FST_III_IV_Medium,0.2,1,0.8847040737893928,0.7932460372157133
Full CG-Adapter (Ours),000526,FST_III_IV_Medium,0.2,2,0.9503496503496504,0.905396402398401
Full CG-Adapter (Ours),000526,FST_III_IV_Medium,0.2,3,0.9457254345512593,0.8970390309555855
Full CG-Adapter (Ours),000527,FST_III_IV_Medium,0.0,0,0.7692307692307693,0.625
Full CG-Adapter (Ours),000527,FST_III_IV_Medium,0.2,1,0.7228915662650602,0.5660377358490566
Full CG-Adapter (Ours),000527,FST_III_IV_Medium,0.2,2,0.7346938775510204,0.5806451612903226
Full CG-Adapter (Ours),000527,FST_III_IV_Medium,0.2,3,0.7676767676767676,0.6229508196721312
Full CG-Adapter (Ours),000529,FST_III_IV_Medium,0.0,0,0.8732394366197183,0.775
Full CG-Adapter (Ours),000529,FST_III_IV_Medium,0.2,1,0.837967401725791,0.7211221122112211
Full CG-Adapter (Ours),000529,FST_III_IV_Medium,0.2,2,0.8925925925925926,0.8060200668896321
Full CG-Adapter (Ours),000529,FST_III_IV_Medium,0.2,3,0.8687615526802218,0.7679738562091504
Full CG-Adapter (Ours),000535,FST_III_IV_Medium,0.0,0,0.7917138217782808,0.6552370092848998
Full CG-Adapter (Ours),000535,FST_III_IV_Medium,0.2,1,0.748092272607666,0.5975618300287255
Full CG-Adapter (Ours),000535,FST_III_IV_Medium,0.2,2,0.7903453467582573,0.653364449630494
Full CG-Adapter (Ours),000535,FST_III_IV_Medium,0.2,3,0.71997791478789,0.5624730409777139
Full CG-Adapter (Ours),000540,FST_III_IV_Medium,0.0,0,0.8591385331781141,0.753061224489796
Full CG-Adapter (Ours),000540,FST_III_IV_Medium,0.2,1,0.745679012345679,0.594488188976378
Full CG-Adapter (Ours),000540,FST_III_IV_Medium,0.2,2,0.8765294771968855,0.7801980198019802
Full CG-Adapter (Ours),000540,FST_III_IV_Medium,0.2,3,0.8418756815703381,0.7269303201506592
Full CG-Adapter (Ours),000542,FST_III_IV_Medium,0.0,0,0.9561787905346187,0.9160369437447523
Full CG-Adapter (Ours),000542,FST_III_IV_Medium,0.2,1,0.9559939301972686,0.9156976744186046
Full CG-Adapter (Ours),000542,FST_III_IV_Medium,0.2,2,0.9601713062098501,0.9233937397034596
Full CG-Adapter (Ours),000542,FST_III_IV_Medium,0.2,3,0.9532790398628376,0.9107289107289107
Full CG-Adapter (Ours),000544,FST_III_IV_Medium,0.0,0,0.7471264367816092,0.5963302752293578
Full CG-Adapter (Ours),000544,FST_III_IV_Medium,0.2,1,0.6792452830188679,0.5142857142857142
Full CG-Adapter (Ours),000544,FST_III_IV_Medium,0.2,2,0.7624309392265194,0.6160714285714286
Full CG-Adapter (Ours),000544,FST_III_IV_Medium,0.2,3,0.7446808510638298,0.5932203389830508
Full CG-Adapter (Ours),000548,FST_III_IV_Medium,0.0,0,0.8610478359908884,0.756
Full CG-Adapter (Ours),000548,FST_III_IV_Medium,0.2,1,0.8508557457212714,0.7404255319148936
Full CG-Adapter (Ours),000548,FST_III_IV_Medium,0.2,2,0.849438202247191,0.73828125
Full CG-Adapter (Ours),000548,FST_III_IV_Medium,0.2,3,0.8157894736842105,0.6888888888888889
Full CG-Adapter (Ours),000552,FST_III_IV_Medium,0.0,0,0.8659217877094972,0.7635467980295566
Full CG-Adapter (Ours),000552,FST_III_IV_Medium,0.2,1,0.8128634964078002,0.6847262247838617
Full CG-Adapter (Ours),000552,FST_III_IV_Medium,0.2,2,0.8089233753637245,0.6791530944625407
Full CG-Adapter (Ours),000552,FST_III_IV_Medium,0.2,3,0.7590473244664399,0.6116650049850448
Full CG-Adapter (Ours),000557,FST_III_IV_Medium,0.0,0,0.8665041971297048,0.7644529383659818
Full CG-Adapter (Ours),000557,FST_III_IV_Medium,0.2,1,0.8409150670523271,0.7254990925589837
Full CG-Adapter (Ours),000557,FST_III_IV_Medium,0.2,2,0.8585994097129058,0.7522331922896098
Full CG-Adapter (Ours),000557,FST_III_IV_Medium,0.2,3,0.8038181361466968,0.6719865602687947
Full CG-Adapter (Ours),000559,FST_III_IV_Medium,0.0,0,0.905511811023622,0.8273381294964028
Full CG-Adapter (Ours),000559,FST_III_IV_Medium,0.2,1,0.8932228181374939,0.8070484581497798
Full CG-Adapter (Ours),000559,FST_III_IV_Medium,0.2,2,0.9010880316518298,0.81998199819982
Full CG-Adapter (Ours),000559,FST_III_IV_Medium,0.2,3,0.9230769230769231,0.8571428571428571
Full CG-Adapter (Ours),000566,FST_III_IV_Medium,0.0,0,0.9166206515737162,0.8460754332313966
Full CG-Adapter (Ours),000566,FST_III_IV_Medium,0.2,1,0.7610619469026548,0.6142857142857143
Full CG-Adapter (Ours),000566,FST_III_IV_Medium,0.2,2,0.8831529281154593,0.7907554671968191
Full CG-Adapter (Ours),000566,FST_III_IV_Medium,0.2,3,0.8573577337678616,0.750329091706889
Full CG-Adapter (Ours),000568,FST_III_IV_Medium,0.0,0,0.836104513064133,0.7183673469387755
Full CG-Adapter (Ours),000568,FST_III_IV_Medium,0.2,1,0.7827050997782705,0.6429872495446266
Full CG-Adapter (Ours),000568,FST_III_IV_Medium,0.2,2,0.8419838523644751,0.7270916334661355
Full CG-Adapter (Ours),000568,FST_III_IV_Medium,0.2,3,0.820403825717322,0.6954954954954955
Full CG-Adapter (Ours),000578,FST_III_IV_Medium,0.0,0,0.9626666666666667,0.9280205655526992
Full CG-Adapter (Ours),000578,FST_III_IV_Medium,0.2,1,0.9300746775288526,0.8692893401015228
Full CG-Adapter (Ours),000578,FST_III_IV_Medium,0.2,2,0.9603174603174603,0.9236641221374046
Full CG-Adapter (Ours),000578,FST_III_IV_Medium,0.2,3,0.9569251159708416,0.9174078780177891
Full CG-Adapter (Ours),000584,FST_III_IV_Medium,0.0,0,0.6423357664233577,0.4731182795698925
Full CG-Adapter (Ours),000584,FST_III_IV_Medium,0.2,1,0.631578947368421,0.46153846153846156
Full CG-Adapter (Ours),000584,FST_III_IV_Medium,0.2,2,0.6758620689655173,0.5104166666666666
Full CG-Adapter (Ours),000584,FST_III_IV_Medium,0.2,3,0.618421052631579,0.44761904761904764
Full CG-Adapter (Ours),000589,FST_III_IV_Medium,0.0,0,0.7759036144578313,0.6338582677165354
Full CG-Adapter (Ours),000589,FST_III_IV_Medium,0.2,1,0.7474747474747475,0.5967741935483871
Full CG-Adapter (Ours),000589,FST_III_IV_Medium,0.2,2,0.7989949748743719,0.6652719665271967
Full CG-Adapter (Ours),000589,FST_III_IV_Medium,0.2,3,0.6978723404255319,0.5359477124183006
Full CG-Adapter (Ours),000590,FST_III_IV_Medium,0.0,0,0.9182879377431906,0.8489208633093526
Full CG-Adapter (Ours),000590,FST_III_IV_Medium,0.2,1,0.7786833855799373,0.6375770020533881
Full CG-Adapter (Ours),000590,FST_III_IV_Medium,0.2,2,0.8385780885780886,0.7220270948319117
Full CG-Adapter (Ours),000590,FST_III_IV_Medium,0.2,3,0.8581259925886713,0.75150672229949
Full CG-Adapter (Ours),000594,FST_III_IV_Medium,0.0,0,0.912,0.8382352941176471
Full CG-Adapter (Ours),000594,FST_III_IV_Medium,0.2,1,0.9016393442622951,0.8208955223880597
Full CG-Adapter (Ours),000594,FST_III_IV_Medium,0.2,2,0.928,0.8656716417910447
Full CG-Adapter (Ours),000594,FST_III_IV_Medium,0.2,3,0.921875,0.855072463768116
Full CG-Adapter (Ours),000596,FST_III_IV_Medium,0.0,0,0.9499072356215214,0.9045936395759717
Full CG-Adapter (Ours),000596,FST_III_IV_Medium,0.2,1,0.927063339731286,0.8640429338103757
Full CG-Adapter (Ours),000596,FST_III_IV_Medium,0.2,2,0.9515981735159817,0.9076655052264808
Full CG-Adapter (Ours),000596,FST_III_IV_Medium,0.2,3,0.9305680793507665,0.8701517706576728
Full CG-Adapter (Ours),000605,FST_III_IV_Medium,0.0,0,0.9459798994974874,0.8974970202622169
Full CG-Adapter (Ours),000605,FST_III_IV_Medium,0.2,1,0.9047923322683706,0.8261376896149358
Full CG-Adapter (Ours),000605,FST_III_IV_Medium,0.2,2,0.9397889509621353,0.8864168618266979
Full CG-Adapter (Ours),000605,FST_III_IV_Medium,0.2,3,0.9463171036204744,0.8981042654028436
Full CG-Adapter (Ours),000606,FST_III_IV_Medium,0.0,0,0.9197431781701445,0.8514115898959881
Full CG-Adapter (Ours),000606,FST_III_IV_Medium,0.2,1,0.7477102414654455,0.5970744680851063
Full CG-Adapter (Ours),000606,FST_III_IV_Medium,0.2,2,0.8649446494464945,0.7620286085825748
Full CG-Adapter (Ours),000606,FST_III_IV_Medium,0.2,3,0.8337164750957854,0.7148488830486203
Full CG-Adapter (Ours),000613,FST_III_IV_Medium,0.0,0,0.6956521739130435,0.5333333333333333
Full CG-Adapter (Ours),000613,FST_III_IV_Medium,0.2,1,0.6052631578947368,0.4339622641509434
Full CG-Adapter (Ours),000613,FST_III_IV_Medium,0.2,2,0.7413127413127413,0.588957055214724
Full CG-Adapter (Ours),000613,FST_III_IV_Medium,0.2,3,0.7348484848484849,0.5808383233532934
Full CG-Adapter (Ours),000614,FST_III_IV_Medium,0.0,0,0.9406099518459069,0.8878787878787879
Full CG-Adapter (Ours),000614,FST_III_IV_Medium,0.2,1,0.8981636060100167,0.8151515151515152
Full CG-Adapter (Ours),000614,FST_III_IV_Medium,0.2,2,0.9381933438985737,0.8835820895522388
Full CG-Adapter (Ours),000614,FST_III_IV_Medium,0.2,3,0.937799043062201,0.8828828828828829
Full CG-Adapter (Ours),000615,FST_III_IV_Medium,0.0,0,0.8616236162361623,0.7568881685575365
Full CG-Adapter (Ours),000615,FST_III_IV_Medium,0.2,1,0.6952380952380952,0.5328467153284672
Full CG-Adapter (Ours),000615,FST_III_IV_Medium,0.2,2,0.8590604026845637,0.7529411764705882
Full CG-Adapter (Ours),000615,FST_III_IV_Medium,0.2,3,0.8392554991539763,0.7230320699708455
Full CG-Adapter (Ours),000618,FST_III_IV_Medium,0.0,0,0.8866666666666667,0.7964071856287425
Full CG-Adapter (Ours),000618,FST_III_IV_Medium,0.2,1,0.8532423208191127,0.7440476190476191
Full CG-Adapter (Ours),000618,FST_III_IV_Medium,0.2,2,0.8766233766233766,0.7803468208092486
Full CG-Adapter (Ours),000618,FST_III_IV_Medium,0.2,3,0.868421052631579,0.7674418604651163
Full CG-Adapter (Ours),000619,FST_III_IV_Medium,0.0,0,0.8427331887201736,0.7282099343955014
Full CG-Adapter (Ours),000619,FST_III_IV_Medium,0.2,1,0.764022233451238,0.6181520850367948
Full CG-Adapter (Ours),000619,FST_III_IV_Medium,0.2,2,0.7433460076045627,0.5915279878971256
Full CG-Adapter (Ours),000619,FST_III_IV_Medium,0.2,3,0.7487437185929648,0.5983935742971888
Full CG-Adapter (Ours),000620,FST_III_IV_Medium,0.0,0,0.7324324324324324,0.5778251599147122
Full CG-Adapter (Ours),000620,FST_III_IV_Medium,0.2,1,0.6811397557666214,0.5164609053497943
Full CG-Adapter (Ours),000620,FST_III_IV_Medium,0.2,2,0.8591549295774648,0.7530864197530864
Full CG-Adapter (Ours),000620,FST_III_IV_Medium,0.2,3,0.8997821350762527,0.8178217821782178
Full CG-Adapter (Ours),000622,FST_III_IV_Medium,0.0,0,0.5788336933045356,0.4072948328267477
Full CG-Adapter (Ours),000622,FST_III_IV_Medium,0.2,1,0.4605809128630705,0.2991913746630728
Full CG-Adapter (Ours),000622,FST_III_IV_Medium,0.2,2,0.5458422174840085,0.375366568914956
Full CG-Adapter (Ours),000622,FST_III_IV_Medium,0.2,3,0.7475915221579962,0.5969230769230769
Full CG-Adapter (Ours),000623,FST_III_IV_Medium,0.0,0,0.8855291576673866,0.7945736434108527
Full CG-Adapter (Ours),000623,FST_III_IV_Medium,0.2,1,0.8437636761487965,0.7297501892505678
Full CG-Adapter (Ours),000623,FST_III_IV_Medium,0.2,2,0.8962381149235221,0.8119850187265918
Full CG-Adapter (Ours),000623,FST_III_IV_Medium,0.2,3,0.833757421543681,0.7149090909090909
Full CG-Adapter (Ours),000625,FST_III_IV_Medium,0.0,0,0.863905325443787,0.7604166666666666
Full CG-Adapter (Ours),000625,FST_III_IV_Medium,0.2,1,0.7804878048780488,0.64
Full CG-Adapter (Ours),000625,FST_III_IV_Medium,0.2,2,0.8660968660968661,0.7638190954773869
Full CG-Adapter (Ours),000625,FST_III_IV_Medium,0.2,3,0.8595505617977528,0.7536945812807881
Full CG-Adapter (Ours),000626,FST_III_IV_Medium,0.0,0,0.8888888888888888,0.8
Full CG-Adapter (Ours),000626,FST_III_IV_Medium,0.2,1,0.7604395604395604,0.6134751773049646
Full CG-Adapter (Ours),000626,FST_III_IV_Medium,0.2,2,0.90625,0.8285714285714286
Full CG-Adapter (Ours),000626,FST_III_IV_Medium,0.2,3,0.889344262295082,0.8007380073800738
Full CG-Adapter (Ours),000627,FST_III_IV_Medium,0.0,0,0.7777777777777778,0.6363636363636364
Full CG-Adapter (Ours),000627,FST_III_IV_Medium,0.2,1,0.6835443037974683,0.5192307692307693
Full CG-Adapter (Ours),000627,FST_III_IV_Medium,0.2,2,0.8313253012048193,0.711340206185567
Full CG-Adapter (Ours),000627,FST_III_IV_Medium,0.2,3,0.7485380116959064,0.5981308411214953
Full CG-Adapter (Ours),000629,FST_III_IV_Medium,0.0,0,0.6813186813186813,0.5166666666666667
Full CG-Adapter (Ours),000629,FST_III_IV_Medium,0.2,1,0.5806451612903226,0.4090909090909091
Full CG-Adapter (Ours),000629,FST_III_IV_Medium,0.2,2,0.6666666666666666,0.5
Full CG-Adapter (Ours),000629,FST_III_IV_Medium,0.2,3,0.7368421052631579,0.5833333333333334
Full CG-Adapter (Ours),000632,FST_III_IV_Medium,0.0,0,0.8689655172413793,0.7682926829268293
Full CG-Adapter (Ours),000632,FST_III_IV_Medium,0.2,1,0.7900355871886121,0.6529411764705882
Full CG-Adapter (Ours),000632,FST_III_IV_Medium,0.2,2,0.848,0.7361111111111112
Full CG-Adapter (Ours),000632,FST_III_IV_Medium,0.2,3,0.8392554991539763,0.7230320699708455
Full CG-Adapter (Ours),000634,FST_III_IV_Medium,0.0,0,0.8543956043956044,0.7458033573141487
Full CG-Adapter (Ours),000634,FST_III_IV_Medium,0.2,1,0.7817403708987162,0.6416861826697893
Full CG-Adapter (Ours),000634,FST_III_IV_Medium,0.2,2,0.8004956629491945,0.6673553719008265
Full CG-Adapter (Ours),000634,FST_III_IV_Medium,0.2,3,0.7601476014760148,0.6130952380952381
Full CG-Adapter (Ours),000636,FST_III_IV_Medium,0.0,0,0.7317073170731707,0.5769230769230769
Full CG-Adapter (Ours),000636,FST_III_IV_Medium,0.2,1,0.64,0.47058823529411764
Full CG-Adapter (Ours),000636,FST_III_IV_Medium,0.2,2,0.6521739130434783,0.4838709677419355
Full CG-Adapter (Ours),000636,FST_III_IV_Medium,0.2,3,0.5882352941176471,0.4166666666666667
Full CG-Adapter (Ours),000638,FST_III_IV_Medium,0.0,0,0.8571428571428571,0.75
Full CG-Adapter (Ours),000638,FST_III_IV_Medium,0.2,1,0.7586206896551724,0.6111111111111112
Full CG-Adapter (Ours),000638,FST_III_IV_Medium,0.2,2,0.8,0.6666666666666666
Full CG-Adapter (Ours),000638,FST_III_IV_Medium,0.2,3,0.8395061728395061,0.723404255319149
Full CG-Adapter (Ours),000639,FST_III_IV_Medium,0.0,0,0.8979099678456591,0.8147337709700948
Full CG-Adapter (Ours),000639,FST_III_IV_Medium,0.2,1,0.8026214340786431,0.6703155183515775
Full CG-Adapter (Ours),000639,FST_III_IV_Medium,0.2,2,0.8824902723735408,0.7896935933147632
Full CG-Adapter (Ours),000639,FST_III_IV_Medium,0.2,3,0.8731689889246159,0.7748890298034242
Full CG-Adapter (Ours),000642,FST_III_IV_Medium,0.0,0,0.8394241417497231,0.7232824427480916
Full CG-Adapter (Ours),000642,FST_III_IV_Medium,0.2,1,0.8296460176991151,0.7088846880907372
Full CG-Adapter (Ours),000642,FST_III_IV_Medium,0.2,2,0.8135223555070883,0.6856617647058824
Full CG-Adapter (Ours),000642,FST_III_IV_Medium,0.2,3,0.8781431334622823,0.7827586206896552
Full CG-Adapter (Ours),000644,FST_III_IV_Medium,0.0,0,0.7332197614991482,0.5788058095750404
Full CG-Adapter (Ours),000644,FST_III_IV_Medium,0.2,1,0.5676410605030592,0.39629805410536306
Full CG-Adapter (Ours),000644,FST_III_IV_Medium,0.2,2,0.7573780677228953,0.6095
Full CG-Adapter (Ours),000644,FST_III_IV_Medium,0.2,3,0.7734806629834254,0.6306306306306306
Full CG-Adapter (Ours),000646,FST_III_IV_Medium,0.0,0,0.9335521954607153,0.8753847975372958
Full CG-Adapter (Ours),000646,FST_III_IV_Medium,0.2,1,0.9160202772857754,0.8450529637142213
Full CG-Adapter (Ours),000646,FST_III_IV_Medium,0.2,2,0.8895978810498435,0.80114930066139
Full CG-Adapter (Ours),000646,FST_III_IV_Medium,0.2,3,0.8588971071193992,0.7526903248410831
Full CG-Adapter (Ours),000653,FST_III_IV_Medium,0.0,0,0.9515418502202643,0.907563025210084
Full CG-Adapter (Ours),000653,FST_III_IV_Medium,0.2,1,0.8929384965831435,0.8065843621399177
Full CG-Adapter (Ours),000653,FST_III_IV_Medium,0.2,2,0.9409190371991247,0.8884297520661157
Full CG-Adapter (Ours),000653,FST_III_IV_Medium,0.2,3,0.9246861924686193,0.8599221789883269
Full CG-Adapter (Ours),000006,FST_V_VI_Dark,0.0,0,0.9002781088597537,0.8186416184971098
Full CG-Adapter (Ours),000006,FST_V_VI_Dark,0.2,1,0.8372745490981964,0.7200965184419166
Full CG-Adapter (Ours),000006,FST_V_VI_Dark,0.2,2,0.8531468531468531,0.7439024390243902
Full CG-Adapter (Ours),000006,FST_V_VI_Dark,0.2,3,0.8247277836318933,0.7017334130304842
Full CG-Adapter (Ours),000007,FST_V_VI_Dark,0.0,0,0.7665198237885462,0.6214285714285714
Full CG-Adapter (Ours),000007,FST_V_VI_Dark,0.2,1,0.6991150442477876,0.5374149659863946
Full CG-Adapter (Ours),000007,FST_V_VI_Dark,0.2,2,0.7280334728033473,0.5723684210526315
Full CG-Adapter (Ours),000007,FST_V_VI_Dark,0.2,3,0.6850393700787402,0.5209580838323353
Full CG-Adapter (Ours),000011,FST_V_VI_Dark,0.0,0,0.9573217480194225,0.9181372549019607
Full CG-Adapter (Ours),000011,FST_V_VI_Dark,0.2,1,0.9473144906498164,0.8999026606099935
Full CG-Adapter (Ours),000011,FST_V_VI_Dark,0.2,2,0.8980613893376413,0.8149831403020085
Full CG-Adapter (Ours),000011,FST_V_VI_Dark,0.2,3,0.8536400787044044,0.7446527594401902
Full CG-Adapter (Ours),000012,FST_V_VI_Dark,0.0,0,0.8070175438596491,0.6764705882352942
Full CG-Adapter (Ours),000012,FST_V_VI_Dark,0.2,1,0.8315412186379928,0.7116564417177914
Full CG-Adapter (Ours),000012,FST_V_VI_Dark,0.2,2,0.8,0.6666666666666666
Full CG-Adapter (Ours),000012,FST_V_VI_Dark,0.2,3,0.7452229299363057,0.5939086294416244
Full CG-Adapter (Ours),000015,FST_V_VI_Dark,0.0,0,0.9116389347559168,0.8376254570917295
Full CG-Adapter (Ours),000015,FST_V_VI_Dark,0.2,1,0.7886527254028111,0.6510541955568133
Full CG-Adapter (Ours),000015,FST_V_VI_Dark,0.2,2,0.8733190000421568,0.7751253461049166
Full CG-Adapter (Ours),000015,FST_V_VI_Dark,0.2,3,0.817147923975481,0.6908284987940813
Full CG-Adapter (Ours),000022,FST_V_VI_Dark,0.0,0,0.8884924174843889,0.7993579454253612
Full CG-Adapter (Ours),000022,FST_V_VI_Dark,0.2,1,0.8427872860635697,0.7282907246989224
Full CG-Adapter (Ours),000022,FST_V_VI_Dark,0.2,2,0.8708701134930643,0.771275407639044
Full CG-Adapter (Ours),000022,FST_V_VI_Dark,0.2,3,0.8225445112604646,0.698578009212898
Full CG-Adapter (Ours),000053,FST_V_VI_Dark,0.0,0,0.7886792452830189,0.6510903426791277
Full CG-Adapter (Ours),000053,FST_V_VI_Dark,0.2,1,0.8071428571428572,0.6766467065868264
Full CG-Adapter (Ours),000053,FST_V_VI_Dark,0.2,2,0.8037735849056604,0.6719242902208202
Full CG-Adapter (Ours),000053,FST_V_VI_Dark,0.2,3,0.718381112984823,0.5605263157894737
Full CG-Adapter (Ours),000060,FST_V_VI_Dark,0.0,0,0.9330254041570438,0.8744588744588745
Full CG-Adapter (Ours),000060,FST_V_VI_Dark,0.2,1,0.762119503945885,0.6156648451730419
Full CG-Adapter (Ours),000060,FST_V_VI_Dark,0.2,2,0.8898488120950324,0.8015564202334631
Full CG-Adapter (Ours),000060,FST_V_VI_Dark,0.2,3,0.8715697036223929,0.7723735408560312
Full CG-Adapter (Ours),000077,FST_V_VI_Dark,0.0,0,0.896551724137931,0.8125
Full CG-Adapter (Ours),000077,FST_V_VI_Dark,0.2,1,0.8169209431345353,0.690504103165299
Full CG-Adapter (Ours),000077,FST_V_VI_Dark,0.2,2,0.9047318611987382,0.826036866359447
Full CG-Adapter (Ours),000077,FST_V_VI_Dark,0.2,3,0.9,0.8181818181818182
Full CG-Adapter (Ours),000080,FST_V_VI_Dark,0.0,0,0.8858131487889274,0.7950310559006211
Full CG-Adapter (Ours),000080,FST_V_VI_Dark,0.2,1,0.8085106382978723,0.6785714285714286
Full CG-Adapter (Ours),000080,FST_V_VI_Dark,0.2,2,0.8716216216216216,0.7724550898203593
Full CG-Adapter (Ours),000080,FST_V_VI_Dark,0.2,3,0.8242811501597445,0.7010869565217391
Full CG-Adapter (Ours),000087,FST_V_VI_Dark,0.0,0,0.7929373996789727,0.6569148936170213
Full CG-Adapter (Ours),000087,FST_V_VI_Dark,0.2,1,0.8195488721804511,0.6942675159235668
Full CG-Adapter (Ours),000087,FST_V_VI_Dark,0.2,2,0.8013493253373314,0.6685428392745466
Full CG-Adapter (Ours),000087,FST_V_VI_Dark,0.2,3,0.7491712707182321,0.598939929328622
Full CG-Adapter (Ours),000088,FST_V_VI_Dark,0.0,0,0.9190839694656489,0.8502824858757062
Full CG-Adapter (Ours),000088,FST_V_VI_Dark,0.2,1,0.8875192604006163,0.7977839335180056
Full CG-Adapter (Ours),000088,FST_V_VI_Dark,0.2,2,0.8905547226386806,0.8027027027027027
Full CG-Adapter (Ours),000088,FST_V_VI_Dark,0.2,3,0.841248303934871,0.7259953161592506
Full CG-Adapter (Ours),000089,FST_V_VI_Dark,0.0,0,0.9523058730784391,0.90895410082769
Full CG-Adapter (Ours),000089,FST_V_VI_Dark,0.2,1,0.946893983931021,0.899144026795683
Full CG-Adapter (Ours),000089,FST_V_VI_Dark,0.2,2,0.9508069220299437,0.9062268346923648
Full CG-Adapter (Ours),000089,FST_V_VI_Dark,0.2,3,0.9384399813171416,0.8840197113692362
Full CG-Adapter (Ours),000093,FST_V_VI_Dark,0.0,0,0.8563162970106075,0.7487352445193929
Full CG-Adapter (Ours),000093,FST_V_VI_Dark,0.2,1,0.6957446808510638,0.533442088091354
Full CG-Adapter (Ours),000093,FST_V_VI_Dark,0.2,2,0.8260038240917782,0.7035830618892508
Full CG-Adapter (Ours),000093,FST_V_VI_Dark,0.2,3,0.6954314720812182,0.5330739299610895
Full CG-Adapter (Ours),000095,FST_V_VI_Dark,0.0,0,0.8799328295549959,0.7856071964017991
Full CG-Adapter (Ours),000095,FST_V_VI_Dark,0.2,1,0.75,0.6
Full CG-Adapter (Ours),000095,FST_V_VI_Dark,0.2,2,0.890272373540856,0.8022440392706872
Full CG-Adapter (Ours),000095,FST_V_VI_Dark,0.2,3,0.7520723436322532,0.6026570048309179
Full CG-Adapter (Ours),000096,FST_V_VI_Dark,0.0,0,0.8323007021891781,0.7127697205518218
Full CG-Adapter (Ours),000096,FST_V_VI_Dark,0.2,1,0.7265639502506033,0.5705539358600583
Full CG-Adapter (Ours),000096,FST_V_VI_Dark,0.2,2,0.7997620935765266,0.6663363065741659
Full CG-Adapter (Ours),000096,FST_V_VI_Dark,0.2,3,0.7469500196772924,0.5961055276381909
Full CG-Adapter (Ours),000104,FST_V_VI_Dark,0.0,0,0.8468468468468469,0.734375
Full CG-Adapter (Ours),000104,FST_V_VI_Dark,0.2,1,0.8053097345132744,0.674074074074074
Full CG-Adapter (Ours),000104,FST_V_VI_Dark,0.2,2,0.8164794007490637,0.689873417721519
Full CG-Adapter (Ours),000104,FST_V_VI_Dark,0.2,3,0.8770491803278688,0.781021897810219
Full CG-Adapter (Ours),000105,FST_V_VI_Dark,0.0,0,0.7319587628865979,0.5772357723577236
Full CG-Adapter (Ours),000105,FST_V_VI_Dark,0.2,1,0.6461538461538462,0.4772727272727273
Full CG-Adapter (Ours),000105,FST_V_VI_Dark,0.2,2,0.7219512195121951,0.5648854961832062
Full CG-Adapter (Ours),000105,FST_V_VI_Dark,0.2,3,0.7669902912621359,0.6220472440944882
Full CG-Adapter (Ours),000109,FST_V_VI_Dark,0.0,0,0.7735849056603774,0.6307692307692307
Full CG-Adapter (Ours),000109,FST_V_VI_Dark,0.2,1,0.8169014084507042,0.6904761904761905
Full CG-Adapter (Ours),000109,FST_V_VI_Dark,0.2,2,0.8108108108108109,0.6818181818181818
Full CG-Adapter (Ours),000109,FST_V_VI_Dark,0.2,3,0.75,0.6
Full CG-Adapter (Ours),000111,FST_V_VI_Dark,0.0,0,0.9109653233364574,0.8364888123924269
Full CG-Adapter (Ours),000111,FST_V_VI_Dark,0.2,1,0.879848628192999,0.785472972972973
Full CG-Adapter (Ours),000111,FST_V_VI_Dark,0.2,2,0.9185380889476001,0.8493485342019544
Full CG-Adapter (Ours),000111,FST_V_VI_Dark,0.2,3,0.906871609403255,0.8296112489660876
Full CG-Adapter (Ours),000112,FST_V_VI_Dark,0.0,0,0.8856778580535487,0.7948131197559115
Full CG-Adapter (Ours),000112,FST_V_VI_Dark,0.2,1,0.8819095477386935,0.7887640449438202
Full CG-Adapter (Ours),000112,FST_V_VI_Dark,0.2,2,0.8677855096193205,0.7664497469269703
Full CG-Adapter (Ours),000112,FST_V_VI_Dark,0.2,3,0.8610169491525423,0.7559523809523809
Full CG-Adapter (Ours),000113,FST_V_VI_Dark,0.0,0,0.7654676258992805,0.62004662004662
Full CG-Adapter (Ours),000113,FST_V_VI_Dark,0.2,1,0.7409551374819102,0.5885057471264368
Full CG-Adapter (Ours),000113,FST_V_VI_Dark,0.2,2,0.7932489451476793,0.6573426573426573
Full CG-Adapter (Ours),000113,FST_V_VI_Dark,0.2,3,0.8143236074270557,0.6868008948545862
Full CG-Adapter (Ours),000115,FST_V_VI_Dark,0.0,0,0.7778485041374921,0.6364583333333333
Full CG-Adapter (Ours),000115,FST_V_VI_Dark,0.2,1,0.7583547557840618,0.6107660455486542
Full CG-Adapter (Ours),000115,FST_V_VI_Dark,0.2,2,0.8340477648499693,0.7153361344537815
Full CG-Adapter (Ours),000115,FST_V_VI_Dark,0.2,3,0.763677382966723,0.6177007299270073
Full CG-Adapter (Ours),000121,FST_V_VI_Dark,0.0,0,0.6351351351351351,0.46534653465346537
Full CG-Adapter (Ours),000121,FST_V_VI_Dark,0.2,1,0.5389221556886228,0.36885245901639346
Full CG-Adapter (Ours),000121,FST_V_VI_Dark,0.2,2,0.618421052631579,0.44761904761904764
Full CG-Adapter (Ours),000121,FST_V_VI_Dark,0.2,3,0.6829268292682927,0.5185185185185185
Full CG-Adapter (Ours),000124,FST_V_VI_Dark,0.0,0,0.825836216839677,0.7033398821218074
Full CG-Adapter (Ours),000124,FST_V_VI_Dark,0.2,1,0.5887850467289719,0.41721854304635764
Full CG-Adapter (Ours),000124,FST_V_VI_Dark,0.2,2,0.7720430107526882,0.6287215411558669
Full CG-Adapter (Ours),000124,FST_V_VI_Dark,0.2,3,0.7270896273917422,0.5712025316455697
Full CG-Adapter (Ours),000125,FST_V_VI_Dark,0.0,0,0.6546048276775076,0.4865520860666492
Full CG-Adapter (Ours),000125,FST_V_VI_Dark,0.2,1,0.5636928172221072,0.3924597913183836
Full CG-Adapter (Ours),000125,FST_V_VI_Dark,0.2,2,0.5965665236051502,0.42507645259938837
Full CG-Adapter (Ours),000125,FST_V_VI_Dark,0.2,3,0.6085683971755753,0.4373685317627261
Full CG-Adapter (Ours),000127,FST_V_VI_Dark,0.0,0,0.4142857142857143,0.26126126126126126
Full CG-Adapter (Ours),000127,FST_V_VI_Dark,0.2,1,0.3969465648854962,0.24761904761904763
Full CG-Adapter (Ours),000127,FST_V_VI_Dark,0.2,2,0.3972602739726027,0.24786324786324787
Full CG-Adapter (Ours),000127,FST_V_VI_Dark,0.2,3,0.4027777777777778,0.25217391304347825
Full CG-Adapter (Ours),000132,FST_V_VI_Dark,0.0,0,0.8820224719101124,0.7889447236180904
Full CG-Adapter (Ours),000132,FST_V_VI_Dark,0.2,1,0.7962264150943397,0.6614420062695925
Full CG-Adapter (Ours),000132,FST_V_VI_Dark,0.2,2,0.8148774302620456,0.6875891583452212
Full CG-Adapter (Ours),000132,FST_V_VI_Dark,0.2,3,0.8060453400503779,0.6751054852320675
Full CG-Adapter (Ours),000133,FST_V_VI_Dark,0.0,0,0.8289322617680827,0.707843137254902
Full CG-Adapter (Ours),000133,FST_V_VI_Dark,0.2,1,0.7014755959137344,0.5402097902097902
Full CG-Adapter (Ours),000133,FST_V_VI_Dark,0.2,2,0.87527352297593,0.7782101167315175
Full CG-Adapter (Ours),000133,FST_V_VI_Dark,0.2,3,0.8230616302186878,0.6993243243243243
Full CG-Adapter (Ours),000137,FST_V_VI_Dark,0.0,0,0.9541150764748726,0.9122562674094707
Full CG-Adapter (Ours),000137,FST_V_VI_Dark,0.2,1,0.9167303284950343,0.846262341325811
Full CG-Adapter (Ours),000137,FST_V_VI_Dark,0.2,2,0.966374269005848,0.9349363507779349
Full CG-Adapter (Ours),000137,FST_V_VI_Dark,0.2,3,0.9334298118668596,0.8751696065128901
Full CG-Adapter (Ours),000146,FST_V_VI_Dark,0.0,0,0.6071428571428571,0.4358974358974359
Full CG-Adapter (Ours),000146,FST_V_VI_Dark,0.2,1,0.591304347826087,0.41975308641975306
Full CG-Adapter (Ours),000146,FST_V_VI_Dark,0.2,2,0.5307692307692308,0.3612565445026178
Full CG-Adapter (Ours),000146,FST_V_VI_Dark,0.2,3,0.5903083700440529,0.41875
Full CG-Adapter (Ours),000152,FST_V_VI_Dark,0.0,0,0.8351648351648352,0.7169811320754716
Full CG-Adapter (Ours),000152,FST_V_VI_Dark,0.2,1,0.8351648351648352,0.7169811320754716
Full CG-Adapter (Ours),000152,FST_V_VI_Dark,0.2,2,0.8342245989304813,0.7155963302752294
Full CG-Adapter (Ours),000152,FST_V_VI_Dark,0.2,3,0.8082901554404145,0.6782608695652174
Full CG-Adapter (Ours),000153,FST_V_VI_Dark,0.0,0,0.9274725274725275,0.8647540983606558
Full CG-Adapter (Ours),000153,FST_V_VI_Dark,0.2,1,0.9359823399558499,0.8796680497925311
Full CG-Adapter (Ours),000153,FST_V_VI_Dark,0.2,2,0.9200863930885529,0.852
Full CG-Adapter (Ours),000153,FST_V_VI_Dark,0.2,3,0.9126637554585153,0.8393574297188755
Full CG-Adapter (Ours),000160,FST_V_VI_Dark,0.0,0,0.9432071269487751,0.8925184404636459
Full CG-Adapter (Ours),000160,FST_V_VI_Dark,0.2,1,0.9040462427745665,0.8248945147679325
Full CG-Adapter (Ours),000160,FST_V_VI_Dark,0.2,2,0.9405940594059405,0.8878504672897196
Full CG-Adapter (Ours),000160,FST_V_VI_Dark,0.2,3,0.9375,0.8823529411764706
Full CG-Adapter (Ours),000163,FST_V_VI_Dark,0.0,0,0.7701564380264742,0.6262230919765166
Full CG-Adapter (Ours),000163,FST_V_VI_Dark,0.2,1,0.7005780346820809,0.5391459074733096
Full CG-Adapter (Ours),000163,FST_V_VI_Dark,0.2,2,0.715,0.556420233463035
Full CG-Adapter (Ours),000163,FST_V_VI_Dark,0.2,3,0.8039647577092511,0.6721915285451197
Full CG-Adapter (Ours),000170,FST_V_VI_Dark,0.0,0,0.9127105666156202,0.8394366197183099
Full CG-Adapter (Ours),000170,FST_V_VI_Dark,0.2,1,0.8080200501253133,0.6778805719091674
Full CG-Adapter (Ours),000170,FST_V_VI_Dark,0.2,2,0.9209121785540999,0.8534172661870504
Full CG-Adapter (Ours),000170,FST_V_VI_Dark,0.2,3,0.8480626904658249,0.7362055933484505
Full CG-Adapter (Ours),000171,FST_V_VI_Dark,0.0,0,0.8,0.6666666666666666
Full CG-Adapter (Ours),000171,FST_V_VI_Dark,0.2,1,0.6396396396396397,0.47019867549668876
Full CG-Adapter (Ours),000171,FST_V_VI_Dark,0.2,2,0.7320754716981132,0.5773809523809523
Full CG-Adapter (Ours),000171,FST_V_VI_Dark,0.2,3,0.7510917030567685,0.6013986013986014
Full CG-Adapter (Ours),000172,FST_V_VI_Dark,0.0,0,0.9766759656035202,0.9544151537294138
Full CG-Adapter (Ours),000172,FST_V_VI_Dark,0.2,1,0.9357367199235286,0.8792342434818312
Full CG-Adapter (Ours),000172,FST_V_VI_Dark,0.2,2,0.9711791878028736,0.9439731159100926
Full CG-Adapter (Ours),000172,FST_V_VI_Dark,0.2,3,0.8748742762388887,0.7775791253926069
Full CG-Adapter (Ours),000181,FST_V_VI_Dark,0.0,0,0.8374384236453202,0.7203389830508474
Full CG-Adapter (Ours),000181,FST_V_VI_Dark,0.2,1,0.7761194029850746,0.6341463414634146
Full CG-Adapter (Ours),000181,FST_V_VI_Dark,0.2,2,0.8847926267281107,0.7933884297520661
Full CG-Adapter (Ours),000181,FST_V_VI_Dark,0.2,3,0.8148148148148148,0.6875
Full CG-Adapter (Ours),000190,FST_V_VI_Dark,0.0,0,0.8728991596638656,0.7744641192917054
Full CG-Adapter (Ours),000190,FST_V_VI_Dark,0.2,1,0.7178082191780822,0.5598290598290598
Full CG-Adapter (Ours),000190,FST_V_VI_Dark,0.2,2,0.8468734613490891,0.7344150298889838
Full CG-Adapter (Ours),000190,FST_V_VI_Dark,0.2,3,0.8033732800710164,0.6713649851632048
Full CG-Adapter (Ours),000192,FST_V_VI_Dark,0.0,0,0.7441860465116279,0.5925925925925926
Full CG-Adapter (Ours),000192,FST_V_VI_Dark,0.2,1,0.6514084507042254,0.4830287206266319
Full CG-Adapter (Ours),000192,FST_V_VI_Dark,0.2,2,0.8165289256198347,0.6899441340782123
Full CG-Adapter (Ours),000192,FST_V_VI_Dark,0.2,3,0.7805695142378559,0.6401098901098901
Full CG-Adapter (Ours),000195,FST_V_VI_Dark,0.0,0,0.8768472906403941,0.7807017543859649
Full CG-Adapter (Ours),000195,FST_V_VI_Dark,0.2,1,0.7405660377358491,0.5880149812734082
Full CG-Adapter (Ours),000195,FST_V_VI_Dark,0.2,2,0.8623024830699775,0.7579365079365079
Full CG-Adapter (Ours),000195,FST_V_VI_Dark,0.2,3,0.8523809523809524,0.7427385892116183
Full CG-Adapter (Ours),000200,FST_V_VI_Dark,0.0,0,0.7974630021141649,0.6631504922644164
Full CG-Adapter (Ours),000200,FST_V_VI_Dark,0.2,1,0.6822689408964696,0.5177603853100542
Full CG-Adapter (Ours),000200,FST_V_VI_Dark,0.2,2,0.7971973530556636,0.6627831715210356
Full CG-Adapter (Ours),000200,FST_V_VI_Dark,0.2,3,0.7867887508175277,0.6485175202156335
Full CG-Adapter (Ours),000202,FST_V_VI_Dark,0.0,0,0.9406635071090047,0.8879742304939156
Full CG-Adapter (Ours),000202,FST_V_VI_Dark,0.2,1,0.8441157631165201,0.7302770780856424
Full CG-Adapter (Ours),000202,FST_V_VI_Dark,0.2,2,0.8793324775353016,0.7846506300114547
Full CG-Adapter (Ours),000202,FST_V_VI_Dark,0.2,3,0.8988669744020142,0.8163109756097561
Full CG-Adapter (Ours),000206,FST_V_VI_Dark,0.0,0,0.9519774011299436,0.9083557951482479
Full CG-Adapter (Ours),000206,FST_V_VI_Dark,0.2,1,0.8908170643528561,0.803129074315515
Full CG-Adapter (Ours),000206,FST_V_VI_Dark,0.2,2,0.9523809523809523,0.9090909090909091
Full CG-Adapter (Ours),000206,FST_V_VI_Dark,0.2,3,0.9402985074626866,0.8873239436619719
Full CG-Adapter (Ours),000207,FST_V_VI_Dark,0.0,0,0.8067226890756303,0.676056338028169
Full CG-Adapter (Ours),000207,FST_V_VI_Dark,0.2,1,0.6504065040650406,0.4819277108433735
Full CG-Adapter (Ours),000207,FST_V_VI_Dark,0.2,2,0.828125,0.7066666666666667
Full CG-Adapter (Ours),000207,FST_V_VI_Dark,0.2,3,0.8840579710144928,0.7922077922077922
Full CG-Adapter (Ours),000208,FST_V_VI_Dark,0.0,0,0.7365853658536585,0.583011583011583
Full CG-Adapter (Ours),000208,FST_V_VI_Dark,0.2,1,0.7208121827411168,0.5634920634920635
Full CG-Adapter (Ours),000208,FST_V_VI_Dark,0.2,2,0.720763723150358,0.5634328358208955
Full CG-Adapter (Ours),000208,FST_V_VI_Dark,0.2,3,0.6593886462882096,0.49185667752442996
Full CG-Adapter (Ours),000214,FST_V_VI_Dark,0.0,0,0.8057142857142857,0.6746411483253588
Full CG-Adapter (Ours),000214,FST_V_VI_Dark,0.2,1,0.772972972972973,0.6299559471365639
Full CG-Adapter (Ours),000214,FST_V_VI_Dark,0.2,2,0.8011049723756906,0.6682027649769585
Full CG-Adapter (Ours),000214,FST_V_VI_Dark,0.2,3,0.7912087912087912,0.6545454545454545
Full CG-Adapter (Ours),000215,FST_V_VI_Dark,0.0,0,0.7108433734939759,0.5514018691588785
Full CG-Adapter (Ours),000215,FST_V_VI_Dark,0.2,1,0.7428571428571429,0.5909090909090909
Full CG-Adapter (Ours),000215,FST_V_VI_Dark,0.2,2,0.7624309392265194,0.6160714285714286
Full CG-Adapter (Ours),000215,FST_V_VI_Dark,0.2,3,0.6892655367231638,0.5258620689655172
Full CG-Adapter (Ours),000216,FST_V_VI_Dark,0.0,0,0.9718554088301987,0.9452516865594188
Full CG-Adapter (Ours),000216,FST_V_VI_Dark,0.2,1,0.9163302241403314,0.8455806783144912
Full CG-Adapter (Ours),000216,FST_V_VI_Dark,0.2,2,0.9588434488147956,0.9209407055291469
Full CG-Adapter (Ours),000216,FST_V_VI_Dark,0.2,3,0.9640417579584998,0.9305797462055238
Full CG-Adapter (Ours),000226,FST_V_VI_Dark,0.0,0,0.9141856392294221,0.8419354838709677
Full CG-Adapter (Ours),000226,FST_V_VI_Dark,0.2,1,0.8409090909090909,0.7254901960784313
Full CG-Adapter (Ours),000226,FST_V_VI_Dark,0.2,2,0.906896551724138,0.8296529968454258
Full CG-Adapter (Ours),000226,FST_V_VI_Dark,0.2,3,0.9155844155844156,0.844311377245509
Full CG-Adapter (Ours),000231,FST_V_VI_Dark,0.0,0,0.8623853211009175,0.7580645161290323
Full CG-Adapter (Ours),000231,FST_V_VI_Dark,0.2,1,0.7433380084151473,0.5915178571428571
Full CG-Adapter (Ours),000231,FST_V_VI_Dark,0.2,2,0.8287581699346406,0.7075892857142857
Full CG-Adapter (Ours),000231,FST_V_VI_Dark,0.2,3,0.745049504950495,0.5936883629191322
Full CG-Adapter (Ours),000232,FST_V_VI_Dark,0.0,0,0.8988529718456726,0.8162878787878788
Full CG-Adapter (Ours),000232,FST_V_VI_Dark,0.2,1,0.9085106382978724,0.8323586744639376
Full CG-Adapter (Ours),000232,FST_V_VI_Dark,0.2,2,0.8875192604006163,0.7977839335180056
Full CG-Adapter (Ours),000232,FST_V_VI_Dark,0.2,3,0.8545816733067729,0.7460869565217392
Full CG-Adapter (Ours),000233,FST_V_VI_Dark,0.0,0,0.7189973614775725,0.5612770339855818
Full CG-Adapter (Ours),000233,FST_V_VI_Dark,0.2,1,0.5639426076107299,0.39270199826238056
Full CG-Adapter (Ours),000233,FST_V_VI_Dark,0.2,2,0.7541183648566199,0.6052889324191969
Full CG-Adapter (Ours),000233,FST_V_VI_Dark,0.2,3,0.830367734282325,0.7099391480730223
Full CG-Adapter (Ours),000239,FST_V_VI_Dark,0.0,0,0.6949152542372882,0.5324675324675324
Full CG-Adapter (Ours),000239,FST_V_VI_Dark,0.2,1,0.704521556256572,0.5438311688311688
Full CG-Adapter (Ours),000239,FST_V_VI_Dark,0.2,2,0.7285861713106295,0.573051948051948
Full CG-Adapter (Ours),000239,FST_V_VI_Dark,0.2,3,0.7605633802816901,0.6136363636363636
Full CG-Adapter (Ours),000241,FST_V_VI_Dark,0.0,0,0.8803691870784522,0.7863031071655041
Full CG-Adapter (Ours),000241,FST_V_VI_Dark,0.2,1,0.6597421203438395,0.4922501336183859
Full CG-Adapter (Ours),000241,FST_V_VI_Dark,0.2,2,0.8491083676268861,0.7377830750893921
Full CG-Adapter (Ours),000241,FST_V_VI_Dark,0.2,3,0.8301493574157693,0.7096199524940617
Full CG-Adapter (Ours),000242,FST_V_VI_Dark,0.0,0,0.2363161332462443,0.13399007480927339
Full CG-Adapter (Ours),000242,FST_V_VI_Dark,0.2,1,0.21327805608337652,0.11936835320657428
Full CG-Adapter (Ours),000242,FST_V_VI_Dark,0.2,2,0.16438798578964367,0.08955486481731277
Full CG-Adapter (Ours),000242,FST_V_VI_Dark,0.2,3,0.20237967627827205,0.1125819916517591
Full CG-Adapter (Ours),000246,FST_V_VI_Dark,0.0,0,0.9215686274509803,0.8545454545454545
Full CG-Adapter (Ours),000246,FST_V_VI_Dark,0.2,1,0.8086124401913876,0.678714859437751
Full CG-Adapter (Ours),000246,FST_V_VI_Dark,0.2,2,0.8482142857142857,0.7364341085271318
Full CG-Adapter (Ours),000246,FST_V_VI_Dark,0.2,3,0.8269230769230769,0.7049180327868853
Full CG-Adapter (Ours),000247,FST_V_VI_Dark,0.0,0,0.7970204841713222,0.6625386996904025
Full CG-Adapter (Ours),000247,FST_V_VI_Dark,0.2,1,0.8913385826771654,0.8039772727272727
Full CG-Adapter (Ours),000247,FST_V_VI_Dark,0.2,2,0.7823008849557522,0.6424418604651163
Full CG-Adapter (Ours),000247,FST_V_VI_Dark,0.2,3,0.7104795737122558,0.5509641873278237
Constant Gate (gamma = 1.0),000044,FST_I_II_Light,0.0,0,0.9315789473684211,0.8719211822660099
Constant Gate (gamma = 1.0),000044,FST_I_II_Light,0.2,1,0.848596256684492,0.737010159651669
Constant Gate (gamma = 1.0),000044,FST_I_II_Light,0.2,2,0.871510152284264,0.7722800112454316
Constant Gate (gamma = 1.0),000044,FST_I_II_Light,0.2,3,0.7984802912775052,0.6645586297760211
Constant Gate (gamma = 1.0),000260,FST_I_II_Light,0.0,0,0.8475991649269311,0.7355072463768116
Constant Gate (gamma = 1.0),000260,FST_I_II_Light,0.2,1,0.7888675623800384,0.6513470681458003
Constant Gate (gamma = 1.0),000260,FST_I_II_Light,0.2,2,0.8551724137931035,0.7469879518072289
Constant Gate (gamma = 1.0),000260,FST_I_II_Light,0.2,3,0.781042654028436,0.640746500777605
Constant Gate (gamma = 1.0),000261,FST_I_II_Light,0.0,0,0.9202733485193622,0.8523206751054853
Constant Gate (gamma = 1.0),000261,FST_I_II_Light,0.2,1,0.851581508515815,0.7415254237288136
Constant Gate (gamma = 1.0),000261,FST_I_II_Light,0.2,2,0.8869565217391304,0.796875
Constant Gate (gamma = 1.0),000261,FST_I_II_Light,0.2,3,0.8486140724946695,0.737037037037037
Constant Gate (gamma = 1.0),000265,FST_I_II_Light,0.0,0,0.912480252764613,0.8390470656595003
Constant Gate (gamma = 1.0),000265,FST_I_II_Light,0.2,1,0.8872517616912236,0.7973517559009787
Constant Gate (gamma = 1.0),000265,FST_I_II_Light,0.2,2,0.8818897637795275,0.7887323943661971
Constant Gate (gamma = 1.0),000265,FST_I_II_Light,0.2,3,0.8597122302158273,0.7539432176656151
Constant Gate (gamma = 1.0),000270,FST_I_II_Light,0.0,0,0.8705234159779615,0.7707317073170732
Constant Gate (gamma = 1.0),000270,FST_I_II_Light,0.2,1,0.6096256684491979,0.43846153846153846
Constant Gate (gamma = 1.0),000270,FST_I_II_Light,0.2,2,0.8548812664907651,0.7465437788018433
Constant Gate (gamma = 1.0),000270,FST_I_II_Light,0.2,3,0.8555555555555555,0.7475728155339806
Constant Gate (gamma = 1.0),000273,FST_I_II_Light,0.0,0,0.8666666666666667,0.7647058823529411
Constant Gate (gamma = 1.0),000273,FST_I_II_Light,0.2,1,0.7482014388489209,0.5977011494252874
Constant Gate (gamma = 1.0),000273,FST_I_II_Light,0.2,2,0.9210526315789473,0.8536585365853658
Constant Gate (gamma = 1.0),000273,FST_I_II_Light,0.2,3,0.8654970760233918,0.7628865979381443
Constant Gate (gamma = 1.0),000274,FST_I_II_Light,0.0,0,0.803921568627451,0.6721311475409836
Constant Gate (gamma = 1.0),000274,FST_I_II_Light,0.2,1,0.638095238095238,0.46853146853146854
Constant Gate (gamma = 1.0),000274,FST_I_II_Light,0.2,2,0.8053097345132744,0.674074074074074
Constant Gate (gamma = 1.0),000274,FST_I_II_Light,0.2,3,0.8530805687203792,0.743801652892562
Constant Gate (gamma = 1.0),000275,FST_I_II_Light,0.0,0,0.8365180467091295,0.718978102189781
Constant Gate (gamma = 1.0),000275,FST_I_II_Light,0.2,1,0.8466522678185745,0.7340823970037453
Constant Gate (gamma = 1.0),000275,FST_I_II_Light,0.2,2,0.8191268191268192,0.6936619718309859
Constant Gate (gamma = 1.0),000275,FST_I_II_Light,0.2,3,0.8356997971602435,0.7177700348432056
Constant Gate (gamma = 1.0),000278,FST_I_II_Light,0.0,0,0.8818897637795275,0.7887323943661971
Constant Gate (gamma = 1.0),000278,FST_I_II_Light,0.2,1,0.8684324793747286,0.7674597083653109
Constant Gate (gamma = 1.0),000278,FST_I_II_Light,0.2,2,0.8927108927108927,0.8062130177514792
Constant Gate (gamma = 1.0),000278,FST_I_II_Light,0.2,3,0.8812199036918138,0.787661406025825
Constant Gate (gamma = 1.0),000280,FST_I_II_Light,0.0,0,0.7661691542288557,0.6209677419354839
Constant Gate (gamma = 1.0),000280,FST_I_II_Light,0.2,1,0.6387434554973822,0.46923076923076923
Constant Gate (gamma = 1.0),000280,FST_I_II_Light,0.2,2,0.75,0.6
Constant Gate (gamma = 1.0),000280,FST_I_II_Light,0.2,3,0.7439613526570048,0.5923076923076923
Constant Gate (gamma = 1.0),000283,FST_I_II_Light,0.0,0,0.8146964856230032,0.6873315363881402
Constant Gate (gamma = 1.0),000283,FST_I_II_Light,0.2,1,0.7250384024577573,0.5686746987951807
Constant Gate (gamma = 1.0),000283,FST_I_II_Light,0.2,2,0.7560240963855421,0.6077481840193705
Constant Gate (gamma = 1.0),000283,FST_I_II_Light,0.2,3,0.8118195956454122,0.6832460732984293
Constant Gate (gamma = 1.0),000284,FST_I_II_Light,0.0,0,0.9269627446853294,0.8638681836014123
Constant Gate (gamma = 1.0),000284,FST_I_II_Light,0.2,1,0.8956906967378172,0.8110867979576951
Constant Gate (gamma = 1.0),000284,FST_I_II_Light,0.2,2,0.8781836130306022,0.7828229496656107
Constant Gate (gamma = 1.0),000284,FST_I_II_Light,0.2,3,0.9081013188193426,0.8316717791411042
Constant Gate (gamma = 1.0),000288,FST_I_II_Light,0.0,0,0.8611670020120724,0.7561837455830389
Constant Gate (gamma = 1.0),000288,FST_I_II_Light,0.2,1,0.8687615526802218,0.7679738562091504
Constant Gate (gamma = 1.0),000288,FST_I_II_Light,0.2,2,0.8461538461538461,0.7333333333333333
Constant Gate (gamma = 1.0),000288,FST_I_II_Light,0.2,3,0.6937394247038917,0.5310880829015544
Constant Gate (gamma = 1.0),000292,FST_I_II_Light,0.0,0,0.9161531690140845,0.8452791878172589
Constant Gate (gamma = 1.0),000292,FST_I_II_Light,0.2,1,0.8596721311475409,0.7538815411155837
Constant Gate (gamma = 1.0),000292,FST_I_II_Light,0.2,2,0.8810063930707362,0.7873203096203465
Constant Gate (gamma = 1.0),000292,FST_I_II_Light,0.2,3,0.8594428556297002,0.7535289747399703
Constant Gate (gamma = 1.0),000294,FST_I_II_Light,0.0,0,0.8163265306122449,0.6896551724137931
Constant Gate (gamma = 1.0),000294,FST_I_II_Light,0.2,1,0.81,0.680672268907563
Constant Gate (gamma = 1.0),000294,FST_I_II_Light,0.2,2,0.8229665071770335,0.6991869918699187
Constant Gate (gamma = 1.0),000294,FST_I_II_Light,0.2,3,0.7731958762886598,0.6302521008403361
Constant Gate (gamma = 1.0),000303,FST_I_II_Light,0.0,0,0.7608695652173914,0.6140350877192983
Constant Gate (gamma = 1.0),000303,FST_I_II_Light,0.2,1,0.6928104575163399,0.53
Constant Gate (gamma = 1.0),000303,FST_I_II_Light,0.2,2,0.8048780487804879,0.673469387755102
Constant Gate (gamma = 1.0),000303,FST_I_II_Light,0.2,3,0.7795275590551181,0.6387096774193548
Constant Gate (gamma = 1.0),000304,FST_I_II_Light,0.0,0,0.9401947148817803,0.8871391076115486
Constant Gate (gamma = 1.0),000304,FST_I_II_Light,0.2,1,0.9171348314606742,0.8469520103761349
Constant Gate (gamma = 1.0),000304,FST_I_II_Light,0.2,2,0.9481686247408431,0.9014454664914586
Constant Gate (gamma = 1.0),000304,FST_I_II_Light,0.2,3,0.9233983286908078,0.8576972833117723
Constant Gate (gamma = 1.0),000305,FST_I_II_Light,0.0,0,0.746268656716418,0.5952380952380952
Constant Gate (gamma = 1.0),000305,FST_I_II_Light,0.2,1,0.6764705882352942,0.5111111111111111
Constant Gate (gamma = 1.0),000305,FST_I_II_Light,0.2,2,0.7222222222222222,0.5652173913043478
Constant Gate (gamma = 1.0),000305,FST_I_II_Light,0.2,3,0.7323943661971831,0.5777777777777777
Constant Gate (gamma = 1.0),000307,FST_I_II_Light,0.0,0,0.5636363636363636,0.3924050632911392
Constant Gate (gamma = 1.0),000307,FST_I_II_Light,0.2,1,0.5192307692307693,0.35064935064935066
Constant Gate (gamma = 1.0),000307,FST_I_II_Light,0.2,2,0.5196850393700787,0.35106382978723405
Constant Gate (gamma = 1.0),000307,FST_I_II_Light,0.2,3,0.4520547945205479,0.2920353982300885
Constant Gate (gamma = 1.0),000308,FST_I_II_Light,0.0,0,0.9613793103448276,0.9256308100929614
Constant Gate (gamma = 1.0),000308,FST_I_II_Light,0.2,1,0.9686493814607694,0.9392047321721985
Constant Gate (gamma = 1.0),000308,FST_I_II_Light,0.2,2,0.9729370745475676,0.9473003556417717
Constant Gate (gamma = 1.0),000308,FST_I_II_Light,0.2,3,0.9759704251386322,0.9530685920577617
Constant Gate (gamma = 1.0),000311,FST_I_II_Light,0.0,0,0.9016393442622951,0.8208955223880597
Constant Gate (gamma = 1.0),000311,FST_I_II_Light,0.2,1,0.8011204481792717,0.6682242990654206
Constant Gate (gamma = 1.0),000311,FST_I_II_Light,0.2,2,0.9033942558746736,0.8238095238095238
Constant Gate (gamma = 1.0),000311,FST_I_II_Light,0.2,3,0.8633879781420765,0.7596153846153846
Constant Gate (gamma = 1.0),000314,FST_I_II_Light,0.0,0,0.9326241134751773,0.8737541528239202
Constant Gate (gamma = 1.0),000314,FST_I_II_Light,0.2,1,0.9027522935779817,0.822742474916388
Constant Gate (gamma = 1.0),000314,FST_I_II_Light,0.2,2,0.906896551724138,0.8296529968454258
Constant Gate (gamma = 1.0),000314,FST_I_II_Light,0.2,3,0.9157894736842105,0.8446601941747572
Constant Gate (gamma = 1.0),000317,FST_I_II_Light,0.0,0,0.8160919540229885,0.6893203883495146
Constant Gate (gamma = 1.0),000317,FST_I_II_Light,0.2,1,0.7878787878787878,0.65
Constant Gate (gamma = 1.0),000317,FST_I_II_Light,0.2,2,0.8045977011494253,0.6730769230769231
Constant Gate (gamma = 1.0),000317,FST_I_II_Light,0.2,3,0.7593582887700535,0.6120689655172413
Constant Gate (gamma = 1.0),000321,FST_I_II_Light,0.0,0,0.9102167182662538,0.8352272727272727
Constant Gate (gamma = 1.0),000321,FST_I_II_Light,0.2,1,0.9156626506024096,0.8444444444444444
Constant Gate (gamma = 1.0),000321,FST_I_II_Light,0.2,2,0.8944099378881988,0.8089887640449438
Constant Gate (gamma = 1.0),000321,FST_I_II_Light,0.2,3,0.8855421686746988,0.7945945945945946
Constant Gate (gamma = 1.0),000323,FST_I_II_Light,0.0,0,0.886021505376344,0.7953667953667953
Constant Gate (gamma = 1.0),000323,FST_I_II_Light,0.2,1,0.832779623477298,0.713472485768501
Constant Gate (gamma = 1.0),000323,FST_I_II_Light,0.2,2,0.8851774530271399,0.7940074906367042
Constant Gate (gamma = 1.0),000323,FST_I_II_Light,0.2,3,0.9074446680080482,0.8305709023941068
Constant Gate (gamma = 1.0),000326,FST_I_II_Light,0.0,0,0.852589641434263,0.7430555555555556
Constant Gate (gamma = 1.0),000326,FST_I_II_Light,0.2,1,0.792,0.6556291390728477
Constant Gate (gamma = 1.0),000326,FST_I_II_Light,0.2,2,0.8339483394833949,0.7151898734177216
Constant Gate (gamma = 1.0),000326,FST_I_II_Light,0.2,3,0.8201438848920863,0.6951219512195121
Constant Gate (gamma = 1.0),000330,FST_I_II_Light,0.0,0,0.864516129032258,0.7613636363636364
Constant Gate (gamma = 1.0),000330,FST_I_II_Light,0.2,1,0.7665505226480837,0.6214689265536724
Constant Gate (gamma = 1.0),000330,FST_I_II_Light,0.2,2,0.8398791540785498,0.7239583333333334
Constant Gate (gamma = 1.0),000330,FST_I_II_Light,0.2,3,0.8496732026143791,0.7386363636363636
Constant Gate (gamma = 1.0),000335,FST_I_II_Light,0.0,0,0.8770273541515372,0.7809872817417547
Constant Gate (gamma = 1.0),000335,FST_I_II_Light,0.2,1,0.8284731949573412,0.7071739130434782
Constant Gate (gamma = 1.0),000335,FST_I_II_Light,0.2,2,0.8407359662486816,0.725232511120097
Constant Gate (gamma = 1.0),000335,FST_I_II_Light,0.2,3,0.8382269583947398,0.7215066354410616
Constant Gate (gamma = 1.0),000346,FST_I_II_Light,0.0,0,0.9634551495016611,0.9294871794871795
Constant Gate (gamma = 1.0),000346,FST_I_II_Light,0.2,1,0.9192982456140351,0.8506493506493507
Constant Gate (gamma = 1.0),000346,FST_I_II_Light,0.2,2,0.9419354838709677,0.8902439024390244
Constant Gate (gamma = 1.0),000346,FST_I_II_Light,0.2,3,0.86875,0.7679558011049724
Constant Gate (gamma = 1.0),000349,FST_I_II_Light,0.0,0,0.9365591397849462,0.8806875631951466
Constant Gate (gamma = 1.0),000349,FST_I_II_Light,0.2,1,0.7870826491516146,0.6489169675090253
Constant Gate (gamma = 1.0),000349,FST_I_II_Light,0.2,2,0.8554083885209713,0.7473481195756991
Constant Gate (gamma = 1.0),000349,FST_I_II_Light,0.2,3,0.8449612403100775,0.7315436241610739
Constant Gate (gamma = 1.0),000354,FST_I_II_Light,0.0,0,0.8710557070510323,0.7715665976535542
Constant Gate (gamma = 1.0),000354,FST_I_II_Light,0.2,1,0.7824701195219124,0.6426701570680629
Constant Gate (gamma = 1.0),000354,FST_I_II_Light,0.2,2,0.8783359497645212,0.7830650804758572
Constant Gate (gamma = 1.0),000354,FST_I_II_Light,0.2,3,0.8571428571428571,0.75
Constant Gate (gamma = 1.0),000355,FST_I_II_Light,0.0,0,0.9534679543459175,0.9110738255033557
Constant Gate (gamma = 1.0),000355,FST_I_II_Light,0.2,1,0.8,0.6666666666666666
Constant Gate (gamma = 1.0),000355,FST_I_II_Light,0.2,2,0.8994464944649446,0.8172673931265717
Constant Gate (gamma = 1.0),000355,FST_I_II_Light,0.2,3,0.8955839867932315,0.8109118086696562
Constant Gate (gamma = 1.0),000358,FST_I_II_Light,0.0,0,0.8153846153846154,0.6883116883116883
Constant Gate (gamma = 1.0),000358,FST_I_II_Light,0.2,1,0.867231638418079,0.7655860349127181
Constant Gate (gamma = 1.0),000358,FST_I_II_Light,0.2,2,0.8538011695906432,0.7448979591836735
Constant Gate (gamma = 1.0),000358,FST_I_II_Light,0.2,3,0.7749627421758569,0.6326034063260341
Constant Gate (gamma = 1.0),000366,FST_I_II_Light,0.0,0,0.7919966652771988,0.655624568668047
Constant Gate (gamma = 1.0),000366,FST_I_II_Light,0.2,1,0.7103490508266993,0.5508072174738842
Constant Gate (gamma = 1.0),000366,FST_I_II_Light,0.2,2,0.7734627831715211,0.6306068601583114
Constant Gate (gamma = 1.0),000366,FST_I_II_Light,0.2,3,0.7821927888153054,0.6422960725075528
Constant Gate (gamma = 1.0),000370,FST_I_II_Light,0.0,0,0.78,0.639344262295082
Constant Gate (gamma = 1.0),000370,FST_I_II_Light,0.2,1,0.8064992614475628,0.6757425742574258
Constant Gate (gamma = 1.0),000370,FST_I_II_Light,0.2,2,0.8549141965678627,0.7465940054495913
Constant Gate (gamma = 1.0),000370,FST_I_II_Light,0.2,3,0.7316341829085458,0.5768321513002365
Constant Gate (gamma = 1.0),000371,FST_I_II_Light,0.0,0,0.9251396648044693,0.8607068607068608
Constant Gate (gamma = 1.0),000371,FST_I_II_Light,0.2,1,0.8987485779294653,0.8161157024793388
Constant Gate (gamma = 1.0),000371,FST_I_II_Light,0.2,2,0.9385113268608414,0.8841463414634146
Constant Gate (gamma = 1.0),000371,FST_I_II_Light,0.2,3,0.9405405405405406,0.8877551020408163
Constant Gate (gamma = 1.0),000373,FST_I_II_Light,0.0,0,0.6796116504854369,0.5147058823529411
Constant Gate (gamma = 1.0),000373,FST_I_II_Light,0.2,1,0.6366782006920415,0.467005076142132
Constant Gate (gamma = 1.0),000373,FST_I_II_Light,0.2,2,0.6503067484662577,0.4818181818181818
Constant Gate (gamma = 1.0),000373,FST_I_II_Light,0.2,3,0.6583850931677019,0.49074074074074076
Constant Gate (gamma = 1.0),000375,FST_I_II_Light,0.0,0,0.7592190889370932,0.6118881118881119
Constant Gate (gamma = 1.0),000375,FST_I_II_Light,0.2,1,0.6533864541832669,0.48520710059171596
Constant Gate (gamma = 1.0),000375,FST_I_II_Light,0.2,2,0.7549407114624506,0.6063492063492063
Constant Gate (gamma = 1.0),000375,FST_I_II_Light,0.2,3,0.8185654008438819,0.6928571428571428
Constant Gate (gamma = 1.0),000377,FST_I_II_Light,0.0,0,0.8583690987124464,0.7518796992481203
Constant Gate (gamma = 1.0),000377,FST_I_II_Light,0.2,1,0.6854460093896714,0.5214285714285715
Constant Gate (gamma = 1.0),000377,FST_I_II_Light,0.2,2,0.8571428571428571,0.75
Constant Gate (gamma = 1.0),000377,FST_I_II_Light,0.2,3,0.87279843444227,0.7743055555555556
Constant Gate (gamma = 1.0),000381,FST_I_II_Light,0.0,0,0.9283489096573209,0.8662790697674418
Constant Gate (gamma = 1.0),000381,FST_I_II_Light,0.2,1,0.8330733229329174,0.713903743315508
Constant Gate (gamma = 1.0),000381,FST_I_II_Light,0.2,2,0.9380530973451328,0.8833333333333333
Constant Gate (gamma = 1.0),000381,FST_I_II_Light,0.2,3,0.9429892141756548,0.892128279883382
Constant Gate (gamma = 1.0),000386,FST_I_II_Light,0.0,0,0.8225806451612904,0.6986301369863014
Constant Gate (gamma = 1.0),000386,FST_I_II_Light,0.2,1,0.6954022988505747,0.5330396475770925
Constant Gate (gamma = 1.0),000386,FST_I_II_Light,0.2,2,0.8514851485148515,0.7413793103448276
Constant Gate (gamma = 1.0),000386,FST_I_II_Light,0.2,3,0.84,0.7241379310344828
Constant Gate (gamma = 1.0),000387,FST_I_II_Light,0.0,0,0.8625093914350113,0.7582562747688243
Constant Gate (gamma = 1.0),000387,FST_I_II_Light,0.2,1,0.7449933244325768,0.5936170212765958
Constant Gate (gamma = 1.0),000387,FST_I_II_Light,0.2,2,0.8580814717477004,0.7514384349827388
Constant Gate (gamma = 1.0),000387,FST_I_II_Light,0.2,3,0.8475609756097561,0.7354497354497355
Constant Gate (gamma = 1.0),000388,FST_I_II_Light,0.0,0,0.9293139293139293,0.8679611650485437
Constant Gate (gamma = 1.0),000388,FST_I_II_Light,0.2,1,0.8425624321389794,0.7279549718574109
Constant Gate (gamma = 1.0),000388,FST_I_II_Light,0.2,2,0.9326633165829146,0.8738229755178908
Constant Gate (gamma = 1.0),000388,FST_I_II_Light,0.2,3,0.9382198952879581,0.883629191321499
Constant Gate (gamma = 1.0),000389,FST_I_II_Light,0.0,0,0.7927927927927928,0.6567164179104478
Constant Gate (gamma = 1.0),000389,FST_I_II_Light,0.2,1,0.8316831683168316,0.711864406779661
Constant Gate (gamma = 1.0),000389,FST_I_II_Light,0.2,2,0.8073394495412844,0.676923076923077
Constant Gate (gamma = 1.0),000389,FST_I_II_Light,0.2,3,0.734375,0.5802469135802469
Constant Gate (gamma = 1.0),000390,FST_I_II_Light,0.0,0,0.807843137254902,0.6776315789473685
Constant Gate (gamma = 1.0),000390,FST_I_II_Light,0.2,1,0.8174904942965779,0.6913183279742765
Constant Gate (gamma = 1.0),000390,FST_I_II_Light,0.2,2,0.9246231155778895,0.8598130841121495
Constant Gate (gamma = 1.0),000390,FST_I_II_Light,0.2,3,0.8266666666666667,0.7045454545454546
Constant Gate (gamma = 1.0),000391,FST_I_II_Light,0.0,0,0.7828162291169452,0.6431372549019608
Constant Gate (gamma = 1.0),000391,FST_I_II_Light,0.2,1,0.7435294117647059,0.5917602996254682
Constant Gate (gamma = 1.0),000391,FST_I_II_Light,0.2,2,0.7832512315270936,0.6437246963562753
Constant Gate (gamma = 1.0),000391,FST_I_II_Light,0.2,3,0.7785547785547785,0.6374045801526718
Constant Gate (gamma = 1.0),000395,FST_I_II_Light,0.0,0,0.8740157480314961,0.7762237762237763
Constant Gate (gamma = 1.0),000395,FST_I_II_Light,0.2,1,0.8300395256916996,0.7094594594594594
Constant Gate (gamma = 1.0),000395,FST_I_II_Light,0.2,2,0.8854961832061069,0.7945205479452054
Constant Gate (gamma = 1.0),000395,FST_I_II_Light,0.2,3,0.8897338403041825,0.8013698630136986
Constant Gate (gamma = 1.0),000403,FST_I_II_Light,0.0,0,0.8989838613269575,0.8165038002171553
Constant Gate (gamma = 1.0),000403,FST_I_II_Light,0.2,1,0.8288060644346178,0.7076591154261057
Constant Gate (gamma = 1.0),000403,FST_I_II_Light,0.2,2,0.9095951192457016,0.8341810783316378
Constant Gate (gamma = 1.0),000403,FST_I_II_Light,0.2,3,0.8951965065502183,0.8102766798418972
Constant Gate (gamma = 1.0),000405,FST_I_II_Light,0.0,0,0.92534281361097,0.8610586011342155
Constant Gate (gamma = 1.0),000405,FST_I_II_Light,0.2,1,0.7511835875854813,0.6015164279696714
Constant Gate (gamma = 1.0),000405,FST_I_II_Light,0.2,2,0.9222748815165877,0.8557607739665787
Constant Gate (gamma = 1.0),000405,FST_I_II_Light,0.2,3,0.9011406844106464,0.8200692041522492
Constant Gate (gamma = 1.0),000406,FST_I_II_Light,0.0,0,0.9116874934369421,0.8377074488614434
Constant Gate (gamma = 1.0),000406,FST_I_II_Light,0.2,1,0.857709987463435,0.7508688494603988
Constant Gate (gamma = 1.0),000406,FST_I_II_Light,0.2,2,0.8838735335056671,0.7919116337074649
Constant Gate (gamma = 1.0),000406,FST_I_II_Light,0.2,3,0.8171870294147174,0.6908843999320998
Constant Gate (gamma = 1.0),000407,FST_I_II_Light,0.0,0,0.8785714285714286,0.7834394904458599
Constant Gate (gamma = 1.0),000407,FST_I_II_Light,0.2,1,0.8356164383561644,0.7176470588235294
Constant Gate (gamma = 1.0),000407,FST_I_II_Light,0.2,2,0.8333333333333334,0.7142857142857143
Constant Gate (gamma = 1.0),000407,FST_I_II_Light,0.2,3,0.9150326797385621,0.8433734939759037
Constant Gate (gamma = 1.0),000408,FST_I_II_Light,0.0,0,0.7867298578199052,0.6484375
Constant Gate (gamma = 1.0),000408,FST_I_II_Light,0.2,1,0.7511737089201878,0.6015037593984962
Constant Gate (gamma = 1.0),000408,FST_I_II_Light,0.2,2,0.8018867924528302,0.6692913385826772
Constant Gate (gamma = 1.0),000408,FST_I_II_Light,0.2,3,0.726530612244898,0.5705128205128205
Constant Gate (gamma = 1.0),000411,FST_I_II_Light,0.0,0,0.8530805687203792,0.743801652892562
Constant Gate (gamma = 1.0),000411,FST_I_II_Light,0.2,1,0.8598130841121495,0.7540983606557377
Constant Gate (gamma = 1.0),000411,FST_I_II_Light,0.2,2,0.8348623853211009,0.7165354330708661
Constant Gate (gamma = 1.0),000411,FST_I_II_Light,0.2,3,0.774468085106383,0.6319444444444444
Constant Gate (gamma = 1.0),000415,FST_I_II_Light,0.0,0,0.9403606102635229,0.887434554973822
Constant Gate (gamma = 1.0),000415,FST_I_II_Light,0.2,1,0.941970310391363,0.8903061224489796
Constant Gate (gamma = 1.0),000415,FST_I_II_Light,0.2,2,0.9378839590443686,0.8830334190231363
Constant Gate (gamma = 1.0),000415,FST_I_II_Light,0.2,3,0.938255033557047,0.8836915297092288
Constant Gate (gamma = 1.0),000417,FST_I_II_Light,0.0,0,0.839041095890411,0.7227138643067846
Constant Gate (gamma = 1.0),000417,FST_I_II_Light,0.2,1,0.7210031347962382,0.5637254901960784
Constant Gate (gamma = 1.0),000417,FST_I_II_Light,0.2,2,0.7687213448802853,0.6243276789408357
Constant Gate (gamma = 1.0),000417,FST_I_II_Light,0.2,3,0.826074415921546,0.7036855036855036
Constant Gate (gamma = 1.0),000422,FST_I_II_Light,0.0,0,0.8373702422145328,0.7202380952380952
Constant Gate (gamma = 1.0),000422,FST_I_II_Light,0.2,1,0.7222222222222222,0.5652173913043478
Constant Gate (gamma = 1.0),000422,FST_I_II_Light,0.2,2,0.8417721518987342,0.726775956284153
Constant Gate (gamma = 1.0),000422,FST_I_II_Light,0.2,3,0.9023569023569024,0.8220858895705522
Constant Gate (gamma = 1.0),000433,FST_I_II_Light,0.0,0,0.9047619047619048,0.8260869565217391
Constant Gate (gamma = 1.0),000433,FST_I_II_Light,0.2,1,0.8943089430894309,0.8088235294117647
Constant Gate (gamma = 1.0),000433,FST_I_II_Light,0.2,2,0.9105691056910569,0.835820895522388
Constant Gate (gamma = 1.0),000433,FST_I_II_Light,0.2,3,0.8354430379746836,0.717391304347826
Constant Gate (gamma = 1.0),000438,FST_I_II_Light,0.0,0,0.6746987951807228,0.509090909090909
Constant Gate (gamma = 1.0),000438,FST_I_II_Light,0.2,1,0.5909090909090909,0.41935483870967744
Constant Gate (gamma = 1.0),000438,FST_I_II_Light,0.2,2,0.6588235294117647,0.49122807017543857
Constant Gate (gamma = 1.0),000438,FST_I_II_Light,0.2,3,0.6588235294117647,0.49122807017543857
Constant Gate (gamma = 1.0),000439,FST_I_II_Light,0.0,0,0.6666666666666666,0.5
Constant Gate (gamma = 1.0),000439,FST_I_II_Light,0.2,1,0.6457399103139013,0.4768211920529801
Constant Gate (gamma = 1.0),000439,FST_I_II_Light,0.2,2,0.6637554585152838,0.49673202614379086
Constant Gate (gamma = 1.0),000439,FST_I_II_Light,0.2,3,0.7027027027027027,0.5416666666666666
Constant Gate (gamma = 1.0),000010,FST_III_IV_Medium,0.0,0,0.8783433994823123,0.7830769230769231
Constant Gate (gamma = 1.0),000010,FST_III_IV_Medium,0.2,1,0.8152645273200347,0.6881405563689604
Constant Gate (gamma = 1.0),000010,FST_III_IV_Medium,0.2,2,0.8632974316487159,0.7594752186588921
Constant Gate (gamma = 1.0),000010,FST_III_IV_Medium,0.2,3,0.8659265584970111,0.7635542168674698
Constant Gate (gamma = 1.0),000057,FST_III_IV_Medium,0.0,0,0.8684684684684685,0.767515923566879
Constant Gate (gamma = 1.0),000057,FST_III_IV_Medium,0.2,1,0.7657992565055762,0.6204819277108434
Constant Gate (gamma = 1.0),000057,FST_III_IV_Medium,0.2,2,0.9084380610412927,0.8322368421052632
Constant Gate (gamma = 1.0),000057,FST_III_IV_Medium,0.2,3,0.8098360655737705,0.6804407713498623
Constant Gate (gamma = 1.0),000064,FST_III_IV_Medium,0.0,0,0.8619173262972736,0.7573415765069552
Constant Gate (gamma = 1.0),000064,FST_III_IV_Medium,0.2,1,0.7996306555863343,0.6661538461538462
Constant Gate (gamma = 1.0),000064,FST_III_IV_Medium,0.2,2,0.824212271973466,0.7009873060648801
Constant Gate (gamma = 1.0),000064,FST_III_IV_Medium,0.2,3,0.8051063829787234,0.6737891737891738
Constant Gate (gamma = 1.0),000070,FST_III_IV_Medium,0.0,0,0.9604700854700855,0.9239465570400822
Constant Gate (gamma = 1.0),000070,FST_III_IV_Medium,0.2,1,0.7992037820353322,0.6655615416493991
Constant Gate (gamma = 1.0),000070,FST_III_IV_Medium,0.2,2,0.9105568153187201,0.8358001850138761
Constant Gate (gamma = 1.0),000070,FST_III_IV_Medium,0.2,3,0.8527169904106221,0.7432490355765109
Constant Gate (gamma = 1.0),000099,FST_III_IV_Medium,0.0,0,0.7443946188340808,0.5928571428571429
Constant Gate (gamma = 1.0),000099,FST_III_IV_Medium,0.2,1,0.6037735849056604,0.43243243243243246
Constant Gate (gamma = 1.0),000099,FST_III_IV_Medium,0.2,2,0.6963562753036437,0.5341614906832298
Constant Gate (gamma = 1.0),000099,FST_III_IV_Medium,0.2,3,0.7589285714285714,0.6115107913669064
Constant Gate (gamma = 1.0),000100,FST_III_IV_Medium,0.0,0,0.8603435399551904,0.7549148099606815
Constant Gate (gamma = 1.0),000100,FST_III_IV_Medium,0.2,1,0.8503086419753086,0.7395973154362416
Constant Gate (gamma = 1.0),000100,FST_III_IV_Medium,0.2,2,0.8821349147516679,0.7891246684350133
Constant Gate (gamma = 1.0),000100,FST_III_IV_Medium,0.2,3,0.8415977961432507,0.7265160523186682
Constant Gate (gamma = 1.0),000110,FST_III_IV_Medium,0.0,0,0.8429752066115702,0.7285714285714285
Constant Gate (gamma = 1.0),000110,FST_III_IV_Medium,0.2,1,0.8305084745762712,0.7101449275362319
Constant Gate (gamma = 1.0),000110,FST_III_IV_Medium,0.2,2,0.8032786885245902,0.6712328767123288
Constant Gate (gamma = 1.0),000110,FST_III_IV_Medium,0.2,3,0.8217054263565892,0.6973684210526315
Constant Gate (gamma = 1.0),000184,FST_III_IV_Medium,0.0,0,0.6493506493506493,0.4807692307692308
Constant Gate (gamma = 1.0),000184,FST_III_IV_Medium,0.2,1,0.5405405405405406,0.37037037037037035
Constant Gate (gamma = 1.0),000184,FST_III_IV_Medium,0.2,2,0.5730994152046783,0.4016393442622951
Constant Gate (gamma = 1.0),000184,FST_III_IV_Medium,0.2,3,0.711864406779661,0.5526315789473685
Constant Gate (gamma = 1.0),000194,FST_III_IV_Medium,0.0,0,0.906962415280345,0.8297632468996617
Constant Gate (gamma = 1.0),000194,FST_III_IV_Medium,0.2,1,0.8137847642079806,0.6860346585117227
Constant Gate (gamma = 1.0),000194,FST_III_IV_Medium,0.2,2,0.8625866050808314,0.7583756345177665
Constant Gate (gamma = 1.0),000194,FST_III_IV_Medium,0.2,3,0.833943833943834,0.7151832460732984
Constant Gate (gamma = 1.0),000224,FST_III_IV_Medium,0.0,0,0.94109396914446,0.8887417218543047
Constant Gate (gamma = 1.0),000224,FST_III_IV_Medium,0.2,1,0.9371508379888268,0.8817345597897503
Constant Gate (gamma = 1.0),000224,FST_III_IV_Medium,0.2,2,0.9390756302521008,0.8851485148514852
Constant Gate (gamma = 1.0),000224,FST_III_IV_Medium,0.2,3,0.9499136442141624,0.9046052631578947
Constant Gate (gamma = 1.0),000243,FST_III_IV_Medium,0.0,0,0.7692307692307693,0.625
Constant Gate (gamma = 1.0),000243,FST_III_IV_Medium,0.2,1,0.7192982456140351,0.5616438356164384
Constant Gate (gamma = 1.0),000243,FST_III_IV_Medium,0.2,2,0.6976744186046512,0.5357142857142857
Constant Gate (gamma = 1.0),000243,FST_III_IV_Medium,0.2,3,0.7142857142857143,0.5555555555555556
Constant Gate (gamma = 1.0),000443,FST_III_IV_Medium,0.0,0,0.9273858921161826,0.8646034816247582
Constant Gate (gamma = 1.0),000443,FST_III_IV_Medium,0.2,1,0.8072805139186295,0.6768402154398564
Constant Gate (gamma = 1.0),000443,FST_III_IV_Medium,0.2,2,0.9209756097560976,0.8535262206148282
Constant Gate (gamma = 1.0),000443,FST_III_IV_Medium,0.2,3,0.8577114427860697,0.7508710801393729
Constant Gate (gamma = 1.0),000444,FST_III_IV_Medium,0.0,0,0.810126582278481,0.6808510638297872
Constant Gate (gamma = 1.0),000444,FST_III_IV_Medium,0.2,1,0.7220447284345048,0.565
Constant Gate (gamma = 1.0),000444,FST_III_IV_Medium,0.2,2,0.7596439169139466,0.6124401913875598
Constant Gate (gamma = 1.0),000444,FST_III_IV_Medium,0.2,3,0.7531645569620253,0.6040609137055838
Constant Gate (gamma = 1.0),000446,FST_III_IV_Medium,0.0,0,0.7888888888888889,0.6513761467889908
Constant Gate (gamma = 1.0),000446,FST_III_IV_Medium,0.2,1,0.797752808988764,0.6635514018691588
Constant Gate (gamma = 1.0),000446,FST_III_IV_Medium,0.2,2,0.797752808988764,0.6635514018691588
Constant Gate (gamma = 1.0),000446,FST_III_IV_Medium,0.2,3,0.7208121827411168,0.5634920634920635
Constant Gate (gamma = 1.0),000447,FST_III_IV_Medium,0.0,0,0.811789038262668,0.6832027850304613
Constant Gate (gamma = 1.0),000447,FST_III_IV_Medium,0.2,1,0.7657082002129926,0.6203623813632442
Constant Gate (gamma = 1.0),000447,FST_III_IV_Medium,0.2,2,0.8612204724409449,0.756266205704408
Constant Gate (gamma = 1.0),000447,FST_III_IV_Medium,0.2,3,0.796134376438104,0.6613149847094801
Constant Gate (gamma = 1.0),000451,FST_III_IV_Medium,0.0,0,0.9446952595936795,0.895187165775401
Constant Gate (gamma = 1.0),000451,FST_III_IV_Medium,0.2,1,0.8311540648095509,0.7110894941634242
Constant Gate (gamma = 1.0),000451,FST_III_IV_Medium,0.2,2,0.9123898392949715,0.8388941849380362
Constant Gate (gamma = 1.0),000451,FST_III_IV_Medium,0.2,3,0.8800436205016358,0.7857838364167478
Constant Gate (gamma = 1.0),000452,FST_III_IV_Medium,0.0,0,0.9238095238095239,0.8584070796460177
Constant Gate (gamma = 1.0),000452,FST_III_IV_Medium,0.2,1,0.8878048780487805,0.7982456140350878
Constant Gate (gamma = 1.0),000452,FST_III_IV_Medium,0.2,2,0.9135802469135802,0.8409090909090909
Constant Gate (gamma = 1.0),000452,FST_III_IV_Medium,0.2,3,0.8995502248875562,0.8174386920980926
Constant Gate (gamma = 1.0),000453,FST_III_IV_Medium,0.0,0,0.8852213053263316,0.7940780619111709
Constant Gate (gamma = 1.0),000453,FST_III_IV_Medium,0.2,1,0.7931547619047619,0.657213316892725
Constant Gate (gamma = 1.0),000453,FST_III_IV_Medium,0.2,2,0.8772413793103448,0.7813267813267813
Constant Gate (gamma = 1.0),000453,FST_III_IV_Medium,0.2,3,0.8042609853528628,0.6726057906458798
Constant Gate (gamma = 1.0),000454,FST_III_IV_Medium,0.0,0,0.9523809523809523,0.9090909090909091
Constant Gate (gamma = 1.0),000454,FST_III_IV_Medium,0.2,1,0.9522409992652462,0.908835904628331
Constant Gate (gamma = 1.0),000454,FST_III_IV_Medium,0.2,2,0.9720430107526882,0.9456066945606695
Constant Gate (gamma = 1.0),000454,FST_III_IV_Medium,0.2,3,0.9353159851301115,0.8784916201117319
Constant Gate (gamma = 1.0),000457,FST_III_IV_Medium,0.0,0,0.9467625899280575,0.8989071038251366
Constant Gate (gamma = 1.0),000457,FST_III_IV_Medium,0.2,1,0.9395973154362416,0.8860759493670886
Constant Gate (gamma = 1.0),000457,FST_III_IV_Medium,0.2,2,0.9414414414414415,0.8893617021276595
Constant Gate (gamma = 1.0),000457,FST_III_IV_Medium,0.2,3,0.94211123723042,0.8905579399141631
Constant Gate (gamma = 1.0),000459,FST_III_IV_Medium,0.0,0,0.857393850658858,0.7503844182470528
Constant Gate (gamma = 1.0),000459,FST_III_IV_Medium,0.2,1,0.7770210245780278,0.6353510895883777
Constant Gate (gamma = 1.0),000459,FST_III_IV_Medium,0.2,2,0.7784400103653797,0.6372507424692405
Constant Gate (gamma = 1.0),000459,FST_III_IV_Medium,0.2,3,0.7685418415897005,0.6240909090909091
Constant Gate (gamma = 1.0),000461,FST_III_IV_Medium,0.0,0,0.8752834467120182,0.7782258064516129
Constant Gate (gamma = 1.0),000461,FST_III_IV_Medium,0.2,1,0.8603104212860311,0.754863813229572
Constant Gate (gamma = 1.0),000461,FST_III_IV_Medium,0.2,2,0.8558558558558559,0.7480314960629921
Constant Gate (gamma = 1.0),000461,FST_III_IV_Medium,0.2,3,0.8434782608695652,0.7293233082706767
Constant Gate (gamma = 1.0),000466,FST_III_IV_Medium,0.0,0,0.7263598326359832,0.5703022339027596
Constant Gate (gamma = 1.0),000466,FST_III_IV_Medium,0.2,1,0.6464454976303318,0.47759103641456585
Constant Gate (gamma = 1.0),000466,FST_III_IV_Medium,0.2,2,0.7895167895167895,0.652232746955345
Constant Gate (gamma = 1.0),000466,FST_III_IV_Medium,0.2,3,0.727735368956743,0.572
Constant Gate (gamma = 1.0),000469,FST_III_IV_Medium,0.0,0,0.7097203728362184,0.5500515995872033
Constant Gate (gamma = 1.0),000469,FST_III_IV_Medium,0.2,1,0.6865473823724321,0.5227043390514632
Constant Gate (gamma = 1.0),000469,FST_III_IV_Medium,0.2,2,0.6878048780487804,0.5241635687732342
Constant Gate (gamma = 1.0),000469,FST_III_IV_Medium,0.2,3,0.673869007427414,0.5081466395112016
Constant Gate (gamma = 1.0),000470,FST_III_IV_Medium,0.0,0,0.7964989059080962,0.6618181818181819
Constant Gate (gamma = 1.0),000470,FST_III_IV_Medium,0.2,1,0.7646408839779005,0.6189624329159212
Constant Gate (gamma = 1.0),000470,FST_III_IV_Medium,0.2,2,0.8416751787538305,0.7266313932980599
Constant Gate (gamma = 1.0),000470,FST_III_IV_Medium,0.2,3,0.8387755102040816,0.7223198594024605
Constant Gate (gamma = 1.0),000473,FST_III_IV_Medium,0.0,0,0.873015873015873,0.7746478873239436
Constant Gate (gamma = 1.0),000473,FST_III_IV_Medium,0.2,1,0.7960199004975125,0.6611570247933884
Constant Gate (gamma = 1.0),000473,FST_III_IV_Medium,0.2,2,0.8732824427480916,0.7750677506775068
Constant Gate (gamma = 1.0),000473,FST_III_IV_Medium,0.2,3,0.8807339449541285,0.7868852459016393
Constant Gate (gamma = 1.0),000475,FST_III_IV_Medium,0.0,0,0.9221902017291066,0.8556149732620321
Constant Gate (gamma = 1.0),000475,FST_III_IV_Medium,0.2,1,0.844311377245509,0.7305699481865285
Constant Gate (gamma = 1.0),000475,FST_III_IV_Medium,0.2,2,0.9090909090909091,0.8333333333333334
Constant Gate (gamma = 1.0),000475,FST_III_IV_Medium,0.2,3,0.8901098901098901,0.801980198019802
Constant Gate (gamma = 1.0),000482,FST_III_IV_Medium,0.0,0,0.8722891566265061,0.7735042735042735
Constant Gate (gamma = 1.0),000482,FST_III_IV_Medium,0.2,1,0.7549019607843137,0.6062992125984252
Constant Gate (gamma = 1.0),000482,FST_III_IV_Medium,0.2,2,0.8803827751196173,0.7863247863247863
Constant Gate (gamma = 1.0),000482,FST_III_IV_Medium,0.2,3,0.8687350835322196,0.7679324894514767
Constant Gate (gamma = 1.0),000486,FST_III_IV_Medium,0.0,0,0.7983193277310925,0.6643356643356644
Constant Gate (gamma = 1.0),000486,FST_III_IV_Medium,0.2,1,0.777292576419214,0.6357142857142857
Constant Gate (gamma = 1.0),000486,FST_III_IV_Medium,0.2,2,0.7901234567901234,0.6530612244897959
Constant Gate (gamma = 1.0),000486,FST_III_IV_Medium,0.2,3,0.732824427480916,0.5783132530120482
Constant Gate (gamma = 1.0),000488,FST_III_IV_Medium,0.0,0,0.584736653529201,0.4131645569620253
Constant Gate (gamma = 1.0),000488,FST_III_IV_Medium,0.2,1,0.5113440055280433,0.34349373356026613
Constant Gate (gamma = 1.0),000488,FST_III_IV_Medium,0.2,2,0.6593026606473922,0.4917609972775469
Constant Gate (gamma = 1.0),000488,FST_III_IV_Medium,0.2,3,0.5041489577008703,0.3370315248274929
Constant Gate (gamma = 1.0),000491,FST_III_IV_Medium,0.0,0,0.9281553398058252,0.8659420289855072
Constant Gate (gamma = 1.0),000491,FST_III_IV_Medium,0.2,1,0.8707070707070707,0.7710196779964222
Constant Gate (gamma = 1.0),000491,FST_III_IV_Medium,0.2,2,0.9204218600191755,0.8525754884547069
Constant Gate (gamma = 1.0),000491,FST_III_IV_Medium,0.2,3,0.9420849420849421,0.8905109489051095
Constant Gate (gamma = 1.0),000495,FST_III_IV_Medium,0.0,0,0.8945260347129506,0.8091787439613527
Constant Gate (gamma = 1.0),000495,FST_III_IV_Medium,0.2,1,0.8089591567852438,0.6792035398230089
Constant Gate (gamma = 1.0),000495,FST_III_IV_Medium,0.2,2,0.9094790777113578,0.8339859044635866
Constant Gate (gamma = 1.0),000495,FST_III_IV_Medium,0.2,3,0.8329218106995885,0.7136812411847673
Constant Gate (gamma = 1.0),000498,FST_III_IV_Medium,0.0,0,0.917680744452398,0.8478835978835979
Constant Gate (gamma = 1.0),000498,FST_III_IV_Medium,0.2,1,0.8426252646436133,0.7280487804878049
Constant Gate (gamma = 1.0),000498,FST_III_IV_Medium,0.2,2,0.8838451268357811,0.7918660287081339
Constant Gate (gamma = 1.0),000498,FST_III_IV_Medium,0.2,3,0.8978457261987491,0.8146279949558638
Constant Gate (gamma = 1.0),000503,FST_III_IV_Medium,0.0,0,0.8299260548064376,0.7092936802973978
Constant Gate (gamma = 1.0),000503,FST_III_IV_Medium,0.2,1,0.7776076973540346,0.6361359570661896
Constant Gate (gamma = 1.0),000503,FST_III_IV_Medium,0.2,2,0.8904938512590279,0.802603800140746
Constant Gate (gamma = 1.0),000503,FST_III_IV_Medium,0.2,3,0.8118481435127243,0.6832865168539326
Constant Gate (gamma = 1.0),000513,FST_III_IV_Medium,0.0,0,0.8205128205128205,0.6956521739130435
Constant Gate (gamma = 1.0),000513,FST_III_IV_Medium,0.2,1,0.8245614035087719,0.7014925373134329
Constant Gate (gamma = 1.0),000513,FST_III_IV_Medium,0.2,2,0.8571428571428571,0.75
Constant Gate (gamma = 1.0),000513,FST_III_IV_Medium,0.2,3,0.765625,0.620253164556962
Constant Gate (gamma = 1.0),000514,FST_III_IV_Medium,0.0,0,0.6882882882882883,0.5247252747252747
Constant Gate (gamma = 1.0),000514,FST_III_IV_Medium,0.2,1,0.6666666666666666,0.5
Constant Gate (gamma = 1.0),000514,FST_III_IV_Medium,0.2,2,0.7235996326905417,0.5669064748201439
Constant Gate (gamma = 1.0),000514,FST_III_IV_Medium,0.2,3,0.6618122977346278,0.49455864570737607
Constant Gate (gamma = 1.0),000516,FST_III_IV_Medium,0.0,0,0.8837209302325582,0.7916666666666666
Constant Gate (gamma = 1.0),000516,FST_III_IV_Medium,0.2,1,0.8930817610062893,0.8068181818181818
Constant Gate (gamma = 1.0),000516,FST_III_IV_Medium,0.2,2,0.9069767441860465,0.8297872340425532
Constant Gate (gamma = 1.0),000516,FST_III_IV_Medium,0.2,3,0.861878453038674,0.7572815533980582
Constant Gate (gamma = 1.0),000517,FST_III_IV_Medium,0.0,0,0.892,0.8050541516245487
Constant Gate (gamma = 1.0),000517,FST_III_IV_Medium,0.2,1,0.7707509881422925,0.6270096463022508
Constant Gate (gamma = 1.0),000517,FST_III_IV_Medium,0.2,2,0.9032258064516129,0.8235294117647058
Constant Gate (gamma = 1.0),000517,FST_III_IV_Medium,0.2,3,0.8476357267950964,0.7355623100303952
Constant Gate (gamma = 1.0),000526,FST_III_IV_Medium,0.0,0,0.9465536306671581,0.8985304408677397
Constant Gate (gamma = 1.0),000526,FST_III_IV_Medium,0.2,1,0.8877786318216756,0.7982031789910159
Constant Gate (gamma = 1.0),000526,FST_III_IV_Medium,0.2,2,0.9486193638587906,0.9022606382978723
Constant Gate (gamma = 1.0),000526,FST_III_IV_Medium,0.2,3,0.946031746031746,0.8975903614457831
Constant Gate (gamma = 1.0),000527,FST_III_IV_Medium,0.0,0,0.7777777777777778,0.6363636363636364
Constant Gate (gamma = 1.0),000527,FST_III_IV_Medium,0.2,1,0.7317073170731707,0.5769230769230769
Constant Gate (gamma = 1.0),000527,FST_III_IV_Medium,0.2,2,0.7708333333333334,0.6271186440677966
Constant Gate (gamma = 1.0),000527,FST_III_IV_Medium,0.2,3,0.7676767676767676,0.6229508196721312
Constant Gate (gamma = 1.0),000529,FST_III_IV_Medium,0.0,0,0.8732394366197183,0.775
Constant Gate (gamma = 1.0),000529,FST_III_IV_Medium,0.2,1,0.8409961685823755,0.7256198347107438
Constant Gate (gamma = 1.0),000529,FST_III_IV_Medium,0.2,2,0.8969359331476323,0.8131313131313131
Constant Gate (gamma = 1.0),000529,FST_III_IV_Medium,0.2,3,0.8685185185185185,0.7675941080196399
Constant Gate (gamma = 1.0),000535,FST_III_IV_Medium,0.0,0,0.7896541589105516,0.65242026873887
Constant Gate (gamma = 1.0),000535,FST_III_IV_Medium,0.2,1,0.7356797791580401,0.5818777292576419
Constant Gate (gamma = 1.0),000535,FST_III_IV_Medium,0.2,2,0.7865682794694564,0.648217997074898
Constant Gate (gamma = 1.0),000535,FST_III_IV_Medium,0.2,3,0.7148660367885344,0.5562579911919306
Constant Gate (gamma = 1.0),000540,FST_III_IV_Medium,0.0,0,0.8406139315230224,0.725050916496945
Constant Gate (gamma = 1.0),000540,FST_III_IV_Medium,0.2,1,0.7391841779975278,0.5862745098039216
Constant Gate (gamma = 1.0),000540,FST_III_IV_Medium,0.2,2,0.8680947012401353,0.7669322709163346
Constant Gate (gamma = 1.0),000540,FST_III_IV_Medium,0.2,3,0.8397790055248618,0.7238095238095238
Constant Gate (gamma = 1.0),000542,FST_III_IV_Medium,0.0,0,0.9552631578947368,0.9143576826196473
Constant Gate (gamma = 1.0),000542,FST_III_IV_Medium,0.2,1,0.9558441558441558,0.9154228855721394
Constant Gate (gamma = 1.0),000542,FST_III_IV_Medium,0.2,2,0.9592274678111588,0.9216494845360824
Constant Gate (gamma = 1.0),000542,FST_III_IV_Medium,0.2,3,0.9538527581025972,0.9117767747230201
Constant Gate (gamma = 1.0),000544,FST_III_IV_Medium,0.0,0,0.7701149425287356,0.6261682242990654
Constant Gate (gamma = 1.0),000544,FST_III_IV_Medium,0.2,1,0.6918238993710691,0.5288461538461539
Constant Gate (gamma = 1.0),000544,FST_III_IV_Medium,0.2,2,0.7582417582417582,0.6106194690265486
Constant Gate (gamma = 1.0),000544,FST_III_IV_Medium,0.2,3,0.7593582887700535,0.6120689655172413
Constant Gate (gamma = 1.0),000548,FST_III_IV_Medium,0.0,0,0.863013698630137,0.7590361445783133
Constant Gate (gamma = 1.0),000548,FST_III_IV_Medium,0.2,1,0.8446601941747572,0.7310924369747899
Constant Gate (gamma = 1.0),000548,FST_III_IV_Medium,0.2,2,0.8475336322869955,0.7354085603112841
Constant Gate (gamma = 1.0),000548,FST_III_IV_Medium,0.2,3,0.8193832599118943,0.6940298507462687
Constant Gate (gamma = 1.0),000552,FST_III_IV_Medium,0.0,0,0.8715241112284406,0.7723019338739863
Constant Gate (gamma = 1.0),000552,FST_III_IV_Medium,0.2,1,0.8084382443007826,0.6784694460308395
Constant Gate (gamma = 1.0),000552,FST_III_IV_Medium,0.2,2,0.8152492668621701,0.6881188118811881
Constant Gate (gamma = 1.0),000552,FST_III_IV_Medium,0.2,3,0.7573597768825534,0.6094763092269326
Constant Gate (gamma = 1.0),000557,FST_III_IV_Medium,0.0,0,0.8658008658008658,0.7633587786259542
Constant Gate (gamma = 1.0),000557,FST_III_IV_Medium,0.2,1,0.8406940063091483,0.7251700680272108
Constant Gate (gamma = 1.0),000557,FST_III_IV_Medium,0.2,2,0.8581389112362564,0.751526538280883
Constant Gate (gamma = 1.0),000557,FST_III_IV_Medium,0.2,3,0.8026084775520441,0.6702974444909929
Constant Gate (gamma = 1.0),000559,FST_III_IV_Medium,0.0,0,0.9103380695737384,0.835431654676259
Constant Gate (gamma = 1.0),000559,FST_III_IV_Medium,0.2,1,0.8958130477117819,0.8112874779541446
Constant Gate (gamma = 1.0),000559,FST_III_IV_Medium,0.2,2,0.9043392504930966,0.8253825382538253
Constant Gate (gamma = 1.0),000559,FST_III_IV_Medium,0.2,3,0.9266727772685609,0.8633646456020495
Constant Gate (gamma = 1.0),000566,FST_III_IV_Medium,0.0,0,0.9167811040922823,0.8463488843813387
Constant Gate (gamma = 1.0),000566,FST_III_IV_Medium,0.2,1,0.7785507246376812,0.6373991457047935
Constant Gate (gamma = 1.0),000566,FST_III_IV_Medium,0.2,2,0.8855004158580538,0.7945273631840796
Constant Gate (gamma = 1.0),000566,FST_III_IV_Medium,0.2,3,0.8585047666833918,0.752087912087912
Constant Gate (gamma = 1.0),000568,FST_III_IV_Medium,0.0,0,0.8450704225352113,0.7317073170731707
Constant Gate (gamma = 1.0),000568,FST_III_IV_Medium,0.2,1,0.7820372398685652,0.6420863309352518
Constant Gate (gamma = 1.0),000568,FST_III_IV_Medium,0.2,2,0.8470319634703196,0.7346534653465346
Constant Gate (gamma = 1.0),000568,FST_III_IV_Medium,0.2,3,0.8180862250262881,0.6921708185053381
Constant Gate (gamma = 1.0),000578,FST_III_IV_Medium,0.0,0,0.9633577614923384,0.929305912596401
Constant Gate (gamma = 1.0),000578,FST_III_IV_Medium,0.2,1,0.9308005427408412,0.8705583756345178
Constant Gate (gamma = 1.0),000578,FST_III_IV_Medium,0.2,2,0.9603174603174603,0.9236641221374046
Constant Gate (gamma = 1.0),000578,FST_III_IV_Medium,0.2,3,0.9569251159708416,0.9174078780177891
Constant Gate (gamma = 1.0),000584,FST_III_IV_Medium,0.0,0,0.6423357664233577,0.4731182795698925
Constant Gate (gamma = 1.0),000584,FST_III_IV_Medium,0.2,1,0.6376811594202898,0.46808510638297873
Constant Gate (gamma = 1.0),000584,FST_III_IV_Medium,0.2,2,0.6666666666666666,0.5
Constant Gate (gamma = 1.0),000584,FST_III_IV_Medium,0.2,3,0.6193548387096774,0.4485981308411215
Constant Gate (gamma = 1.0),000589,FST_III_IV_Medium,0.0,0,0.7796610169491526,0.6388888888888888
Constant Gate (gamma = 1.0),000589,FST_III_IV_Medium,0.2,1,0.7424242424242424,0.5903614457831325
Constant Gate (gamma = 1.0),000589,FST_III_IV_Medium,0.2,2,0.801007556675063,0.6680672268907563
Constant Gate (gamma = 1.0),000589,FST_III_IV_Medium,0.2,3,0.6993603411513859,0.5377049180327869
Constant Gate (gamma = 1.0),000590,FST_III_IV_Medium,0.0,0,0.8978723404255319,0.8146718146718147
Constant Gate (gamma = 1.0),000590,FST_III_IV_Medium,0.2,1,0.7677277024897573,0.6230179028132993
Constant Gate (gamma = 1.0),000590,FST_III_IV_Medium,0.2,2,0.8358556461001164,0.718
Constant Gate (gamma = 1.0),000590,FST_III_IV_Medium,0.2,3,0.8591101694915254,0.7530176415970288
Constant Gate (gamma = 1.0),000594,FST_III_IV_Medium,0.0,0,0.912,0.8382352941176471
Constant Gate (gamma = 1.0),000594,FST_III_IV_Medium,0.2,1,0.9016393442622951,0.8208955223880597
Constant Gate (gamma = 1.0),000594,FST_III_IV_Medium,0.2,2,0.9365079365079365,0.8805970149253731
Constant Gate (gamma = 1.0),000594,FST_III_IV_Medium,0.2,3,0.921875,0.855072463768116
Constant Gate (gamma = 1.0),000596,FST_III_IV_Medium,0.0,0,0.9477611940298507,0.900709219858156
Constant Gate (gamma = 1.0),000596,FST_III_IV_Medium,0.2,1,0.9247104247104247,0.8599640933572711
Constant Gate (gamma = 1.0),000596,FST_III_IV_Medium,0.2,2,0.9493087557603687,0.9035087719298246
Constant Gate (gamma = 1.0),000596,FST_III_IV_Medium,0.2,3,0.9365942028985508,0.8807495741056218
Constant Gate (gamma = 1.0),000605,FST_III_IV_Medium,0.0,0,0.9453860640301318,0.8964285714285715
Constant Gate (gamma = 1.0),000605,FST_III_IV_Medium,0.2,1,0.9037603569152326,0.8244186046511628
Constant Gate (gamma = 1.0),000605,FST_III_IV_Medium,0.2,2,0.9402985074626866,0.8873239436619719
Constant Gate (gamma = 1.0),000605,FST_III_IV_Medium,0.2,3,0.9480925578486554,0.901307966706302
Constant Gate (gamma = 1.0),000606,FST_III_IV_Medium,0.0,0,0.9154150197628459,0.8440233236151603
Constant Gate (gamma = 1.0),000606,FST_III_IV_Medium,0.2,1,0.749379652605459,0.5992063492063492
Constant Gate (gamma = 1.0),000606,FST_III_IV_Medium,0.2,2,0.8653421633554084,0.7626459143968871
Constant Gate (gamma = 1.0),000606,FST_III_IV_Medium,0.2,3,0.8349961627014582,0.7167325428194994
Constant Gate (gamma = 1.0),000613,FST_III_IV_Medium,0.0,0,0.6984126984126984,0.5365853658536586
Constant Gate (gamma = 1.0),000613,FST_III_IV_Medium,0.2,1,0.6167400881057269,0.445859872611465
Constant Gate (gamma = 1.0),000613,FST_III_IV_Medium,0.2,2,0.7480314960629921,0.5974842767295597
Constant Gate (gamma = 1.0),000613,FST_III_IV_Medium,0.2,3,0.7376425855513308,0.5843373493975904
Constant Gate (gamma = 1.0),000614,FST_III_IV_Medium,0.0,0,0.9391025641025641,0.8851963746223565
Constant Gate (gamma = 1.0),000614,FST_III_IV_Medium,0.2,1,0.9051580698835274,0.8267477203647416
Constant Gate (gamma = 1.0),000614,FST_III_IV_Medium,0.2,2,0.9381933438985737,0.8835820895522388
Constant Gate (gamma = 1.0),000614,FST_III_IV_Medium,0.2,3,0.9408,0.8882175226586103
Constant Gate (gamma = 1.0),000615,FST_III_IV_Medium,0.0,0,0.8637200736648251,0.7601296596434359
Constant Gate (gamma = 1.0),000615,FST_III_IV_Medium,0.2,1,0.7010506208213945,0.5397058823529411
Constant Gate (gamma = 1.0),000615,FST_III_IV_Medium,0.2,2,0.8655959425190194,0.7630402384500745
Constant Gate (gamma = 1.0),000615,FST_III_IV_Medium,0.2,3,0.842820730671198,0.7283406754772394
Constant Gate (gamma = 1.0),000618,FST_III_IV_Medium,0.0,0,0.8837209302325582,0.7916666666666666
Constant Gate (gamma = 1.0),000618,FST_III_IV_Medium,0.2,1,0.8591065292096219,0.7530120481927711
Constant Gate (gamma = 1.0),000618,FST_III_IV_Medium,0.2,2,0.8852459016393442,0.7941176470588235
Constant Gate (gamma = 1.0),000618,FST_III_IV_Medium,0.2,3,0.8599348534201955,0.7542857142857143
Constant Gate (gamma = 1.0),000619,FST_III_IV_Medium,0.0,0,0.8292682926829268,0.7083333333333334
Constant Gate (gamma = 1.0),000619,FST_III_IV_Medium,0.2,1,0.7643504531722054,0.6185819070904646
Constant Gate (gamma = 1.0),000619,FST_III_IV_Medium,0.2,2,0.7397260273972602,0.5869565217391305
Constant Gate (gamma = 1.0),000619,FST_III_IV_Medium,0.2,3,0.7513487003433056,0.6017282010997643
Constant Gate (gamma = 1.0),000620,FST_III_IV_Medium,0.0,0,0.7304582210242587,0.5753715498938429
Constant Gate (gamma = 1.0),000620,FST_III_IV_Medium,0.2,1,0.6693877551020408,0.5030674846625767
Constant Gate (gamma = 1.0),000620,FST_III_IV_Medium,0.2,2,0.8494117647058823,0.7382413087934561
Constant Gate (gamma = 1.0),000620,FST_III_IV_Medium,0.2,3,0.8980477223427332,0.8149606299212598
Constant Gate (gamma = 1.0),000622,FST_III_IV_Medium,0.0,0,0.5788336933045356,0.4072948328267477
Constant Gate (gamma = 1.0),000622,FST_III_IV_Medium,0.2,1,0.45188284518828453,0.2918918918918919
Constant Gate (gamma = 1.0),000622,FST_III_IV_Medium,0.2,2,0.548936170212766,0.3782991202346041
Constant Gate (gamma = 1.0),000622,FST_III_IV_Medium,0.2,3,0.7514231499051234,0.601823708206687
Constant Gate (gamma = 1.0),000623,FST_III_IV_Medium,0.0,0,0.8930272845387613,0.8067292644757433
Constant Gate (gamma = 1.0),000623,FST_III_IV_Medium,0.2,1,0.8466257668711656,0.7340425531914894
Constant Gate (gamma = 1.0),000623,FST_III_IV_Medium,0.2,2,0.9007062733693394,0.8193499622071051
Constant Gate (gamma = 1.0),000623,FST_III_IV_Medium,0.2,3,0.838353839626644,0.7216946676406136
Constant Gate (gamma = 1.0),000625,FST_III_IV_Medium,0.0,0,0.8605341246290801,0.7552083333333334
Constant Gate (gamma = 1.0),000625,FST_III_IV_Medium,0.2,1,0.7804878048780488,0.64
Constant Gate (gamma = 1.0),000625,FST_III_IV_Medium,0.2,2,0.8710601719197708,0.7715736040609137
Constant Gate (gamma = 1.0),000625,FST_III_IV_Medium,0.2,3,0.8668555240793201,0.765
Constant Gate (gamma = 1.0),000626,FST_III_IV_Medium,0.0,0,0.8888888888888888,0.8
Constant Gate (gamma = 1.0),000626,FST_III_IV_Medium,0.2,1,0.7729257641921398,0.6298932384341637
Constant Gate (gamma = 1.0),000626,FST_III_IV_Medium,0.2,2,0.9080234833659491,0.8315412186379928
Constant Gate (gamma = 1.0),000626,FST_III_IV_Medium,0.2,3,0.891170431211499,0.8037037037037037
Constant Gate (gamma = 1.0),000627,FST_III_IV_Medium,0.0,0,0.7636363636363637,0.6176470588235294
Constant Gate (gamma = 1.0),000627,FST_III_IV_Medium,0.2,1,0.6625,0.4953271028037383
Constant Gate (gamma = 1.0),000627,FST_III_IV_Medium,0.2,2,0.8242424242424242,0.7010309278350515
Constant Gate (gamma = 1.0),000627,FST_III_IV_Medium,0.2,3,0.7272727272727273,0.5714285714285714
Constant Gate (gamma = 1.0),000629,FST_III_IV_Medium,0.0,0,0.7045454545454546,0.543859649122807
Constant Gate (gamma = 1.0),000629,FST_III_IV_Medium,0.2,1,0.5869565217391305,0.4153846153846154
Constant Gate (gamma = 1.0),000629,FST_III_IV_Medium,0.2,2,0.6881720430107527,0.5245901639344263
Constant Gate (gamma = 1.0),000629,FST_III_IV_Medium,0.2,3,0.7291666666666666,0.5737704918032787
Constant Gate (gamma = 1.0),000632,FST_III_IV_Medium,0.0,0,0.8704663212435233,0.7706422018348624
Constant Gate (gamma = 1.0),000632,FST_III_IV_Medium,0.2,1,0.7872340425531915,0.6491228070175439
Constant Gate (gamma = 1.0),000632,FST_III_IV_Medium,0.2,2,0.8452950558213717,0.7320441988950276
Constant Gate (gamma = 1.0),000632,FST_III_IV_Medium,0.2,3,0.836424957841484,0.7188405797101449
Constant Gate (gamma = 1.0),000634,FST_III_IV_Medium,0.0,0,0.852054794520548,0.7422434367541766
Constant Gate (gamma = 1.0),000634,FST_III_IV_Medium,0.2,1,0.7747489239598279,0.6323185011709602
Constant Gate (gamma = 1.0),000634,FST_III_IV_Medium,0.2,2,0.7990074441687345,0.6652892561983471
Constant Gate (gamma = 1.0),000634,FST_III_IV_Medium,0.2,3,0.754950495049505,0.6063618290258449
Constant Gate (gamma = 1.0),000636,FST_III_IV_Medium,0.0,0,0.75,0.6
Constant Gate (gamma = 1.0),000636,FST_III_IV_Medium,0.2,1,0.6666666666666666,0.5
Constant Gate (gamma = 1.0),000636,FST_III_IV_Medium,0.2,2,0.6666666666666666,0.5
Constant Gate (gamma = 1.0),000636,FST_III_IV_Medium,0.2,3,0.6111111111111112,0.44
Constant Gate (gamma = 1.0),000638,FST_III_IV_Medium,0.0,0,0.8192771084337349,0.6938775510204082
Constant Gate (gamma = 1.0),000638,FST_III_IV_Medium,0.2,1,0.7096774193548387,0.55
Constant Gate (gamma = 1.0),000638,FST_III_IV_Medium,0.2,2,0.8,0.6666666666666666
Constant Gate (gamma = 1.0),000638,FST_III_IV_Medium,0.2,3,0.8674698795180723,0.7659574468085106
Constant Gate (gamma = 1.0),000639,FST_III_IV_Medium,0.0,0,0.8991562876657292,0.8167883211678832
Constant Gate (gamma = 1.0),000639,FST_III_IV_Medium,0.2,1,0.7996924259900039,0.6662395900064062
Constant Gate (gamma = 1.0),000639,FST_III_IV_Medium,0.2,2,0.8793170353123787,0.7846260387811634
Constant Gate (gamma = 1.0),000639,FST_III_IV_Medium,0.2,3,0.8730385164051355,0.7746835443037975
Constant Gate (gamma = 1.0),000642,FST_III_IV_Medium,0.0,0,0.8524590163934426,0.7428571428571429
Constant Gate (gamma = 1.0),000642,FST_III_IV_Medium,0.2,1,0.8426842684268426,0.7281368821292775
Constant Gate (gamma = 1.0),000642,FST_III_IV_Medium,0.2,2,0.806941431670282,0.6763636363636364
Constant Gate (gamma = 1.0),000642,FST_III_IV_Medium,0.2,3,0.875,0.7777777777777778
Constant Gate (gamma = 1.0),000644,FST_III_IV_Medium,0.0,0,0.7364157948025649,0.5827991452991453
Constant Gate (gamma = 1.0),000644,FST_III_IV_Medium,0.2,1,0.5748299319727891,0.4033412887828162
Constant Gate (gamma = 1.0),000644,FST_III_IV_Medium,0.2,2,0.7554449284380834,0.607
Constant Gate (gamma = 1.0),000644,FST_III_IV_Medium,0.2,3,0.772067714631197,0.6287543082225505
Constant Gate (gamma = 1.0),000646,FST_III_IV_Medium,0.0,0,0.9352025119731041,0.8782914333373049
Constant Gate (gamma = 1.0),000646,FST_III_IV_Medium,0.2,1,0.9167303752178833,0.8462624209575429
Constant Gate (gamma = 1.0),000646,FST_III_IV_Medium,0.2,2,0.8869120961682945,0.796803283114639
Constant Gate (gamma = 1.0),000646,FST_III_IV_Medium,0.2,3,0.8552571688666363,0.747117296222664
Constant Gate (gamma = 1.0),000653,FST_III_IV_Medium,0.0,0,0.9536423841059603,0.9113924050632911
Constant Gate (gamma = 1.0),000653,FST_III_IV_Medium,0.2,1,0.8979591836734694,0.8148148148148148
Constant Gate (gamma = 1.0),000653,FST_III_IV_Medium,0.2,2,0.9406593406593406,0.8879668049792531
Constant Gate (gamma = 1.0),000653,FST_III_IV_Medium,0.2,3,0.9266247379454927,0.86328125
Constant Gate (gamma = 1.0),000006,FST_V_VI_Dark,0.0,0,0.9006792007087312,0.8193051575931232
Constant Gate (gamma = 1.0),000006,FST_V_VI_Dark,0.2,1,0.831485366097293,0.7115746281415627
Constant Gate (gamma = 1.0),000006,FST_V_VI_Dark,0.2,2,0.8530549110595514,0.7437626432906271
Constant Gate (gamma = 1.0),000006,FST_V_VI_Dark,0.2,3,0.8312143796580447,0.7111777944486122
Constant Gate (gamma = 1.0),000007,FST_V_VI_Dark,0.0,0,0.7532467532467533,0.6041666666666666
Constant Gate (gamma = 1.0),000007,FST_V_VI_Dark,0.2,1,0.6926406926406926,0.5298013245033113
Constant Gate (gamma = 1.0),000007,FST_V_VI_Dark,0.2,2,0.7073170731707317,0.5471698113207547
Constant Gate (gamma = 1.0),000007,FST_V_VI_Dark,0.2,3,0.6692307692307692,0.5028901734104047
Constant Gate (gamma = 1.0),000011,FST_V_VI_Dark,0.0,0,0.9575767860173087,0.9186065440338597
Constant Gate (gamma = 1.0),000011,FST_V_VI_Dark,0.2,1,0.9456438262650397,0.8968921981223696
Constant Gate (gamma = 1.0),000011,FST_V_VI_Dark,0.2,2,0.8988709677419355,0.8163175626190128
Constant Gate (gamma = 1.0),000011,FST_V_VI_Dark,0.2,3,0.8424601093714885,0.7278022262490292
Constant Gate (gamma = 1.0),000012,FST_V_VI_Dark,0.0,0,0.8013937282229965,0.6686046511627907
Constant Gate (gamma = 1.0),000012,FST_V_VI_Dark,0.2,1,0.8458781362007168,0.7329192546583851
Constant Gate (gamma = 1.0),000012,FST_V_VI_Dark,0.2,2,0.7972972972972973,0.6629213483146067
Constant Gate (gamma = 1.0),000012,FST_V_VI_Dark,0.2,3,0.7492063492063492,0.5989847715736041
Constant Gate (gamma = 1.0),000015,FST_V_VI_Dark,0.0,0,0.9157260459984724,0.8445522855353789
Constant Gate (gamma = 1.0),000015,FST_V_VI_Dark,0.2,1,0.7900623239136003,0.6529777025119955
Constant Gate (gamma = 1.0),000015,FST_V_VI_Dark,0.2,2,0.875722785552669,0.7789206917113893
Constant Gate (gamma = 1.0),000015,FST_V_VI_Dark,0.2,3,0.8140934708430778,0.6864735548946075
Constant Gate (gamma = 1.0),000022,FST_V_VI_Dark,0.0,0,0.8890589135424637,0.800275482093664
Constant Gate (gamma = 1.0),000022,FST_V_VI_Dark,0.2,1,0.8458333333333333,0.7328519855595668
Constant Gate (gamma = 1.0),000022,FST_V_VI_Dark,0.2,2,0.8724883103753317,0.7738175297018606
Constant Gate (gamma = 1.0),000022,FST_V_VI_Dark,0.2,3,0.8229326412645983,0.6991381038284226
Constant Gate (gamma = 1.0),000053,FST_V_VI_Dark,0.0,0,0.7939508506616257,0.658307210031348
Constant Gate (gamma = 1.0),000053,FST_V_VI_Dark,0.2,1,0.8165467625899281,0.6899696048632219
Constant Gate (gamma = 1.0),000053,FST_V_VI_Dark,0.2,2,0.8135593220338984,0.6857142857142857
Constant Gate (gamma = 1.0),000053,FST_V_VI_Dark,0.2,3,0.7217537942664418,0.5646437994722955
Constant Gate (gamma = 1.0),000060,FST_V_VI_Dark,0.0,0,0.9344073647871116,0.8768898488120951
Constant Gate (gamma = 1.0),000060,FST_V_VI_Dark,0.2,1,0.7652370203160271,0.6197440585009141
Constant Gate (gamma = 1.0),000060,FST_V_VI_Dark,0.2,2,0.8900862068965517,0.8019417475728156
Constant Gate (gamma = 1.0),000060,FST_V_VI_Dark,0.2,3,0.8740416210295728,0.7762645914396887
Constant Gate (gamma = 1.0),000077,FST_V_VI_Dark,0.0,0,0.8994778067885117,0.8173190984578885
Constant Gate (gamma = 1.0),000077,FST_V_VI_Dark,0.2,1,0.8160442600276625,0.6892523364485982
Constant Gate (gamma = 1.0),000077,FST_V_VI_Dark,0.2,2,0.9053030303030303,0.8269896193771626
Constant Gate (gamma = 1.0),000077,FST_V_VI_Dark,0.2,3,0.9041269841269841,0.8250289687137891
Constant Gate (gamma = 1.0),000080,FST_V_VI_Dark,0.0,0,0.8827586206896552,0.7901234567901234
Constant Gate (gamma = 1.0),000080,FST_V_VI_Dark,0.2,1,0.8085106382978723,0.6785714285714286
Constant Gate (gamma = 1.0),000080,FST_V_VI_Dark,0.2,2,0.8686868686868687,0.7678571428571429
Constant Gate (gamma = 1.0),000080,FST_V_VI_Dark,0.2,3,0.8242811501597445,0.7010869565217391
Constant Gate (gamma = 1.0),000087,FST_V_VI_Dark,0.0,0,0.7931309904153354,0.657180675049636
Constant Gate (gamma = 1.0),000087,FST_V_VI_Dark,0.2,1,0.8156797331109258,0.6887323943661972
Constant Gate (gamma = 1.0),000087,FST_V_VI_Dark,0.2,2,0.7911439114391144,0.6544566544566545
Constant Gate (gamma = 1.0),000087,FST_V_VI_Dark,0.2,3,0.749632892804699,0.5995302407516148
Constant Gate (gamma = 1.0),000088,FST_V_VI_Dark,0.0,0,0.9204892966360856,0.8526912181303116
Constant Gate (gamma = 1.0),000088,FST_V_VI_Dark,0.2,1,0.8895705521472392,0.8011049723756906
Constant Gate (gamma = 1.0),000088,FST_V_VI_Dark,0.2,2,0.8839285714285714,0.792
Constant Gate (gamma = 1.0),000088,FST_V_VI_Dark,0.2,3,0.8389715832205683,0.7226107226107226
Constant Gate (gamma = 1.0),000089,FST_V_VI_Dark,0.0,0,0.952935372471633,0.9101017715793441
Constant Gate (gamma = 1.0),000089,FST_V_VI_Dark,0.2,1,0.9476372924648787,0.9004854368932039
Constant Gate (gamma = 1.0),000089,FST_V_VI_Dark,0.2,2,0.9519812609798946,0.9083628236170609
Constant Gate (gamma = 1.0),000089,FST_V_VI_Dark,0.2,3,0.9408117249154453,0.8882384246939862
Constant Gate (gamma = 1.0),000093,FST_V_VI_Dark,0.0,0,0.8582302568981922,0.7516666666666667
Constant Gate (gamma = 1.0),000093,FST_V_VI_Dark,0.2,1,0.7102803738317757,0.5507246376811594
Constant Gate (gamma = 1.0),000093,FST_V_VI_Dark,0.2,2,0.8291782086795937,0.7082018927444795
Constant Gate (gamma = 1.0),000093,FST_V_VI_Dark,0.2,3,0.696969696969697,0.5348837209302325
Constant Gate (gamma = 1.0),000095,FST_V_VI_Dark,0.0,0,0.8792672772689425,0.7845468053491828
Constant Gate (gamma = 1.0),000095,FST_V_VI_Dark,0.2,1,0.757753562447611,0.6099865047233468
Constant Gate (gamma = 1.0),000095,FST_V_VI_Dark,0.2,2,0.8813559322033898,0.7878787878787878
Constant Gate (gamma = 1.0),000095,FST_V_VI_Dark,0.2,3,0.7522522522522522,0.6028880866425993
Constant Gate (gamma = 1.0),000096,FST_V_VI_Dark,0.0,0,0.8280254777070064,0.7065217391304348
Constant Gate (gamma = 1.0),000096,FST_V_VI_Dark,0.2,1,0.7275054864667154,0.5717160103478011
Constant Gate (gamma = 1.0),000096,FST_V_VI_Dark,0.2,2,0.7951996852252606,0.6600261267145656
Constant Gate (gamma = 1.0),000096,FST_V_VI_Dark,0.2,3,0.7413022351797862,0.5889437924644843
Constant Gate (gamma = 1.0),000104,FST_V_VI_Dark,0.0,0,0.8545454545454545,0.746031746031746
Constant Gate (gamma = 1.0),000104,FST_V_VI_Dark,0.2,1,0.8053097345132744,0.674074074074074
Constant Gate (gamma = 1.0),000104,FST_V_VI_Dark,0.2,2,0.8226415094339623,0.6987179487179487
Constant Gate (gamma = 1.0),000104,FST_V_VI_Dark,0.2,3,0.8962655601659751,0.8120300751879699
Constant Gate (gamma = 1.0),000105,FST_V_VI_Dark,0.0,0,0.7244897959183674,0.568
Constant Gate (gamma = 1.0),000105,FST_V_VI_Dark,0.2,1,0.6435643564356436,0.4744525547445255
Constant Gate (gamma = 1.0),000105,FST_V_VI_Dark,0.2,2,0.7169811320754716,0.5588235294117647
Constant Gate (gamma = 1.0),000105,FST_V_VI_Dark,0.2,3,0.7559808612440191,0.6076923076923076
Constant Gate (gamma = 1.0),000109,FST_V_VI_Dark,0.0,0,0.7699530516431925,0.6259541984732825
Constant Gate (gamma = 1.0),000109,FST_V_VI_Dark,0.2,1,0.822429906542056,0.6984126984126984
Constant Gate (gamma = 1.0),000109,FST_V_VI_Dark,0.2,2,0.8125,0.6842105263157895
Constant Gate (gamma = 1.0),000109,FST_V_VI_Dark,0.2,3,0.7579908675799086,0.6102941176470589
Constant Gate (gamma = 1.0),000111,FST_V_VI_Dark,0.0,0,0.9130028063610851,0.8399311531841652
Constant Gate (gamma = 1.0),000111,FST_V_VI_Dark,0.2,1,0.8858490566037736,0.7950889077053345
Constant Gate (gamma = 1.0),000111,FST_V_VI_Dark,0.2,2,0.9217852408307556,0.8549180327868853
Constant Gate (gamma = 1.0),000111,FST_V_VI_Dark,0.2,3,0.9098286744815148,0.8345740281224152
Constant Gate (gamma = 1.0),000112,FST_V_VI_Dark,0.0,0,0.8846480067854113,0.7931558935361217
Constant Gate (gamma = 1.0),000112,FST_V_VI_Dark,0.2,1,0.8797996661101837,0.7853949329359166
Constant Gate (gamma = 1.0),000112,FST_V_VI_Dark,0.2,2,0.8636734693877551,0.7600574712643678
Constant Gate (gamma = 1.0),000112,FST_V_VI_Dark,0.2,3,0.8573573573573574,0.7503285151116952
Constant Gate (gamma = 1.0),000113,FST_V_VI_Dark,0.0,0,0.7898448519040903,0.6526806526806527
Constant Gate (gamma = 1.0),000113,FST_V_VI_Dark,0.2,1,0.7575757575757576,0.6097560975609756
Constant Gate (gamma = 1.0),000113,FST_V_VI_Dark,0.2,2,0.8149171270718232,0.6876456876456877
Constant Gate (gamma = 1.0),000113,FST_V_VI_Dark,0.2,3,0.8311688311688312,0.7111111111111111
Constant Gate (gamma = 1.0),000115,FST_V_VI_Dark,0.0,0,0.7705022250476796,0.6266804550155118
Constant Gate (gamma = 1.0),000115,FST_V_VI_Dark,0.2,1,0.7467700258397932,0.5958762886597938
Constant Gate (gamma = 1.0),000115,FST_V_VI_Dark,0.2,2,0.8214285714285714,0.696969696969697
Constant Gate (gamma = 1.0),000115,FST_V_VI_Dark,0.2,3,0.763757643135075,0.6178057553956835
Constant Gate (gamma = 1.0),000121,FST_V_VI_Dark,0.0,0,0.6308724832214765,0.46078431372549017
Constant Gate (gamma = 1.0),000121,FST_V_VI_Dark,0.2,1,0.5389221556886228,0.36885245901639346
Constant Gate (gamma = 1.0),000121,FST_V_VI_Dark,0.2,2,0.6274509803921569,0.45714285714285713
Constant Gate (gamma = 1.0),000121,FST_V_VI_Dark,0.2,3,0.6787878787878788,0.5137614678899083
Constant Gate (gamma = 1.0),000124,FST_V_VI_Dark,0.0,0,0.8352402745995423,0.7170923379174853
Constant Gate (gamma = 1.0),000124,FST_V_VI_Dark,0.2,1,0.6032110091743119,0.4318555008210181
Constant Gate (gamma = 1.0),000124,FST_V_VI_Dark,0.2,2,0.767590618336887,0.6228373702422145
Constant Gate (gamma = 1.0),000124,FST_V_VI_Dark,0.2,3,0.7352647352647352,0.5813586097946287
Constant Gate (gamma = 1.0),000125,FST_V_VI_Dark,0.0,0,0.6551770088393373,0.48718456863522264
Constant Gate (gamma = 1.0),000125,FST_V_VI_Dark,0.2,1,0.558537884686309,0.38748010006822836
Constant Gate (gamma = 1.0),000125,FST_V_VI_Dark,0.2,2,0.5934057031756319,0.4218741000979093
Constant Gate (gamma = 1.0),000125,FST_V_VI_Dark,0.2,3,0.6097212556316618,0.43856043840236064
Constant Gate (gamma = 1.0),000127,FST_V_VI_Dark,0.0,0,0.4142857142857143,0.26126126126126126
Constant Gate (gamma = 1.0),000127,FST_V_VI_Dark,0.2,1,0.40601503759398494,0.25471698113207547
Constant Gate (gamma = 1.0),000127,FST_V_VI_Dark,0.2,2,0.3945578231292517,0.2457627118644068
Constant Gate (gamma = 1.0),000127,FST_V_VI_Dark,0.2,3,0.3972602739726027,0.24786324786324787
Constant Gate (gamma = 1.0),000132,FST_V_VI_Dark,0.0,0,0.8842897460018815,0.7925801011804384
Constant Gate (gamma = 1.0),000132,FST_V_VI_Dark,0.2,1,0.7988614800759013,0.665086887835703
Constant Gate (gamma = 1.0),000132,FST_V_VI_Dark,0.2,2,0.8211243611584327,0.6965317919075145
Constant Gate (gamma = 1.0),000132,FST_V_VI_Dark,0.2,3,0.8125530110262935,0.6842857142857143
Constant Gate (gamma = 1.0),000133,FST_V_VI_Dark,0.0,0,0.8333333333333334,0.7142857142857143
Constant Gate (gamma = 1.0),000133,FST_V_VI_Dark,0.2,1,0.701123595505618,0.5397923875432526
Constant Gate (gamma = 1.0),000133,FST_V_VI_Dark,0.2,2,0.8801742919389978,0.7859922178988327
Constant Gate (gamma = 1.0),000133,FST_V_VI_Dark,0.2,3,0.8242303872889771,0.7010135135135135
Constant Gate (gamma = 1.0),000137,FST_V_VI_Dark,0.0,0,0.9575402635431918,0.9185393258426966
Constant Gate (gamma = 1.0),000137,FST_V_VI_Dark,0.2,1,0.9125766871165644,0.8392101551480959
Constant Gate (gamma = 1.0),000137,FST_V_VI_Dark,0.2,2,0.9632352941176471,0.9290780141843972
Constant Gate (gamma = 1.0),000137,FST_V_VI_Dark,0.2,3,0.9338181818181818,0.8758526603001364
Constant Gate (gamma = 1.0),000146,FST_V_VI_Dark,0.0,0,0.6079295154185022,0.43670886075949367
Constant Gate (gamma = 1.0),000146,FST_V_VI_Dark,0.2,1,0.5836909871244635,0.4121212121212121
Constant Gate (gamma = 1.0),000146,FST_V_VI_Dark,0.2,2,0.5247148288973384,0.3556701030927835
Constant Gate (gamma = 1.0),000146,FST_V_VI_Dark,0.2,3,0.5800865800865801,0.40853658536585363
Constant Gate (gamma = 1.0),000152,FST_V_VI_Dark,0.0,0,0.8415300546448088,0.7264150943396226
Constant Gate (gamma = 1.0),000152,FST_V_VI_Dark,0.2,1,0.8397790055248618,0.7238095238095238
Constant Gate (gamma = 1.0),000152,FST_V_VI_Dark,0.2,2,0.8342245989304813,0.7155963302752294
Constant Gate (gamma = 1.0),000152,FST_V_VI_Dark,0.2,3,0.8125,0.6842105263157895
Constant Gate (gamma = 1.0),000153,FST_V_VI_Dark,0.0,0,0.9298245614035088,0.8688524590163934
Constant Gate (gamma = 1.0),000153,FST_V_VI_Dark,0.2,1,0.9312638580931264,0.8713692946058091
Constant Gate (gamma = 1.0),000153,FST_V_VI_Dark,0.2,2,0.9197396963123644,0.8514056224899599
Constant Gate (gamma = 1.0),000153,FST_V_VI_Dark,0.2,3,0.9193899782135077,0.8508064516129032
Constant Gate (gamma = 1.0),000160,FST_V_VI_Dark,0.0,0,0.9452513966480447,0.8961864406779662
Constant Gate (gamma = 1.0),000160,FST_V_VI_Dark,0.2,1,0.9079254079254079,0.8313767342582711
Constant Gate (gamma = 1.0),000160,FST_V_VI_Dark,0.2,2,0.9424778761061947,0.891213389121339
Constant Gate (gamma = 1.0),000160,FST_V_VI_Dark,0.2,3,0.939812258420762,0.8864583333333333
Constant Gate (gamma = 1.0),000163,FST_V_VI_Dark,0.0,0,0.7406513872135102,0.5881226053639846
Constant Gate (gamma = 1.0),000163,FST_V_VI_Dark,0.2,1,0.6728971962616822,0.5070422535211268
Constant Gate (gamma = 1.0),000163,FST_V_VI_Dark,0.2,2,0.6886075949367089,0.525096525096525
Constant Gate (gamma = 1.0),000163,FST_V_VI_Dark,0.2,3,0.7955801104972375,0.6605504587155964
Constant Gate (gamma = 1.0),000170,FST_V_VI_Dark,0.0,0,0.9178841309823678,0.8482309124767226
Constant Gate (gamma = 1.0),000170,FST_V_VI_Dark,0.2,1,0.7848586487781505,0.6458990536277602
Constant Gate (gamma = 1.0),000170,FST_V_VI_Dark,0.2,2,0.9248334919124643,0.8601769911504424
Constant Gate (gamma = 1.0),000170,FST_V_VI_Dark,0.2,3,0.8452636090870125,0.7319970304380103
Constant Gate (gamma = 1.0),000171,FST_V_VI_Dark,0.0,0,0.8198198198198198,0.6946564885496184
Constant Gate (gamma = 1.0),000171,FST_V_VI_Dark,0.2,1,0.6515837104072398,0.48322147651006714
Constant Gate (gamma = 1.0),000171,FST_V_VI_Dark,0.2,2,0.7404580152671756,0.5878787878787879
Constant Gate (gamma = 1.0),000171,FST_V_VI_Dark,0.2,3,0.7644444444444445,0.6187050359712231
Constant Gate (gamma = 1.0),000172,FST_V_VI_Dark,0.0,0,0.9776602167850263,0.9562967545981214
Constant Gate (gamma = 1.0),000172,FST_V_VI_Dark,0.2,1,0.9369857021788458,0.8814422384528341
Constant Gate (gamma = 1.0),000172,FST_V_VI_Dark,0.2,2,0.9730573772818897,0.9475284750635851
Constant Gate (gamma = 1.0),000172,FST_V_VI_Dark,0.2,3,0.8806059289825171,0.7866808944075278
Constant Gate (gamma = 1.0),000181,FST_V_VI_Dark,0.0,0,0.845771144278607,0.7327586206896551
Constant Gate (gamma = 1.0),000181,FST_V_VI_Dark,0.2,1,0.7761194029850746,0.6341463414634146
Constant Gate (gamma = 1.0),000181,FST_V_VI_Dark,0.2,2,0.8847926267281107,0.7933884297520661
Constant Gate (gamma = 1.0),000181,FST_V_VI_Dark,0.2,3,0.8186046511627907,0.6929133858267716
Constant Gate (gamma = 1.0),000190,FST_V_VI_Dark,0.0,0,0.8769389865563598,0.7808471454880295
Constant Gate (gamma = 1.0),000190,FST_V_VI_Dark,0.2,1,0.7233584499461787,0.5666104553119731
Constant Gate (gamma = 1.0),000190,FST_V_VI_Dark,0.2,2,0.8407766990291262,0.7252931323283082
Constant Gate (gamma = 1.0),000190,FST_V_VI_Dark,0.2,3,0.7950855638437911,0.6598689002184996
Constant Gate (gamma = 1.0),000192,FST_V_VI_Dark,0.0,0,0.7539823008849558,0.6051136363636364
Constant Gate (gamma = 1.0),000192,FST_V_VI_Dark,0.2,1,0.6537785588752196,0.4856396866840731
Constant Gate (gamma = 1.0),000192,FST_V_VI_Dark,0.2,2,0.8357723577235773,0.7178770949720671
Constant Gate (gamma = 1.0),000192,FST_V_VI_Dark,0.2,3,0.801980198019802,0.6694214876033058
Constant Gate (gamma = 1.0),000195,FST_V_VI_Dark,0.0,0,0.875,0.7777777777777778
Constant Gate (gamma = 1.0),000195,FST_V_VI_Dark,0.2,1,0.7688679245283019,0.6245210727969349
Constant Gate (gamma = 1.0),000195,FST_V_VI_Dark,0.2,2,0.8735632183908046,0.7755102040816326
Constant Gate (gamma = 1.0),000195,FST_V_VI_Dark,0.2,3,0.861244019138756,0.7563025210084033
Constant Gate (gamma = 1.0),000200,FST_V_VI_Dark,0.0,0,0.8161734055856606,0.6894366197183098
Constant Gate (gamma = 1.0),000200,FST_V_VI_Dark,0.2,1,0.6897910918407568,0.52647412755716
Constant Gate (gamma = 1.0),000200,FST_V_VI_Dark,0.2,2,0.813119755911518,0.6850899742930592
Constant Gate (gamma = 1.0),000200,FST_V_VI_Dark,0.2,3,0.7747060692723229,0.6322614107883817
Constant Gate (gamma = 1.0),000202,FST_V_VI_Dark,0.0,0,0.9405166981726528,0.8877126204353515
Constant Gate (gamma = 1.0),000202,FST_V_VI_Dark,0.2,1,0.8429237947122862,0.728494623655914
Constant Gate (gamma = 1.0),000202,FST_V_VI_Dark,0.2,2,0.8770806658130602,0.7810718358038768
Constant Gate (gamma = 1.0),000202,FST_V_VI_Dark,0.2,3,0.897976290264639,0.8148429859828317
Constant Gate (gamma = 1.0),000206,FST_V_VI_Dark,0.0,0,0.9522451888809693,0.908843537414966
Constant Gate (gamma = 1.0),000206,FST_V_VI_Dark,0.2,1,0.8943918426802622,0.8089591567852438
Constant Gate (gamma = 1.0),000206,FST_V_VI_Dark,0.2,2,0.9561170212765957,0.9159235668789809
Constant Gate (gamma = 1.0),000206,FST_V_VI_Dark,0.2,3,0.9416553595658074,0.8897435897435897
Constant Gate (gamma = 1.0),000207,FST_V_VI_Dark,0.0,0,0.8067226890756303,0.676056338028169
Constant Gate (gamma = 1.0),000207,FST_V_VI_Dark,0.2,1,0.6557377049180327,0.4878048780487805
Constant Gate (gamma = 1.0),000207,FST_V_VI_Dark,0.2,2,0.8372093023255814,0.72
Constant Gate (gamma = 1.0),000207,FST_V_VI_Dark,0.2,3,0.8840579710144928,0.7922077922077922
Constant Gate (gamma = 1.0),000208,FST_V_VI_Dark,0.0,0,0.7294685990338164,0.5741444866920152
Constant Gate (gamma = 1.0),000208,FST_V_VI_Dark,0.2,1,0.7231920199501247,0.56640625
Constant Gate (gamma = 1.0),000208,FST_V_VI_Dark,0.2,2,0.719047619047619,0.5613382899628253
Constant Gate (gamma = 1.0),000208,FST_V_VI_Dark,0.2,3,0.6608315098468271,0.4934640522875817
Constant Gate (gamma = 1.0),000214,FST_V_VI_Dark,0.0,0,0.8103448275862069,0.6811594202898551
Constant Gate (gamma = 1.0),000214,FST_V_VI_Dark,0.2,1,0.779291553133515,0.6383928571428571
Constant Gate (gamma = 1.0),000214,FST_V_VI_Dark,0.2,2,0.8,0.6666666666666666
Constant Gate (gamma = 1.0),000214,FST_V_VI_Dark,0.2,3,0.7977839335180056,0.663594470046083
Constant Gate (gamma = 1.0),000215,FST_V_VI_Dark,0.0,0,0.6867469879518072,0.5229357798165137
Constant Gate (gamma = 1.0),000215,FST_V_VI_Dark,0.2,1,0.7261904761904762,0.5700934579439252
Constant Gate (gamma = 1.0),000215,FST_V_VI_Dark,0.2,2,0.7570621468926554,0.6090909090909091
Constant Gate (gamma = 1.0),000215,FST_V_VI_Dark,0.2,3,0.6966292134831461,0.5344827586206896
Constant Gate (gamma = 1.0),000216,FST_V_VI_Dark,0.0,0,0.9722518676627535,0.9460020768431984
Constant Gate (gamma = 1.0),000216,FST_V_VI_Dark,0.2,1,0.9172346640701071,0.8471223021582733
Constant Gate (gamma = 1.0),000216,FST_V_VI_Dark,0.2,2,0.95897903372835,0.9211908931698775
Constant Gate (gamma = 1.0),000216,FST_V_VI_Dark,0.2,3,0.9633534782049633,0.9292979409575788
Constant Gate (gamma = 1.0),000226,FST_V_VI_Dark,0.0,0,0.9144851657940664,0.842443729903537
Constant Gate (gamma = 1.0),000226,FST_V_VI_Dark,0.2,1,0.8431001890359168,0.7287581699346405
Constant Gate (gamma = 1.0),000226,FST_V_VI_Dark,0.2,2,0.9094017094017094,0.8338557993730408
Constant Gate (gamma = 1.0),000226,FST_V_VI_Dark,0.2,3,0.9170731707317074,0.8468468468468469
Constant Gate (gamma = 1.0),000231,FST_V_VI_Dark,0.0,0,0.8744326777609682,0.7768817204301075
Constant Gate (gamma = 1.0),000231,FST_V_VI_Dark,0.2,1,0.7406380027739251,0.5881057268722467
Constant Gate (gamma = 1.0),000231,FST_V_VI_Dark,0.2,2,0.8217054263565892,0.6973684210526315
Constant Gate (gamma = 1.0),000231,FST_V_VI_Dark,0.2,3,0.7425742574257426,0.5905511811023622
Constant Gate (gamma = 1.0),000232,FST_V_VI_Dark,0.0,0,0.8985355648535565,0.8157644824311491
Constant Gate (gamma = 1.0),000232,FST_V_VI_Dark,0.2,1,0.913619501854796,0.8409756097560975
Constant Gate (gamma = 1.0),000232,FST_V_VI_Dark,0.2,2,0.8858166922683052,0.7950367647058824
Constant Gate (gamma = 1.0),000232,FST_V_VI_Dark,0.2,3,0.8533068125310791,0.7441457068516912
Constant Gate (gamma = 1.0),000233,FST_V_VI_Dark,0.0,0,0.730718954248366,0.5756951596292482
Constant Gate (gamma = 1.0),000233,FST_V_VI_Dark,0.2,1,0.5724861196792104,0.4010371650821089
Constant Gate (gamma = 1.0),000233,FST_V_VI_Dark,0.2,2,0.7618476304739052,0.6153100775193798
Constant Gate (gamma = 1.0),000233,FST_V_VI_Dark,0.2,3,0.8314738696418086,0.7115577889447237
Constant Gate (gamma = 1.0),000239,FST_V_VI_Dark,0.0,0,0.7085953878406709,0.5487012987012987
Constant Gate (gamma = 1.0),000239,FST_V_VI_Dark,0.2,1,0.7219917012448133,0.564935064935065
Constant Gate (gamma = 1.0),000239,FST_V_VI_Dark,0.2,2,0.7389969293756398,0.586038961038961
Constant Gate (gamma = 1.0),000239,FST_V_VI_Dark,0.2,3,0.7801980198019802,0.6396103896103896
Constant Gate (gamma = 1.0),000241,FST_V_VI_Dark,0.0,0,0.8888888888888888,0.8
Constant Gate (gamma = 1.0),000241,FST_V_VI_Dark,0.2,1,0.6505240332490061,0.48205677557579
Constant Gate (gamma = 1.0),000241,FST_V_VI_Dark,0.2,2,0.8526709765226267,0.7431791221826809
Constant Gate (gamma = 1.0),000241,FST_V_VI_Dark,0.2,3,0.8397104446742503,0.7237076648841355
Constant Gate (gamma = 1.0),000242,FST_V_VI_Dark,0.0,0,0.23255813953488372,0.13157894736842105
Constant Gate (gamma = 1.0),000242,FST_V_VI_Dark,0.2,1,0.21335486103102294,0.11941647301833204
Constant Gate (gamma = 1.0),000242,FST_V_VI_Dark,0.2,2,0.1639961286159802,0.08932232179464651
Constant Gate (gamma = 1.0),000242,FST_V_VI_Dark,0.2,3,0.1979939400271654,0.10987418101698847
Constant Gate (gamma = 1.0),000246,FST_V_VI_Dark,0.0,0,0.9219512195121952,0.8552036199095022
Constant Gate (gamma = 1.0),000246,FST_V_VI_Dark,0.2,1,0.8184019370460048,0.6926229508196722
Constant Gate (gamma = 1.0),000246,FST_V_VI_Dark,0.2,2,0.8539325842696629,0.7450980392156863
Constant Gate (gamma = 1.0),000246,FST_V_VI_Dark,0.2,3,0.836104513064133,0.7183673469387755
Constant Gate (gamma = 1.0),000247,FST_V_VI_Dark,0.0,0,0.8029739776951673,0.6708074534161491
Constant Gate (gamma = 1.0),000247,FST_V_VI_Dark,0.2,1,0.8938193343898574,0.8080229226361032
Constant Gate (gamma = 1.0),000247,FST_V_VI_Dark,0.2,2,0.7936507936507936,0.6578947368421053
Constant Gate (gamma = 1.0),000247,FST_V_VI_Dark,0.2,3,0.7132616487455197,0.5543175487465181
Shuffled Contrast Proxy,000044,FST_I_II_Light,0.0,0,0.9248900615655233,0.8602748691099477
Shuffled Contrast Proxy,000044,FST_I_II_Light,0.2,1,0.8486069150721719,0.7370262390670554
Shuffled Contrast Proxy,000044,FST_I_II_Light,0.2,2,0.8731855160312649,0.7749150622876557
Shuffled Contrast Proxy,000044,FST_I_II_Light,0.2,3,0.7932246724193033,0.6573093220338984
Shuffled Contrast Proxy,000260,FST_I_II_Light,0.0,0,0.8519701810436635,0.7421150278293135
Shuffled Contrast Proxy,000260,FST_I_II_Light,0.2,1,0.7942583732057417,0.6587301587301587
Shuffled Contrast Proxy,000260,FST_I_II_Light,0.2,2,0.857707509881423,0.7508650519031141
Shuffled Contrast Proxy,000260,FST_I_II_Light,0.2,3,0.7858508604206501,0.647244094488189
Shuffled Contrast Proxy,000261,FST_I_II_Light,0.0,0,0.9171396140749148,0.8469601677148847
Shuffled Contrast Proxy,000261,FST_I_II_Light,0.2,1,0.8502415458937198,0.7394957983193278
Shuffled Contrast Proxy,000261,FST_I_II_Light,0.2,2,0.878625134264232,0.7835249042145593
Shuffled Contrast Proxy,000261,FST_I_II_Light,0.2,3,0.8435517970401691,0.7294332723948812
Shuffled Contrast Proxy,000265,FST_I_II_Light,0.0,0,0.9107537054556922,0.8361320208453966
Shuffled Contrast Proxy,000265,FST_I_II_Light,0.2,1,0.8793650793650793,0.7847025495750708
Shuffled Contrast Proxy,000265,FST_I_II_Light,0.2,2,0.876580373269115,0.7802786709539121
Shuffled Contrast Proxy,000265,FST_I_II_Light,0.2,3,0.8528009535160905,0.7433766233766234
Shuffled Contrast Proxy,000270,FST_I_II_Light,0.0,0,0.8764044943820225,0.78
Shuffled Contrast Proxy,000270,FST_I_II_Light,0.2,1,0.6042780748663101,0.4329501915708812
Shuffled Contrast Proxy,000270,FST_I_II_Light,0.2,2,0.8602150537634409,0.7547169811320755
Shuffled Contrast Proxy,000270,FST_I_II_Light,0.2,3,0.8710601719197708,0.7715736040609137
Shuffled Contrast Proxy,000273,FST_I_II_Light,0.0,0,0.8666666666666667,0.7647058823529411
Shuffled Contrast Proxy,000273,FST_I_II_Light,0.2,1,0.7536231884057971,0.6046511627906976
Shuffled Contrast Proxy,000273,FST_I_II_Light,0.2,2,0.9090909090909091,0.8333333333333334
Shuffled Contrast Proxy,000273,FST_I_II_Light,0.2,3,0.8654970760233918,0.7628865979381443
Shuffled Contrast Proxy,000274,FST_I_II_Light,0.0,0,0.7920792079207921,0.6557377049180327
Shuffled Contrast Proxy,000274,FST_I_II_Light,0.2,1,0.638095238095238,0.46853146853146854
Shuffled Contrast Proxy,000274,FST_I_II_Light,0.2,2,0.7964601769911505,0.6617647058823529
Shuffled Contrast Proxy,000274,FST_I_II_Light,0.2,3,0.8530805687203792,0.743801652892562
Shuffled Contrast Proxy,000275,FST_I_II_Light,0.0,0,0.8329809725158562,0.7137681159420289
Shuffled Contrast Proxy,000275,FST_I_II_Light,0.2,1,0.8540772532188842,0.7453183520599251
Shuffled Contrast Proxy,000275,FST_I_II_Light,0.2,2,0.8191268191268192,0.6936619718309859
Shuffled Contrast Proxy,000275,FST_I_II_Light,0.2,3,0.8383233532934131,0.7216494845360825
Shuffled Contrast Proxy,000278,FST_I_II_Light,0.0,0,0.8705784436121515,0.7708179808400885
Shuffled Contrast Proxy,000278,FST_I_II_Light,0.2,1,0.8602525032651285,0.7547746371275783
Shuffled Contrast Proxy,000278,FST_I_II_Light,0.2,2,0.8853398853398854,0.7942689199118296
Shuffled Contrast Proxy,000278,FST_I_II_Light,0.2,3,0.8760064412238325,0.7793696275071633
Shuffled Contrast Proxy,000280,FST_I_II_Light,0.0,0,0.7623762376237624,0.616
Shuffled Contrast Proxy,000280,FST_I_II_Light,0.2,1,0.6424870466321243,0.4732824427480916
Shuffled Contrast Proxy,000280,FST_I_II_Light,0.2,2,0.7339449541284404,0.5797101449275363
Shuffled Contrast Proxy,000280,FST_I_II_Light,0.2,3,0.7298578199052133,0.5746268656716418
Shuffled Contrast Proxy,000283,FST_I_II_Light,0.0,0,0.8096,0.6801075268817204
Shuffled Contrast Proxy,000283,FST_I_II_Light,0.2,1,0.7250384024577573,0.5686746987951807
Shuffled Contrast Proxy,000283,FST_I_II_Light,0.2,2,0.7541478129713424,0.6053268765133172
Shuffled Contrast Proxy,000283,FST_I_II_Light,0.2,3,0.8043478260869565,0.6727272727272727
Shuffled Contrast Proxy,000284,FST_I_II_Light,0.0,0,0.9241786015164279,0.8590446358653093
Shuffled Contrast Proxy,000284,FST_I_II_Light,0.2,1,0.8942075623491552,0.8086576937068025
Shuffled Contrast Proxy,000284,FST_I_II_Light,0.2,2,0.8792251433089543,0.7844797178130511
Shuffled Contrast Proxy,000284,FST_I_II_Light,0.2,3,0.9053117782909931,0.8270042194092827
Shuffled Contrast Proxy,000288,FST_I_II_Light,0.0,0,0.8783505154639175,0.7830882352941176
Shuffled Contrast Proxy,000288,FST_I_II_Light,0.2,1,0.8905950095969289,0.8027681660899654
Shuffled Contrast Proxy,000288,FST_I_II_Light,0.2,2,0.8187919463087249,0.6931818181818182
Shuffled Contrast Proxy,000288,FST_I_II_Light,0.2,3,0.7046632124352331,0.544
Shuffled Contrast Proxy,000292,FST_I_II_Light,0.0,0,0.9138724523339908,0.8414043583535109
Shuffled Contrast Proxy,000292,FST_I_II_Light,0.2,1,0.8547400611620795,0.7463284379172229
Shuffled Contrast Proxy,000292,FST_I_II_Light,0.2,2,0.8802302868304719,0.786081527726772
Shuffled Contrast Proxy,000292,FST_I_II_Light,0.2,3,0.8548846032247865,0.7465488680287135
Shuffled Contrast Proxy,000294,FST_I_II_Light,0.0,0,0.8140703517587939,0.6864406779661016
Shuffled Contrast Proxy,000294,FST_I_II_Light,0.2,1,0.8118811881188119,0.6833333333333333
Shuffled Contrast Proxy,000294,FST_I_II_Light,0.2,2,0.8151658767772512,0.688
Shuffled Contrast Proxy,000294,FST_I_II_Light,0.2,3,0.7524752475247525,0.6031746031746031
Shuffled Contrast Proxy,000303,FST_I_II_Light,0.0,0,0.7641921397379913,0.6183745583038869
Shuffled Contrast Proxy,000303,FST_I_II_Light,0.2,1,0.6986899563318777,0.5369127516778524
Shuffled Contrast Proxy,000303,FST_I_II_Light,0.2,2,0.8097165991902834,0.6802721088435374
Shuffled Contrast Proxy,000303,FST_I_II_Light,0.2,3,0.7725490196078432,0.6293929712460063
Shuffled Contrast Proxy,000304,FST_I_II_Light,0.0,0,0.9373259052924791,0.8820445609436435
Shuffled Contrast Proxy,000304,FST_I_II_Light,0.2,1,0.9127988748241913,0.8395860284605433
Shuffled Contrast Proxy,000304,FST_I_II_Light,0.2,2,0.9475862068965517,0.9003931847968545
Shuffled Contrast Proxy,000304,FST_I_II_Light,0.2,3,0.9221140472878998,0.8554838709677419
Shuffled Contrast Proxy,000305,FST_I_II_Light,0.0,0,0.7407407407407407,0.5882352941176471
Shuffled Contrast Proxy,000305,FST_I_II_Light,0.2,1,0.6764705882352942,0.5111111111111111
Shuffled Contrast Proxy,000305,FST_I_II_Light,0.2,2,0.7222222222222222,0.5652173913043478
Shuffled Contrast Proxy,000305,FST_I_II_Light,0.2,3,0.7375886524822695,0.5842696629213483
Shuffled Contrast Proxy,000307,FST_I_II_Light,0.0,0,0.5378151260504201,0.367816091954023
Shuffled Contrast Proxy,000307,FST_I_II_Light,0.2,1,0.5094339622641509,0.34177215189873417
Shuffled Contrast Proxy,000307,FST_I_II_Light,0.2,2,0.4925373134328358,0.32673267326732675
Shuffled Contrast Proxy,000307,FST_I_II_Light,0.2,3,0.44,0.28205128205128205
Shuffled Contrast Proxy,000308,FST_I_II_Light,0.0,0,0.958989444540578,0.9212101063829787
Shuffled Contrast Proxy,000308,FST_I_II_Light,0.2,1,0.9682458821531669,0.9384463462804477
Shuffled Contrast Proxy,000308,FST_I_II_Light,0.2,2,0.9738985868661679,0.9491250810110174
Shuffled Contrast Proxy,000308,FST_I_II_Light,0.2,3,0.975609756097561,0.9523809523809523
Shuffled Contrast Proxy,000311,FST_I_II_Light,0.0,0,0.8961748633879781,0.8118811881188119
Shuffled Contrast Proxy,000311,FST_I_II_Light,0.2,1,0.7910863509749304,0.6543778801843319
Shuffled Contrast Proxy,000311,FST_I_II_Light,0.2,2,0.8958333333333334,0.8113207547169812
Shuffled Contrast Proxy,000311,FST_I_II_Light,0.2,3,0.8610354223433242,0.7559808612440191
Shuffled Contrast Proxy,000314,FST_I_II_Light,0.0,0,0.9326241134751773,0.8737541528239202
Shuffled Contrast Proxy,000314,FST_I_II_Light,0.2,1,0.9077490774907749,0.831081081081081
Shuffled Contrast Proxy,000314,FST_I_II_Light,0.2,2,0.9100346020761245,0.834920634920635
Shuffled Contrast Proxy,000314,FST_I_II_Light,0.2,3,0.9173989455184535,0.8474025974025974
Shuffled Contrast Proxy,000317,FST_I_II_Light,0.0,0,0.8187134502923976,0.693069306930693
Shuffled Contrast Proxy,000317,FST_I_II_Light,0.2,1,0.7804878048780488,0.64
Shuffled Contrast Proxy,000317,FST_I_II_Light,0.2,2,0.813953488372093,0.6862745098039216
Shuffled Contrast Proxy,000317,FST_I_II_Light,0.2,3,0.7675675675675676,0.6228070175438597
Shuffled Contrast Proxy,000321,FST_I_II_Light,0.0,0,0.9118541033434651,0.8379888268156425
Shuffled Contrast Proxy,000321,FST_I_II_Light,0.2,1,0.9194029850746268,0.850828729281768
Shuffled Contrast Proxy,000321,FST_I_II_Light,0.2,2,0.9135802469135802,0.8409090909090909
Shuffled Contrast Proxy,000321,FST_I_II_Light,0.2,3,0.8862275449101796,0.7956989247311828
Shuffled Contrast Proxy,000323,FST_I_II_Light,0.0,0,0.8893617021276595,0.8007662835249042
Shuffled Contrast Proxy,000323,FST_I_II_Light,0.2,1,0.834070796460177,0.715370018975332
Shuffled Contrast Proxy,000323,FST_I_II_Light,0.2,2,0.8852119958634953,0.7940630797773655
Shuffled Contrast Proxy,000323,FST_I_II_Light,0.2,3,0.9076305220883534,0.8308823529411765
Shuffled Contrast Proxy,000326,FST_I_II_Light,0.0,0,0.8412698412698413,0.726027397260274
Shuffled Contrast Proxy,000326,FST_I_II_Light,0.2,1,0.7808764940239044,0.6405228758169934
Shuffled Contrast Proxy,000326,FST_I_II_Light,0.2,2,0.8308823529411765,0.710691823899371
Shuffled Contrast Proxy,000326,FST_I_II_Light,0.2,3,0.8169014084507042,0.6904761904761905
Shuffled Contrast Proxy,000330,FST_I_II_Light,0.0,0,0.8617363344051447,0.7570621468926554
Shuffled Contrast Proxy,000330,FST_I_II_Light,0.2,1,0.7719298245614035,0.6285714285714286
Shuffled Contrast Proxy,000330,FST_I_II_Light,0.2,2,0.8424242424242424,0.7277486910994765
Shuffled Contrast Proxy,000330,FST_I_II_Light,0.2,3,0.8344370860927153,0.7159090909090909
Shuffled Contrast Proxy,000335,FST_I_II_Light,0.0,0,0.8737324963785611,0.7757770632368703
Shuffled Contrast Proxy,000335,FST_I_II_Light,0.2,1,0.8156381755461862,0.6886731391585761
Shuffled Contrast Proxy,000335,FST_I_II_Light,0.2,2,0.8335468841001747,0.7145995606151389
Shuffled Contrast Proxy,000335,FST_I_II_Light,0.2,3,0.8278101209135692,0.7062082139446036
Shuffled Contrast Proxy,000346,FST_I_II_Light,0.0,0,0.9634551495016611,0.9294871794871795
Shuffled Contrast Proxy,000346,FST_I_II_Light,0.2,1,0.9059233449477352,0.8280254777070064
Shuffled Contrast Proxy,000346,FST_I_II_Light,0.2,2,0.9329073482428115,0.874251497005988
Shuffled Contrast Proxy,000346,FST_I_II_Light,0.2,3,0.8722741433021807,0.7734806629834254
Shuffled Contrast Proxy,000349,FST_I_II_Light,0.0,0,0.9361930294906167,0.8800403225806451
Shuffled Contrast Proxy,000349,FST_I_II_Light,0.2,1,0.8026388125343595,0.6703397612488522
Shuffled Contrast Proxy,000349,FST_I_II_Light,0.2,2,0.853672004417449,0.7447013487475915
Shuffled Contrast Proxy,000349,FST_I_II_Light,0.2,3,0.8401162790697675,0.7243107769423559
Shuffled Contrast Proxy,000354,FST_I_II_Light,0.0,0,0.8723735408560311,0.7736369910282954
Shuffled Contrast Proxy,000354,FST_I_II_Light,0.2,1,0.7811501597444089,0.6408912188728703
Shuffled Contrast Proxy,000354,FST_I_II_Light,0.2,2,0.8802512760109933,0.7861150070126227
Shuffled Contrast Proxy,000354,FST_I_II_Light,0.2,3,0.8596237337192475,0.7538071065989848
Shuffled Contrast Proxy,000355,FST_I_II_Light,0.0,0,0.9525077674212161,0.9093220338983051
Shuffled Contrast Proxy,000355,FST_I_II_Light,0.2,1,0.8038976857490865,0.6720977596741344
Shuffled Contrast Proxy,000355,FST_I_II_Light,0.2,2,0.8975428836346778,0.8141295206055509
Shuffled Contrast Proxy,000355,FST_I_II_Light,0.2,3,0.8902795160617438,0.8022556390977443
Shuffled Contrast Proxy,000358,FST_I_II_Light,0.0,0,0.8233486943164362,0.6997389033942559
Shuffled Contrast Proxy,000358,FST_I_II_Light,0.2,1,0.8651685393258427,0.7623762376237624
Shuffled Contrast Proxy,000358,FST_I_II_Light,0.2,2,0.8563134978229318,0.748730964467005
Shuffled Contrast Proxy,000358,FST_I_II_Light,0.2,3,0.7756315007429421,0.633495145631068
Shuffled Contrast Proxy,000366,FST_I_II_Light,0.0,0,0.8032989690721649,0.6712611991729841
Shuffled Contrast Proxy,000366,FST_I_II_Light,0.2,1,0.7137318914507244,0.5548857868020305
Shuffled Contrast Proxy,000366,FST_I_II_Light,0.2,2,0.7798312575331459,0.639117550214027
Shuffled Contrast Proxy,000366,FST_I_II_Light,0.2,3,0.7859495060373216,0.6473779385171791
Shuffled Contrast Proxy,000370,FST_I_II_Light,0.0,0,0.7920792079207921,0.6557377049180327
Shuffled Contrast Proxy,000370,FST_I_II_Light,0.2,1,0.8100147275405007,0.6806930693069307
Shuffled Contrast Proxy,000370,FST_I_II_Light,0.2,2,0.8763693270735524,0.7799442896935933
Shuffled Contrast Proxy,000370,FST_I_II_Light,0.2,3,0.7354260089686099,0.5815602836879432
Shuffled Contrast Proxy,000371,FST_I_II_Light,0.0,0,0.9241071428571429,0.8589211618257261
Shuffled Contrast Proxy,000371,FST_I_II_Light,0.2,1,0.9027149321266968,0.822680412371134
Shuffled Contrast Proxy,000371,FST_I_II_Light,0.2,2,0.9375,0.8823529411764706
Shuffled Contrast Proxy,000371,FST_I_II_Light,0.2,3,0.9516806722689075,0.9078156312625251
Shuffled Contrast Proxy,000373,FST_I_II_Light,0.0,0,0.6818181818181818,0.5172413793103449
Shuffled Contrast Proxy,000373,FST_I_II_Light,0.2,1,0.6431095406360424,0.4739583333333333
Shuffled Contrast Proxy,000373,FST_I_II_Light,0.2,2,0.6583850931677019,0.49074074074074076
Shuffled Contrast Proxy,000373,FST_I_II_Light,0.2,3,0.6583850931677019,0.49074074074074076
Shuffled Contrast Proxy,000375,FST_I_II_Light,0.0,0,0.7625272331154684,0.6161971830985915
Shuffled Contrast Proxy,000375,FST_I_II_Light,0.2,1,0.6612903225806451,0.4939759036144578
Shuffled Contrast Proxy,000375,FST_I_II_Light,0.2,2,0.7579365079365079,0.610223642172524
Shuffled Contrast Proxy,000375,FST_I_II_Light,0.2,3,0.8183716075156576,0.6925795053003534
Shuffled Contrast Proxy,000377,FST_I_II_Light,0.0,0,0.8552915766738661,0.7471698113207547
Shuffled Contrast Proxy,000377,FST_I_II_Light,0.2,1,0.6824644549763034,0.5179856115107914
Shuffled Contrast Proxy,000377,FST_I_II_Light,0.2,2,0.8582834331337326,0.7517482517482518
Shuffled Contrast Proxy,000377,FST_I_II_Light,0.2,3,0.8809523809523809,0.7872340425531915
Shuffled Contrast Proxy,000381,FST_I_II_Light,0.0,0,0.926905132192846,0.863768115942029
Shuffled Contrast Proxy,000381,FST_I_II_Light,0.2,1,0.826625386996904,0.7044854881266491
Shuffled Contrast Proxy,000381,FST_I_II_Light,0.2,2,0.9372262773722628,0.8818681318681318
Shuffled Contrast Proxy,000381,FST_I_II_Light,0.2,3,0.9440242057488654,0.8939828080229226
Shuffled Contrast Proxy,000386,FST_I_II_Light,0.0,0,0.8315789473684211,0.7117117117117117
Shuffled Contrast Proxy,000386,FST_I_II_Light,0.2,1,0.6951566951566952,0.5327510917030568
Shuffled Contrast Proxy,000386,FST_I_II_Light,0.2,2,0.8493827160493828,0.7381974248927039
Shuffled Contrast Proxy,000386,FST_I_II_Light,0.2,3,0.8410757946210269,0.7257383966244726
Shuffled Contrast Proxy,000387,FST_I_II_Light,0.0,0,0.8661181750186986,0.7638522427440633
Shuffled Contrast Proxy,000387,FST_I_II_Light,0.2,1,0.7484909456740443,0.5980707395498392
Shuffled Contrast Proxy,000387,FST_I_II_Light,0.2,2,0.8562005277044855,0.748558246828143
Shuffled Contrast Proxy,000387,FST_I_II_Light,0.2,3,0.8449197860962567,0.7314814814814815
Shuffled Contrast Proxy,000388,FST_I_II_Light,0.0,0,0.9264248704663213,0.862934362934363
Shuffled Contrast Proxy,000388,FST_I_II_Light,0.2,1,0.8384279475982532,0.7218045112781954
Shuffled Contrast Proxy,000388,FST_I_II_Light,0.2,2,0.9317269076305221,0.8721804511278195
Shuffled Contrast Proxy,000388,FST_I_II_Light,0.2,3,0.9347368421052632,0.8774703557312253
Shuffled Contrast Proxy,000389,FST_I_II_Light,0.0,0,0.7787610619469026,0.6376811594202898
Shuffled Contrast Proxy,000389,FST_I_II_Light,0.2,1,0.8316831683168316,0.711864406779661
Shuffled Contrast Proxy,000389,FST_I_II_Light,0.2,2,0.8,0.6666666666666666
Shuffled Contrast Proxy,000389,FST_I_II_Light,0.2,3,0.7230769230769231,0.5662650602409639
Shuffled Contrast Proxy,000390,FST_I_II_Light,0.0,0,0.8101761252446184,0.680921052631579
Shuffled Contrast Proxy,000390,FST_I_II_Light,0.2,1,0.8235294117647058,0.7
Shuffled Contrast Proxy,000390,FST_I_II_Light,0.2,2,0.9261744966442953,0.8625
Shuffled Contrast Proxy,000390,FST_I_II_Light,0.2,3,0.8288973384030418,0.7077922077922078
Shuffled Contrast Proxy,000391,FST_I_II_Light,0.0,0,0.784688995215311,0.6456692913385826
Shuffled Contrast Proxy,000391,FST_I_II_Light,0.2,1,0.755868544600939,0.6075471698113207
Shuffled Contrast Proxy,000391,FST_I_II_Light,0.2,2,0.7851851851851852,0.6463414634146342
Shuffled Contrast Proxy,000391,FST_I_II_Light,0.2,3,0.7897196261682243,0.6525096525096525
Shuffled Contrast Proxy,000395,FST_I_II_Light,0.0,0,0.8740157480314961,0.7762237762237763
Shuffled Contrast Proxy,000395,FST_I_II_Light,0.2,1,0.832,0.7123287671232876
Shuffled Contrast Proxy,000395,FST_I_II_Light,0.2,2,0.8854961832061069,0.7945205479452054
Shuffled Contrast Proxy,000395,FST_I_II_Light,0.2,3,0.8897338403041825,0.8013698630136986
Shuffled Contrast Proxy,000403,FST_I_II_Light,0.0,0,0.9012567324955116,0.8202614379084967
Shuffled Contrast Proxy,000403,FST_I_II_Light,0.2,1,0.826362484157161,0.7041036717062635
Shuffled Contrast Proxy,000403,FST_I_II_Light,0.2,2,0.9131403118040089,0.8401639344262295
Shuffled Contrast Proxy,000403,FST_I_II_Light,0.2,3,0.8971553610503282,0.8134920634920635
Shuffled Contrast Proxy,000405,FST_I_II_Light,0.0,0,0.9195519348268839,0.8510838831291234
Shuffled Contrast Proxy,000405,FST_I_II_Light,0.2,1,0.7465968586387435,0.595655806182122
Shuffled Contrast Proxy,000405,FST_I_II_Light,0.2,2,0.9150450878025629,0.8433945756780402
Shuffled Contrast Proxy,000405,FST_I_II_Light,0.2,3,0.9093539054966249,0.8337754199823165
Shuffled Contrast Proxy,000406,FST_I_II_Light,0.0,0,0.9097207642242284,0.8343924513768535
Shuffled Contrast Proxy,000406,FST_I_II_Light,0.2,1,0.8542408376963351,0.7455675379272528
Shuffled Contrast Proxy,000406,FST_I_II_Light,0.2,2,0.8831942789034565,0.7908217716115261
Shuffled Contrast Proxy,000406,FST_I_II_Light,0.2,3,0.813389456804971,0.6854729729729729
Shuffled Contrast Proxy,000407,FST_I_II_Light,0.0,0,0.8723404255319149,0.7735849056603774
Shuffled Contrast Proxy,000407,FST_I_II_Light,0.2,1,0.8424657534246576,0.727810650887574
Shuffled Contrast Proxy,000407,FST_I_II_Light,0.2,2,0.8402777777777778,0.7245508982035929
Shuffled Contrast Proxy,000407,FST_I_II_Light,0.2,3,0.9061488673139159,0.8284023668639053
Shuffled Contrast Proxy,000408,FST_I_II_Light,0.0,0,0.794392523364486,0.6589147286821705
Shuffled Contrast Proxy,000408,FST_I_II_Light,0.2,1,0.7407407407407407,0.5882352941176471
Shuffled Contrast Proxy,000408,FST_I_II_Light,0.2,2,0.8113207547169812,0.6825396825396826
Shuffled Contrast Proxy,000408,FST_I_II_Light,0.2,3,0.7228915662650602,0.5660377358490566
Shuffled Contrast Proxy,000411,FST_I_II_Light,0.0,0,0.8502415458937198,0.7394957983193278
Shuffled Contrast Proxy,000411,FST_I_II_Light,0.2,1,0.863849765258216,0.7603305785123967
Shuffled Contrast Proxy,000411,FST_I_II_Light,0.2,2,0.8333333333333334,0.7142857142857143
Shuffled Contrast Proxy,000411,FST_I_II_Light,0.2,3,0.7725321888412017,0.6293706293706294
Shuffled Contrast Proxy,000415,FST_I_II_Light,0.0,0,0.9462068965517242,0.8979057591623036
Shuffled Contrast Proxy,000415,FST_I_II_Light,0.2,1,0.938255033557047,0.8836915297092288
Shuffled Contrast Proxy,000415,FST_I_II_Light,0.2,2,0.9364319890635681,0.8804627249357326
Shuffled Contrast Proxy,000415,FST_I_II_Light,0.2,3,0.934228187919463,0.8765743073047859
Shuffled Contrast Proxy,000417,FST_I_II_Light,0.0,0,0.8290331726679898,0.7079903147699758
Shuffled Contrast Proxy,000417,FST_I_II_Light,0.2,1,0.7208703120526768,0.563563115487914
Shuffled Contrast Proxy,000417,FST_I_II_Light,0.2,2,0.7590027700831025,0.6116071428571429
Shuffled Contrast Proxy,000417,FST_I_II_Light,0.2,3,0.8162564396107613,0.6895551257253385
Shuffled Contrast Proxy,000422,FST_I_II_Light,0.0,0,0.8402777777777778,0.7245508982035929
Shuffled Contrast Proxy,000422,FST_I_II_Light,0.2,1,0.7098976109215017,0.5502645502645502
Shuffled Contrast Proxy,000422,FST_I_II_Light,0.2,2,0.8391167192429022,0.7228260869565217
Shuffled Contrast Proxy,000422,FST_I_II_Light,0.2,3,0.9078498293515358,0.83125
Shuffled Contrast Proxy,000433,FST_I_II_Light,0.0,0,0.9098196392785571,0.8345588235294118
Shuffled Contrast Proxy,000433,FST_I_II_Light,0.2,1,0.891170431211499,0.8037037037037037
Shuffled Contrast Proxy,000433,FST_I_II_Light,0.2,2,0.9109730848861284,0.8365019011406845
Shuffled Contrast Proxy,000433,FST_I_II_Light,0.2,3,0.8354430379746836,0.717391304347826
Shuffled Contrast Proxy,000438,FST_I_II_Light,0.0,0,0.6666666666666666,0.5
Shuffled Contrast Proxy,000438,FST_I_II_Light,0.2,1,0.5934065934065934,0.421875
Shuffled Contrast Proxy,000438,FST_I_II_Light,0.2,2,0.6436781609195402,0.4745762711864407
Shuffled Contrast Proxy,000438,FST_I_II_Light,0.2,3,0.6511627906976745,0.4827586206896552
Shuffled Contrast Proxy,000439,FST_I_II_Light,0.0,0,0.6696428571428571,0.5033557046979866
Shuffled Contrast Proxy,000439,FST_I_II_Light,0.2,1,0.6517857142857143,0.48344370860927155
Shuffled Contrast Proxy,000439,FST_I_II_Light,0.2,2,0.6666666666666666,0.5
Shuffled Contrast Proxy,000439,FST_I_II_Light,0.2,3,0.7027027027027027,0.5416666666666666
Shuffled Contrast Proxy,000010,FST_III_IV_Medium,0.0,0,0.8811795316565482,0.7875968992248062
Shuffled Contrast Proxy,000010,FST_III_IV_Medium,0.2,1,0.8155844155844156,0.6885964912280702
Shuffled Contrast Proxy,000010,FST_III_IV_Medium,0.2,2,0.8664440734557596,0.7643593519882179
Shuffled Contrast Proxy,000010,FST_III_IV_Medium,0.2,3,0.8733624454148472,0.7751937984496124
Shuffled Contrast Proxy,000057,FST_III_IV_Medium,0.0,0,0.872072072072072,0.7731629392971247
Shuffled Contrast Proxy,000057,FST_III_IV_Medium,0.2,1,0.774074074074074,0.6314199395770392
Shuffled Contrast Proxy,000057,FST_III_IV_Medium,0.2,2,0.926391382405745,0.862876254180602
Shuffled Contrast Proxy,000057,FST_III_IV_Medium,0.2,3,0.8202614379084967,0.6952908587257618
Shuffled Contrast Proxy,000064,FST_III_IV_Medium,0.0,0,0.8611599297012302,0.7561728395061729
Shuffled Contrast Proxy,000064,FST_III_IV_Medium,0.2,1,0.7981566820276498,0.6641104294478528
Shuffled Contrast Proxy,000064,FST_III_IV_Medium,0.2,2,0.8235294117647058,0.7
Shuffled Contrast Proxy,000064,FST_III_IV_Medium,0.2,3,0.8037383177570093,0.671875
Shuffled Contrast Proxy,000070,FST_III_IV_Medium,0.0,0,0.9597010942087003,0.9225243714725501
Shuffled Contrast Proxy,000070,FST_III_IV_Medium,0.2,1,0.7959081836327345,0.6610029009531704
Shuffled Contrast Proxy,000070,FST_III_IV_Medium,0.2,2,0.9117053481331988,0.837737598516458
Shuffled Contrast Proxy,000070,FST_III_IV_Medium,0.2,3,0.8492277518999755,0.737963357477631
Shuffled Contrast Proxy,000099,FST_III_IV_Medium,0.0,0,0.7649769585253456,0.6194029850746269
Shuffled Contrast Proxy,000099,FST_III_IV_Medium,0.2,1,0.6086956521739131,0.4375
Shuffled Contrast Proxy,000099,FST_III_IV_Medium,0.2,2,0.7136929460580913,0.5548387096774193
Shuffled Contrast Proxy,000099,FST_III_IV_Medium,0.2,3,0.7692307692307693,0.625
Shuffled Contrast Proxy,000100,FST_III_IV_Medium,0.0,0,0.8610067618332081,0.7559366754617414
Shuffled Contrast Proxy,000100,FST_III_IV_Medium,0.2,1,0.8487199379363848,0.7371967654986523
Shuffled Contrast Proxy,000100,FST_III_IV_Medium,0.2,2,0.8802395209580839,0.786096256684492
Shuffled Contrast Proxy,000100,FST_III_IV_Medium,0.2,3,0.8360083740404746,0.7182254196642686
Shuffled Contrast Proxy,000110,FST_III_IV_Medium,0.0,0,0.8429752066115702,0.7285714285714285
Shuffled Contrast Proxy,000110,FST_III_IV_Medium,0.2,1,0.8205128205128205,0.6956521739130435
Shuffled Contrast Proxy,000110,FST_III_IV_Medium,0.2,2,0.819672131147541,0.6944444444444444
Shuffled Contrast Proxy,000110,FST_III_IV_Medium,0.2,3,0.828125,0.7066666666666667
Shuffled Contrast Proxy,000184,FST_III_IV_Medium,0.0,0,0.6578947368421053,0.49019607843137253
Shuffled Contrast Proxy,000184,FST_III_IV_Medium,0.2,1,0.5517241379310345,0.38095238095238093
Shuffled Contrast Proxy,000184,FST_III_IV_Medium,0.2,2,0.5714285714285714,0.4
Shuffled Contrast Proxy,000184,FST_III_IV_Medium,0.2,3,0.6936416184971098,0.5309734513274337
Shuffled Contrast Proxy,000194,FST_III_IV_Medium,0.0,0,0.906962415280345,0.8297632468996617
Shuffled Contrast Proxy,000194,FST_III_IV_Medium,0.2,1,0.8120845921450152,0.6836215666327569
Shuffled Contrast Proxy,000194,FST_III_IV_Medium,0.2,2,0.8610951008645533,0.7560728744939271
Shuffled Contrast Proxy,000194,FST_III_IV_Medium,0.2,3,0.8318042813455657,0.7120418848167539
Shuffled Contrast Proxy,000224,FST_III_IV_Medium,0.0,0,0.9407225534900036,0.8880794701986755
Shuffled Contrast Proxy,000224,FST_III_IV_Medium,0.2,1,0.9352818371607515,0.8784313725490196
Shuffled Contrast Proxy,000224,FST_III_IV_Medium,0.2,2,0.9384615384615385,0.8840579710144928
Shuffled Contrast Proxy,000224,FST_III_IV_Medium,0.2,3,0.9479130734736116,0.9009836065573771
Shuffled Contrast Proxy,000243,FST_III_IV_Medium,0.0,0,0.7563025210084033,0.6081081081081081
Shuffled Contrast Proxy,000243,FST_III_IV_Medium,0.2,1,0.7241379310344828,0.5675675675675675
Shuffled Contrast Proxy,000243,FST_III_IV_Medium,0.2,2,0.703125,0.5421686746987951
Shuffled Contrast Proxy,000243,FST_III_IV_Medium,0.2,3,0.7142857142857143,0.5555555555555556
Shuffled Contrast Proxy,000443,FST_III_IV_Medium,0.0,0,0.9283489096573209,0.8662790697674418
Shuffled Contrast Proxy,000443,FST_III_IV_Medium,0.2,1,0.8047210300429185,0.6732495511669659
Shuffled Contrast Proxy,000443,FST_III_IV_Medium,0.2,2,0.9173955296404276,0.8473967684021544
Shuffled Contrast Proxy,000443,FST_III_IV_Medium,0.2,3,0.8548707753479126,0.7465277777777778
Shuffled Contrast Proxy,000444,FST_III_IV_Medium,0.0,0,0.8152866242038217,0.6881720430107527
Shuffled Contrast Proxy,000444,FST_III_IV_Medium,0.2,1,0.7261146496815286,0.57
Shuffled Contrast Proxy,000444,FST_III_IV_Medium,0.2,2,0.7664670658682635,0.6213592233009708
Shuffled Contrast Proxy,000444,FST_III_IV_Medium,0.2,3,0.74375,0.5920398009950248
Shuffled Contrast Proxy,000446,FST_III_IV_Medium,0.0,0,0.8022598870056498,0.6698113207547169
Shuffled Contrast Proxy,000446,FST_III_IV_Medium,0.2,1,0.8022598870056498,0.6698113207547169
Shuffled Contrast Proxy,000446,FST_III_IV_Medium,0.2,2,0.8068181818181818,0.6761904761904762
Shuffled Contrast Proxy,000446,FST_III_IV_Medium,0.2,3,0.7244897959183674,0.568
Shuffled Contrast Proxy,000447,FST_III_IV_Medium,0.0,0,0.8105864037363778,0.6815008726003491
Shuffled Contrast Proxy,000447,FST_III_IV_Medium,0.2,1,0.7630736392742796,0.6169111302847282
Shuffled Contrast Proxy,000447,FST_III_IV_Medium,0.2,2,0.8622222222222222,0.7578125
Shuffled Contrast Proxy,000447,FST_III_IV_Medium,0.2,3,0.7959372114496768,0.661042944785276
Shuffled Contrast Proxy,000451,FST_III_IV_Medium,0.0,0,0.944475602916433,0.8947927736450585
Shuffled Contrast Proxy,000451,FST_III_IV_Medium,0.2,1,0.8404624277456647,0.7248255234297108
Shuffled Contrast Proxy,000451,FST_III_IV_Medium,0.2,2,0.9198751300728408,0.8516377649325626
Shuffled Contrast Proxy,000451,FST_III_IV_Medium,0.2,3,0.8841059602649006,0.7922848664688428
Shuffled Contrast Proxy,000452,FST_III_IV_Medium,0.0,0,0.9228346456692913,0.8567251461988304
Shuffled Contrast Proxy,000452,FST_III_IV_Medium,0.2,1,0.8896103896103896,0.8011695906432749
Shuffled Contrast Proxy,000452,FST_III_IV_Medium,0.2,2,0.9107692307692308,0.8361581920903954
Shuffled Contrast Proxy,000452,FST_III_IV_Medium,0.2,3,0.8941877794336811,0.8086253369272237
Shuffled Contrast Proxy,000453,FST_III_IV_Medium,0.0,0,0.8830188679245283,0.7905405405405406
Shuffled Contrast Proxy,000453,FST_III_IV_Medium,0.2,1,0.7928464977645305,0.6567901234567901
Shuffled Contrast Proxy,000453,FST_III_IV_Medium,0.2,2,0.8795013850415513,0.7849196538936959
Shuffled Contrast Proxy,000453,FST_III_IV_Medium,0.2,3,0.8080267558528428,0.6778900112233446
Shuffled Contrast Proxy,000454,FST_III_IV_Medium,0.0,0,0.9562043795620438,0.916083916083916
Shuffled Contrast Proxy,000454,FST_III_IV_Medium,0.2,1,0.956140350877193,0.9159663865546218
Shuffled Contrast Proxy,000454,FST_III_IV_Medium,0.2,2,0.9729344729344729,0.9472954230235784
Shuffled Contrast Proxy,000454,FST_III_IV_Medium,0.2,3,0.938472942920682,0.8840782122905028
Shuffled Contrast Proxy,000457,FST_III_IV_Medium,0.0,0,0.9454962707974757,0.8966267682263329
Shuffled Contrast Proxy,000457,FST_III_IV_Medium,0.2,1,0.9387755102040817,0.8846153846153846
Shuffled Contrast Proxy,000457,FST_III_IV_Medium,0.2,2,0.940415964024733,0.8875331564986737
Shuffled Contrast Proxy,000457,FST_III_IV_Medium,0.2,3,0.9402773846589301,0.8872863247863247
Shuffled Contrast Proxy,000459,FST_III_IV_Medium,0.0,0,0.8563067017851916,0.7487205731832139
Shuffled Contrast Proxy,000459,FST_III_IV_Medium,0.2,1,0.7764565992865636,0.6345966958211856
Shuffled Contrast Proxy,000459,FST_III_IV_Medium,0.2,2,0.7773741567202906,0.6358234295415959
Shuffled Contrast Proxy,000459,FST_III_IV_Medium,0.2,3,0.7674288901282766,0.6226244343891403
Shuffled Contrast Proxy,000461,FST_III_IV_Medium,0.0,0,0.8733031674208145,0.7751004016064257
Shuffled Contrast Proxy,000461,FST_III_IV_Medium,0.2,1,0.849015317286652,0.7376425855513308
Shuffled Contrast Proxy,000461,FST_III_IV_Medium,0.2,2,0.8507795100222717,0.7403100775193798
Shuffled Contrast Proxy,000461,FST_III_IV_Medium,0.2,3,0.8398268398268398,0.7238805970149254
Shuffled Contrast Proxy,000466,FST_III_IV_Medium,0.0,0,0.7307692307692307,0.5757575757575758
Shuffled Contrast Proxy,000466,FST_III_IV_Medium,0.2,1,0.6489058039961941,0.4802816901408451
Shuffled Contrast Proxy,000466,FST_III_IV_Medium,0.2,2,0.7931316434995912,0.6571815718157181
Shuffled Contrast Proxy,000466,FST_III_IV_Medium,0.2,3,0.7374681393372983,0.5841184387617766
Shuffled Contrast Proxy,000469,FST_III_IV_Medium,0.0,0,0.708994708994709,0.5491803278688525
Shuffled Contrast Proxy,000469,FST_III_IV_Medium,0.2,1,0.6838624338624338,0.5195979899497487
Shuffled Contrast Proxy,000469,FST_III_IV_Medium,0.2,2,0.6840193704600485,0.5197792088316467
Shuffled Contrast Proxy,000469,FST_III_IV_Medium,0.2,3,0.6680134680134681,0.5015166835187057
Shuffled Contrast Proxy,000470,FST_III_IV_Medium,0.0,0,0.7808676307007787,0.6405109489051095
Shuffled Contrast Proxy,000470,FST_III_IV_Medium,0.2,1,0.7641196013289037,0.6182795698924731
Shuffled Contrast Proxy,000470,FST_III_IV_Medium,0.2,2,0.8338493292053664,0.7150442477876107
Shuffled Contrast Proxy,000470,FST_III_IV_Medium,0.2,3,0.8274428274428275,0.7056737588652482
Shuffled Contrast Proxy,000473,FST_III_IV_Medium,0.0,0,0.873015873015873,0.7746478873239436
Shuffled Contrast Proxy,000473,FST_III_IV_Medium,0.2,1,0.7927031509121062,0.6565934065934066
Shuffled Contrast Proxy,000473,FST_III_IV_Medium,0.2,2,0.8706240487062404,0.77088948787062
Shuffled Contrast Proxy,000473,FST_III_IV_Medium,0.2,3,0.8818181818181818,0.7886178861788617
Shuffled Contrast Proxy,000475,FST_III_IV_Medium,0.0,0,0.9221902017291066,0.8556149732620321
Shuffled Contrast Proxy,000475,FST_III_IV_Medium,0.2,1,0.844311377245509,0.7305699481865285
Shuffled Contrast Proxy,000475,FST_III_IV_Medium,0.2,2,0.9116809116809117,0.837696335078534
Shuffled Contrast Proxy,000475,FST_III_IV_Medium,0.2,3,0.8950276243093923,0.81
Shuffled Contrast Proxy,000482,FST_III_IV_Medium,0.0,0,0.8701923076923077,0.7702127659574468
Shuffled Contrast Proxy,000482,FST_III_IV_Medium,0.2,1,0.7549019607843137,0.6062992125984252
Shuffled Contrast Proxy,000482,FST_III_IV_Medium,0.2,2,0.882494004796163,0.7896995708154506
Shuffled Contrast Proxy,000482,FST_III_IV_Medium,0.2,3,0.861244019138756,0.7563025210084033
Shuffled Contrast Proxy,000486,FST_III_IV_Medium,0.0,0,0.7932489451476793,0.6573426573426573
Shuffled Contrast Proxy,000486,FST_III_IV_Medium,0.2,1,0.7719298245614035,0.6285714285714286
Shuffled Contrast Proxy,000486,FST_III_IV_Medium,0.2,2,0.7804878048780488,0.64
Shuffled Contrast Proxy,000486,FST_III_IV_Medium,0.2,3,0.7470817120622568,0.5962732919254659
Shuffled Contrast Proxy,000488,FST_III_IV_Medium,0.0,0,0.5935007737174146,0.4219702098849018
Shuffled Contrast Proxy,000488,FST_III_IV_Medium,0.2,1,0.5285421878553559,0.3591962905718702
Shuffled Contrast Proxy,000488,FST_III_IV_Medium,0.2,2,0.6605681271064034,0.4931703810208483
Shuffled Contrast Proxy,000488,FST_III_IV_Medium,0.2,3,0.5140971805638872,0.3459830440048446
Shuffled Contrast Proxy,000491,FST_III_IV_Medium,0.0,0,0.928709055876686,0.8669064748201439
Shuffled Contrast Proxy,000491,FST_III_IV_Medium,0.2,1,0.8745019920318725,0.7769911504424779
Shuffled Contrast Proxy,000491,FST_III_IV_Medium,0.2,2,0.9239543726235742,0.8586572438162544
Shuffled Contrast Proxy,000491,FST_III_IV_Medium,0.2,3,0.9415148609779482,0.8894927536231884
Shuffled Contrast Proxy,000495,FST_III_IV_Medium,0.0,0,0.897287683414851,0.8137096774193548
Shuffled Contrast Proxy,000495,FST_III_IV_Medium,0.2,1,0.8070484581497798,0.6765140324963073
Shuffled Contrast Proxy,000495,FST_III_IV_Medium,0.2,2,0.9122055674518201,0.8385826771653543
Shuffled Contrast Proxy,000495,FST_III_IV_Medium,0.2,3,0.8329238329238329,0.7136842105263158
Shuffled Contrast Proxy,000498,FST_III_IV_Medium,0.0,0,0.9158345221112696,0.8447368421052631
Shuffled Contrast Proxy,000498,FST_III_IV_Medium,0.2,1,0.8340306834030683,0.715311004784689
Shuffled Contrast Proxy,000498,FST_III_IV_Medium,0.2,2,0.8785666887856669,0.7834319526627219
Shuffled Contrast Proxy,000498,FST_III_IV_Medium,0.2,3,0.8955017301038062,0.8107769423558897
Shuffled Contrast Proxy,000503,FST_III_IV_Medium,0.0,0,0.8204341153255865,0.6955390334572491
Shuffled Contrast Proxy,000503,FST_III_IV_Medium,0.2,1,0.7584070796460177,0.6108339272986457
Shuffled Contrast Proxy,000503,FST_III_IV_Medium,0.2,2,0.8791854317603289,0.7844164919636618
Shuffled Contrast Proxy,000503,FST_III_IV_Medium,0.2,3,0.791957671957672,0.6555711282410652
Shuffled Contrast Proxy,000513,FST_III_IV_Medium,0.0,0,0.8275862068965517,0.7058823529411765
Shuffled Contrast Proxy,000513,FST_III_IV_Medium,0.2,1,0.8468468468468469,0.734375
Shuffled Contrast Proxy,000513,FST_III_IV_Medium,0.2,2,0.8571428571428571,0.75
Shuffled Contrast Proxy,000513,FST_III_IV_Medium,0.2,3,0.765625,0.620253164556962
Shuffled Contrast Proxy,000514,FST_III_IV_Medium,0.0,0,0.686779059449867,0.522972972972973
Shuffled Contrast Proxy,000514,FST_III_IV_Medium,0.2,1,0.671152228763667,0.5050632911392405
Shuffled Contrast Proxy,000514,FST_III_IV_Medium,0.2,2,0.7281021897810219,0.5724533715925395
Shuffled Contrast Proxy,000514,FST_III_IV_Medium,0.2,3,0.6585956416464891,0.49097472924187724
Shuffled Contrast Proxy,000516,FST_III_IV_Medium,0.0,0,0.8914285714285715,0.8041237113402062
Shuffled Contrast Proxy,000516,FST_III_IV_Medium,0.2,1,0.9012345679012346,0.8202247191011236
Shuffled Contrast Proxy,000516,FST_III_IV_Medium,0.2,2,0.9017341040462428,0.8210526315789474
Shuffled Contrast Proxy,000516,FST_III_IV_Medium,0.2,3,0.8478260869565217,0.7358490566037735
Shuffled Contrast Proxy,000517,FST_III_IV_Medium,0.0,0,0.8902195608782435,0.802158273381295
Shuffled Contrast Proxy,000517,FST_III_IV_Medium,0.2,1,0.7619047619047619,0.6153846153846154
Shuffled Contrast Proxy,000517,FST_III_IV_Medium,0.2,2,0.9061371841155235,0.8283828382838284
Shuffled Contrast Proxy,000517,FST_III_IV_Medium,0.2,3,0.8446771378708552,0.7311178247734139
Shuffled Contrast Proxy,000526,FST_III_IV_Medium,0.0,0,0.9458164393660154,0.8972027972027972
Shuffled Contrast Proxy,000526,FST_III_IV_Medium,0.2,1,0.8838461538461538,0.791867677463818
Shuffled Contrast Proxy,000526,FST_III_IV_Medium,0.2,2,0.9496151154653604,0.9040639573617588
Shuffled Contrast Proxy,000526,FST_III_IV_Medium,0.2,3,0.9453513129879347,0.8963660834454913
Shuffled Contrast Proxy,000527,FST_III_IV_Medium,0.0,0,0.7865168539325843,0.6481481481481481
Shuffled Contrast Proxy,000527,FST_III_IV_Medium,0.2,1,0.7317073170731707,0.5769230769230769
Shuffled Contrast Proxy,000527,FST_III_IV_Medium,0.2,2,0.7708333333333334,0.6271186440677966
Shuffled Contrast Proxy,000527,FST_III_IV_Medium,0.2,3,0.7676767676767676,0.6229508196721312
Shuffled Contrast Proxy,000529,FST_III_IV_Medium,0.0,0,0.8755846585594013,0.778702163061564
Shuffled Contrast Proxy,000529,FST_III_IV_Medium,0.2,1,0.8401913875598086,0.7244224422442245
Shuffled Contrast Proxy,000529,FST_III_IV_Medium,0.2,2,0.8936170212765957,0.8076923076923077
Shuffled Contrast Proxy,000529,FST_III_IV_Medium,0.2,3,0.8698060941828255,0.7696078431372549
Shuffled Contrast Proxy,000535,FST_III_IV_Medium,0.0,0,0.7920023580271173,0.6556323708824725
Shuffled Contrast Proxy,000535,FST_III_IV_Medium,0.2,1,0.7568502261239691,0.6088166060346673
Shuffled Contrast Proxy,000535,FST_III_IV_Medium,0.2,2,0.7913370998116761,0.6547210969149267
Shuffled Contrast Proxy,000535,FST_III_IV_Medium,0.2,3,0.7196698762035764,0.5620971207563387
Shuffled Contrast Proxy,000540,FST_III_IV_Medium,0.0,0,0.8578088578088578,0.7510204081632653
Shuffled Contrast Proxy,000540,FST_III_IV_Medium,0.2,1,0.745679012345679,0.594488188976378
Shuffled Contrast Proxy,000540,FST_III_IV_Medium,0.2,2,0.8765294771968855,0.7801980198019802
Shuffled Contrast Proxy,000540,FST_III_IV_Medium,0.2,3,0.8418756815703381,0.7269303201506592
Shuffled Contrast Proxy,000542,FST_III_IV_Medium,0.0,0,0.9562171628721541,0.9161073825503355
Shuffled Contrast Proxy,000542,FST_III_IV_Medium,0.2,1,0.9563148788927336,0.9162867799419809
Shuffled Contrast Proxy,000542,FST_III_IV_Medium,0.2,2,0.9597774925117672,0.9226655697243933
Shuffled Contrast Proxy,000542,FST_III_IV_Medium,0.2,3,0.9526665238809167,0.9096114519427403
Shuffled Contrast Proxy,000544,FST_III_IV_Medium,0.0,0,0.7514450867052023,0.6018518518518519
Shuffled Contrast Proxy,000544,FST_III_IV_Medium,0.2,1,0.6835443037974683,0.5192307692307693
Shuffled Contrast Proxy,000544,FST_III_IV_Medium,0.2,2,0.7582417582417582,0.6106194690265486
Shuffled Contrast Proxy,000544,FST_III_IV_Medium,0.2,3,0.7513227513227513,0.6016949152542372
Shuffled Contrast Proxy,000548,FST_III_IV_Medium,0.0,0,0.8610478359908884,0.756
Shuffled Contrast Proxy,000548,FST_III_IV_Medium,0.2,1,0.8480392156862745,0.7361702127659574
Shuffled Contrast Proxy,000548,FST_III_IV_Medium,0.2,2,0.849438202247191,0.73828125
Shuffled Contrast Proxy,000548,FST_III_IV_Medium,0.2,3,0.8157894736842105,0.6888888888888889
Shuffled Contrast Proxy,000552,FST_III_IV_Medium,0.0,0,0.868559411146162,0.7676579925650557
Shuffled Contrast Proxy,000552,FST_III_IV_Medium,0.2,1,0.8081632653061225,0.678082191780822
Shuffled Contrast Proxy,000552,FST_III_IV_Medium,0.2,2,0.8123376623376624,0.6839803171131766
Shuffled Contrast Proxy,000552,FST_III_IV_Medium,0.2,3,0.7561881188118812,0.6079601990049751
Shuffled Contrast Proxy,000557,FST_III_IV_Medium,0.0,0,0.8648648648648649,0.7619047619047619
Shuffled Contrast Proxy,000557,FST_III_IV_Medium,0.2,1,0.840473061760841,0.7248413417951043
Shuffled Contrast Proxy,000557,FST_III_IV_Medium,0.2,2,0.8579088471849866,0.7511737089201878
Shuffled Contrast Proxy,000557,FST_III_IV_Medium,0.2,3,0.8044243338360986,0.6728343145500421
Shuffled Contrast Proxy,000559,FST_III_IV_Medium,0.0,0,0.9049729197439685,0.8264388489208633
Shuffled Contrast Proxy,000559,FST_III_IV_Medium,0.2,1,0.892578125,0.8059964726631393
Shuffled Contrast Proxy,000559,FST_III_IV_Medium,0.2,2,0.8994551758296186,0.8172817281728173
Shuffled Contrast Proxy,000559,FST_III_IV_Medium,0.2,3,0.9235023041474655,0.8578767123287672
Shuffled Contrast Proxy,000566,FST_III_IV_Medium,0.0,0,0.9196035242290749,0.8511722731906218
Shuffled Contrast Proxy,000566,FST_III_IV_Medium,0.2,1,0.7666078777189889,0.6215443279313632
Shuffled Contrast Proxy,000566,FST_III_IV_Medium,0.2,2,0.8856825749167592,0.7948207171314741
Shuffled Contrast Proxy,000566,FST_III_IV_Medium,0.2,3,0.857429718875502,0.7504393673110721
Shuffled Contrast Proxy,000568,FST_III_IV_Medium,0.0,0,0.838479809976247,0.721881390593047
Shuffled Contrast Proxy,000568,FST_III_IV_Medium,0.2,1,0.7823204419889502,0.6424682395644283
Shuffled Contrast Proxy,000568,FST_III_IV_Medium,0.2,2,0.8436781609195402,0.7296222664015904
Shuffled Contrast Proxy,000568,FST_III_IV_Medium,0.2,3,0.8173178458289335,0.6910714285714286
Shuffled Contrast Proxy,000578,FST_III_IV_Medium,0.0,0,0.9633577614923384,0.929305912596401
Shuffled Contrast Proxy,000578,FST_III_IV_Medium,0.2,1,0.9301694915254237,0.8694550063371356
Shuffled Contrast Proxy,000578,FST_III_IV_Medium,0.2,2,0.9603174603174603,0.9236641221374046
Shuffled Contrast Proxy,000578,FST_III_IV_Medium,0.2,3,0.9569251159708416,0.9174078780177891
Shuffled Contrast Proxy,000584,FST_III_IV_Medium,0.0,0,0.6423357664233577,0.4731182795698925
Shuffled Contrast Proxy,000584,FST_III_IV_Medium,0.2,1,0.6412213740458015,0.47191011235955055
Shuffled Contrast Proxy,000584,FST_III_IV_Medium,0.2,2,0.6758620689655173,0.5104166666666666
Shuffled Contrast Proxy,000584,FST_III_IV_Medium,0.2,3,0.631578947368421,0.46153846153846156
Shuffled Contrast Proxy,000589,FST_III_IV_Medium,0.0,0,0.7796610169491526,0.6388888888888888
Shuffled Contrast Proxy,000589,FST_III_IV_Medium,0.2,1,0.7424242424242424,0.5903614457831325
Shuffled Contrast Proxy,000589,FST_III_IV_Medium,0.2,2,0.801007556675063,0.6680672268907563
Shuffled Contrast Proxy,000589,FST_III_IV_Medium,0.2,3,0.703862660944206,0.543046357615894
Shuffled Contrast Proxy,000590,FST_III_IV_Medium,0.0,0,0.929101156926728,0.867590027700831
Shuffled Contrast Proxy,000590,FST_III_IV_Medium,0.2,1,0.7739294710327456,0.6312275295326143
Shuffled Contrast Proxy,000590,FST_III_IV_Medium,0.2,2,0.8449971081550028,0.7315973960941412
Shuffled Contrast Proxy,000590,FST_III_IV_Medium,0.2,3,0.8583531903627217,0.7518552875695733
Shuffled Contrast Proxy,000594,FST_III_IV_Medium,0.0,0,0.912,0.8382352941176471
Shuffled Contrast Proxy,000594,FST_III_IV_Medium,0.2,1,0.9016393442622951,0.8208955223880597
Shuffled Contrast Proxy,000594,FST_III_IV_Medium,0.2,2,0.928,0.8656716417910447
Shuffled Contrast Proxy,000594,FST_III_IV_Medium,0.2,3,0.921875,0.855072463768116
Shuffled Contrast Proxy,000596,FST_III_IV_Medium,0.0,0,0.9516728624535316,0.9078014184397163
Shuffled Contrast Proxy,000596,FST_III_IV_Medium,0.2,1,0.9279538904899135,0.8655913978494624
Shuffled Contrast Proxy,000596,FST_III_IV_Medium,0.2,2,0.9514207149404217,0.9073426573426573
Shuffled Contrast Proxy,000596,FST_III_IV_Medium,0.2,3,0.9374433363553943,0.8822525597269625
Shuffled Contrast Proxy,000605,FST_III_IV_Medium,0.0,0,0.9454545454545454,0.896551724137931
Shuffled Contrast Proxy,000605,FST_III_IV_Medium,0.2,1,0.9045801526717557,0.8257839721254355
Shuffled Contrast Proxy,000605,FST_III_IV_Medium,0.2,2,0.9418316831683168,0.8900584795321638
Shuffled Contrast Proxy,000605,FST_III_IV_Medium,0.2,3,0.9440993788819876,0.8941176470588236
Shuffled Contrast Proxy,000606,FST_III_IV_Medium,0.0,0,0.9243156199677939,0.8592814371257484
Shuffled Contrast Proxy,000606,FST_III_IV_Medium,0.2,1,0.7491694352159468,0.598937583001328
Shuffled Contrast Proxy,000606,FST_III_IV_Medium,0.2,2,0.8677014042867701,0.7663185378590078
Shuffled Contrast Proxy,000606,FST_III_IV_Medium,0.2,3,0.8356374807987711,0.7176781002638523
Shuffled Contrast Proxy,000613,FST_III_IV_Medium,0.0,0,0.6956521739130435,0.5333333333333333
Shuffled Contrast Proxy,000613,FST_III_IV_Medium,0.2,1,0.611353711790393,0.44025157232704404
Shuffled Contrast Proxy,000613,FST_III_IV_Medium,0.2,2,0.7432950191570882,0.5914634146341463
Shuffled Contrast Proxy,000613,FST_III_IV_Medium,0.2,3,0.7348484848484849,0.5808383233532934
Shuffled Contrast Proxy,000614,FST_III_IV_Medium,0.0,0,0.9376,0.8825301204819277
Shuffled Contrast Proxy,000614,FST_III_IV_Medium,0.2,1,0.9,0.8181818181818182
Shuffled Contrast Proxy,000614,FST_III_IV_Medium,0.2,2,0.9381933438985737,0.8835820895522388
Shuffled Contrast Proxy,000614,FST_III_IV_Medium,0.2,3,0.9363057324840764,0.8802395209580839
Shuffled Contrast Proxy,000615,FST_III_IV_Medium,0.0,0,0.8610855565777369,0.7560581583198708
Shuffled Contrast Proxy,000615,FST_III_IV_Medium,0.2,1,0.6976303317535545,0.5356622998544396
Shuffled Contrast Proxy,000615,FST_III_IV_Medium,0.2,2,0.8592964824120602,0.7533039647577092
Shuffled Contrast Proxy,000615,FST_III_IV_Medium,0.2,3,0.8399661303979679,0.724087591240876
Shuffled Contrast Proxy,000618,FST_III_IV_Medium,0.0,0,0.8866666666666667,0.7964071856287425
Shuffled Contrast Proxy,000618,FST_III_IV_Medium,0.2,1,0.8532423208191127,0.7440476190476191
Shuffled Contrast Proxy,000618,FST_III_IV_Medium,0.2,2,0.8766233766233766,0.7803468208092486
Shuffled Contrast Proxy,000618,FST_III_IV_Medium,0.2,3,0.868421052631579,0.7674418604651163
Shuffled Contrast Proxy,000619,FST_III_IV_Medium,0.0,0,0.84244721169464,0.7277829747427502
Shuffled Contrast Proxy,000619,FST_III_IV_Medium,0.2,1,0.7654196157735086,0.61998361998362
Shuffled Contrast Proxy,000619,FST_III_IV_Medium,0.2,2,0.7441638875655073,0.5925644916540213
Shuffled Contrast Proxy,000619,FST_III_IV_Medium,0.2,3,0.7525150905432596,0.603225806451613
Shuffled Contrast Proxy,000620,FST_III_IV_Medium,0.0,0,0.7250673854447439,0.5687103594080338
Shuffled Contrast Proxy,000620,FST_III_IV_Medium,0.2,1,0.6693877551020408,0.5030674846625767
Shuffled Contrast Proxy,000620,FST_III_IV_Medium,0.2,2,0.851764705882353,0.7418032786885246
Shuffled Contrast Proxy,000620,FST_III_IV_Medium,0.2,3,0.8978260869565218,0.814595660749507
Shuffled Contrast Proxy,000622,FST_III_IV_Medium,0.0,0,0.5788336933045356,0.4072948328267477
Shuffled Contrast Proxy,000622,FST_III_IV_Medium,0.2,1,0.4605809128630705,0.2991913746630728
Shuffled Contrast Proxy,000622,FST_III_IV_Medium,0.2,2,0.5550847457627118,0.3841642228739003
Shuffled Contrast Proxy,000622,FST_III_IV_Medium,0.2,3,0.7523992322456814,0.6030769230769231
Shuffled Contrast Proxy,000623,FST_III_IV_Medium,0.0,0,0.8870689655172413,0.7970565453137103
Shuffled Contrast Proxy,000623,FST_III_IV_Medium,0.2,1,0.8445414847161572,0.7309145880574452
Shuffled Contrast Proxy,000623,FST_III_IV_Medium,0.2,2,0.8985148514851485,0.8157303370786517
Shuffled Contrast Proxy,000623,FST_III_IV_Medium,0.2,3,0.8368554522400676,0.7194767441860465
Shuffled Contrast Proxy,000625,FST_III_IV_Medium,0.0,0,0.863905325443787,0.7604166666666666
Shuffled Contrast Proxy,000625,FST_III_IV_Medium,0.2,1,0.7804878048780488,0.64
Shuffled Contrast Proxy,000625,FST_III_IV_Medium,0.2,2,0.8660968660968661,0.7638190954773869
Shuffled Contrast Proxy,000625,FST_III_IV_Medium,0.2,3,0.8595505617977528,0.7536945812807881
Shuffled Contrast Proxy,000626,FST_III_IV_Medium,0.0,0,0.8888888888888888,0.8
Shuffled Contrast Proxy,000626,FST_III_IV_Medium,0.2,1,0.7604395604395604,0.6134751773049646
Shuffled Contrast Proxy,000626,FST_III_IV_Medium,0.2,2,0.90625,0.8285714285714286
Shuffled Contrast Proxy,000626,FST_III_IV_Medium,0.2,3,0.889344262295082,0.8007380073800738
Shuffled Contrast Proxy,000627,FST_III_IV_Medium,0.0,0,0.7777777777777778,0.6363636363636364
Shuffled Contrast Proxy,000627,FST_III_IV_Medium,0.2,1,0.6835443037974683,0.5192307692307693
Shuffled Contrast Proxy,000627,FST_III_IV_Medium,0.2,2,0.8313253012048193,0.711340206185567
Shuffled Contrast Proxy,000627,FST_III_IV_Medium,0.2,3,0.7485380116959064,0.5981308411214953
Shuffled Contrast Proxy,000629,FST_III_IV_Medium,0.0,0,0.6739130434782609,0.5081967213114754
Shuffled Contrast Proxy,000629,FST_III_IV_Medium,0.2,1,0.5806451612903226,0.4090909090909091
Shuffled Contrast Proxy,000629,FST_III_IV_Medium,0.2,2,0.6666666666666666,0.5
Shuffled Contrast Proxy,000629,FST_III_IV_Medium,0.2,3,0.7368421052631579,0.5833333333333334
Shuffled Contrast Proxy,000632,FST_III_IV_Medium,0.0,0,0.8674698795180723,0.7659574468085106
Shuffled Contrast Proxy,000632,FST_III_IV_Medium,0.2,1,0.7872340425531915,0.6491228070175439
Shuffled Contrast Proxy,000632,FST_III_IV_Medium,0.2,2,0.8452950558213717,0.7320441988950276
Shuffled Contrast Proxy,000632,FST_III_IV_Medium,0.2,3,0.8383838383838383,0.7217391304347827
Shuffled Contrast Proxy,000634,FST_III_IV_Medium,0.0,0,0.8543956043956044,0.7458033573141487
Shuffled Contrast Proxy,000634,FST_III_IV_Medium,0.2,1,0.7817403708987162,0.6416861826697893
Shuffled Contrast Proxy,000634,FST_III_IV_Medium,0.2,2,0.8024844720496894,0.6701244813278008
Shuffled Contrast Proxy,000634,FST_III_IV_Medium,0.2,3,0.7595561035758323,0.6123260437375746
Shuffled Contrast Proxy,000636,FST_III_IV_Medium,0.0,0,0.75,0.6
Shuffled Contrast Proxy,000636,FST_III_IV_Medium,0.2,1,0.6521739130434783,0.4838709677419355
Shuffled Contrast Proxy,000636,FST_III_IV_Medium,0.2,2,0.7317073170731707,0.5769230769230769
Shuffled Contrast Proxy,000636,FST_III_IV_Medium,0.2,3,0.5882352941176471,0.4166666666666667
Shuffled Contrast Proxy,000638,FST_III_IV_Medium,0.0,0,0.8571428571428571,0.75
Shuffled Contrast Proxy,000638,FST_III_IV_Medium,0.2,1,0.7586206896551724,0.6111111111111112
Shuffled Contrast Proxy,000638,FST_III_IV_Medium,0.2,2,0.8089887640449438,0.6792452830188679
Shuffled Contrast Proxy,000638,FST_III_IV_Medium,0.2,3,0.8395061728395061,0.723404255319149
Shuffled Contrast Proxy,000639,FST_III_IV_Medium,0.0,0,0.899556272690601,0.8174486803519062
Shuffled Contrast Proxy,000639,FST_III_IV_Medium,0.2,1,0.7973653622626888,0.6630154639175257
Shuffled Contrast Proxy,000639,FST_III_IV_Medium,0.2,2,0.8818040435458787,0.7885952712100139
Shuffled Contrast Proxy,000639,FST_III_IV_Medium,0.2,3,0.8717765042979942,0.7726984126984127
Shuffled Contrast Proxy,000642,FST_III_IV_Medium,0.0,0,0.8407079646017699,0.7251908396946565
Shuffled Contrast Proxy,000642,FST_III_IV_Medium,0.2,1,0.8296460176991151,0.7088846880907372
Shuffled Contrast Proxy,000642,FST_III_IV_Medium,0.2,2,0.8117519042437432,0.6831501831501832
Shuffled Contrast Proxy,000642,FST_III_IV_Medium,0.2,3,0.8789932236205228,0.7841105354058722
Shuffled Contrast Proxy,000644,FST_III_IV_Medium,0.0,0,0.7369853691731881,0.5835129310344828
Shuffled Contrast Proxy,000644,FST_III_IV_Medium,0.2,1,0.5718166383701189,0.4003804089396101
Shuffled Contrast Proxy,000644,FST_III_IV_Medium,0.2,2,0.7587705681465383,0.6113056528264132
Shuffled Contrast Proxy,000644,FST_III_IV_Medium,0.2,3,0.7734231475811391,0.6305541687468796
Shuffled Contrast Proxy,000646,FST_III_IV_Medium,0.0,0,0.9340957917351195,0.8763412176181161
Shuffled Contrast Proxy,000646,FST_III_IV_Medium,0.2,1,0.9160053717494812,0.8450275931974321
Shuffled Contrast Proxy,000646,FST_III_IV_Medium,0.2,2,0.888534936138242,0.7994267791477395
Shuffled Contrast Proxy,000646,FST_III_IV_Medium,0.2,3,0.8554120925999659,0.747353774288128
Shuffled Contrast Proxy,000653,FST_III_IV_Medium,0.0,0,0.9515418502202643,0.907563025210084
Shuffled Contrast Proxy,000653,FST_III_IV_Medium,0.2,1,0.8929384965831435,0.8065843621399177
Shuffled Contrast Proxy,000653,FST_III_IV_Medium,0.2,2,0.9409190371991247,0.8884297520661157
Shuffled Contrast Proxy,000653,FST_III_IV_Medium,0.2,3,0.9246861924686193,0.8599221789883269
Shuffled Contrast Proxy,000006,FST_V_VI_Dark,0.0,0,0.898125185993453,0.8150882247029169
Shuffled Contrast Proxy,000006,FST_V_VI_Dark,0.2,1,0.8328997398439063,0.7136488340192044
Shuffled Contrast Proxy,000006,FST_V_VI_Dark,0.2,2,0.8512412723041117,0.7410096235016039
Shuffled Contrast Proxy,000006,FST_V_VI_Dark,0.2,3,0.8267626657300904,0.7046849274060769
Shuffled Contrast Proxy,000007,FST_V_VI_Dark,0.0,0,0.7733333333333333,0.6304347826086957
Shuffled Contrast Proxy,000007,FST_V_VI_Dark,0.2,1,0.7022222222222222,0.541095890410959
Shuffled Contrast Proxy,000007,FST_V_VI_Dark,0.2,2,0.7372881355932204,0.5838926174496645
Shuffled Contrast Proxy,000007,FST_V_VI_Dark,0.2,3,0.6932270916334662,0.5304878048780488
Shuffled Contrast Proxy,000011,FST_V_VI_Dark,0.0,0,0.9551347662913682,0.9141224489795918
Shuffled Contrast Proxy,000011,FST_V_VI_Dark,0.2,1,0.9454389721627409,0.8965237166991553
Shuffled Contrast Proxy,000011,FST_V_VI_Dark,0.2,2,0.9020626928699041,0.8215976331360947
Shuffled Contrast Proxy,000011,FST_V_VI_Dark,0.2,3,0.8557274597972715,0.747835353669908
Shuffled Contrast Proxy,000012,FST_V_VI_Dark,0.0,0,0.7986111111111112,0.6647398843930635
Shuffled Contrast Proxy,000012,FST_V_VI_Dark,0.2,1,0.8315412186379928,0.7116564417177914
Shuffled Contrast Proxy,000012,FST_V_VI_Dark,0.2,2,0.7972972972972973,0.6629213483146067
Shuffled Contrast Proxy,000012,FST_V_VI_Dark,0.2,3,0.7452229299363057,0.5939086294416244
Shuffled Contrast Proxy,000015,FST_V_VI_Dark,0.0,0,0.9113688309489545,0.8371695178849144
Shuffled Contrast Proxy,000015,FST_V_VI_Dark,0.2,1,0.7878891843211253,0.6500141522785169
Shuffled Contrast Proxy,000015,FST_V_VI_Dark,0.2,2,0.8723970432946145,0.7736739586454899
Shuffled Contrast Proxy,000015,FST_V_VI_Dark,0.2,3,0.8158646790762338,0.6889961515882852
Shuffled Contrast Proxy,000022,FST_V_VI_Dark,0.0,0,0.8893709327548807,0.80078125
Shuffled Contrast Proxy,000022,FST_V_VI_Dark,0.2,1,0.8425552705508733,0.727944280287041
Shuffled Contrast Proxy,000022,FST_V_VI_Dark,0.2,2,0.8713096139288418,0.7719651240778002
Shuffled Contrast Proxy,000022,FST_V_VI_Dark,0.2,3,0.821963002238718,0.6977395479095819
Shuffled Contrast Proxy,000053,FST_V_VI_Dark,0.0,0,0.7886792452830189,0.6510903426791277
Shuffled Contrast Proxy,000053,FST_V_VI_Dark,0.2,1,0.8071428571428572,0.6766467065868264
Shuffled Contrast Proxy,000053,FST_V_VI_Dark,0.2,2,0.8052930056710775,0.6740506329113924
Shuffled Contrast Proxy,000053,FST_V_VI_Dark,0.2,3,0.718381112984823,0.5605263157894737
Shuffled Contrast Proxy,000060,FST_V_VI_Dark,0.0,0,0.9341040462427745,0.8763557483731019
Shuffled Contrast Proxy,000060,FST_V_VI_Dark,0.2,1,0.762119503945885,0.6156648451730419
Shuffled Contrast Proxy,000060,FST_V_VI_Dark,0.2,2,0.8908108108108108,0.8031189083820662
Shuffled Contrast Proxy,000060,FST_V_VI_Dark,0.2,3,0.8715697036223929,0.7723735408560312
Shuffled Contrast Proxy,000077,FST_V_VI_Dark,0.0,0,0.8959687906371911,0.8115429917550059
Shuffled Contrast Proxy,000077,FST_V_VI_Dark,0.2,1,0.8160999306037474,0.6893317702227433
Shuffled Contrast Proxy,000077,FST_V_VI_Dark,0.2,2,0.9064475347661188,0.8289017341040462
Shuffled Contrast Proxy,000077,FST_V_VI_Dark,0.2,3,0.900695762175838,0.8193325661680092
Shuffled Contrast Proxy,000080,FST_V_VI_Dark,0.0,0,0.8858131487889274,0.7950310559006211
Shuffled Contrast Proxy,000080,FST_V_VI_Dark,0.2,1,0.8085106382978723,0.6785714285714286
Shuffled Contrast Proxy,000080,FST_V_VI_Dark,0.2,2,0.8716216216216216,0.7724550898203593
Shuffled Contrast Proxy,000080,FST_V_VI_Dark,0.2,3,0.8242811501597445,0.7010869565217391
Shuffled Contrast Proxy,000087,FST_V_VI_Dark,0.0,0,0.7906976744186046,0.6538461538461539
Shuffled Contrast Proxy,000087,FST_V_VI_Dark,0.2,1,0.8094236432477914,0.6798586572438162
Shuffled Contrast Proxy,000087,FST_V_VI_Dark,0.2,2,0.7948814452389913,0.6595877576514678
Shuffled Contrast Proxy,000087,FST_V_VI_Dark,0.2,3,0.7455012853470437,0.5942622950819673
Shuffled Contrast Proxy,000088,FST_V_VI_Dark,0.0,0,0.9204892966360856,0.8526912181303116
Shuffled Contrast Proxy,000088,FST_V_VI_Dark,0.2,1,0.8875192604006163,0.7977839335180056
Shuffled Contrast Proxy,000088,FST_V_VI_Dark,0.2,2,0.8929110105580694,0.8065395095367848
Shuffled Contrast Proxy,000088,FST_V_VI_Dark,0.2,3,0.8435374149659864,0.7294117647058823
Shuffled Contrast Proxy,000089,FST_V_VI_Dark,0.0,0,0.9529064039408867,0.9100489273616861
Shuffled Contrast Proxy,000089,FST_V_VI_Dark,0.2,1,0.9469251860556208,0.8992002975636972
Shuffled Contrast Proxy,000089,FST_V_VI_Dark,0.2,2,0.9509594882729211,0.9065040650406504
Shuffled Contrast Proxy,000089,FST_V_VI_Dark,0.2,3,0.9362416107382551,0.8801261829652997
Shuffled Contrast Proxy,000093,FST_V_VI_Dark,0.0,0,0.8485436893203884,0.7369308600337268
Shuffled Contrast Proxy,000093,FST_V_VI_Dark,0.2,1,0.6957446808510638,0.533442088091354
Shuffled Contrast Proxy,000093,FST_V_VI_Dark,0.2,2,0.8086785009861933,0.6788079470198676
Shuffled Contrast Proxy,000093,FST_V_VI_Dark,0.2,3,0.7022900763358778,0.5411764705882353
Shuffled Contrast Proxy,000095,FST_V_VI_Dark,0.0,0,0.8801341156747695,0.7859281437125748
Shuffled Contrast Proxy,000095,FST_V_VI_Dark,0.2,1,0.7519051651143099,0.6024423337856174
Shuffled Contrast Proxy,000095,FST_V_VI_Dark,0.2,2,0.8881987577639752,0.7988826815642458
Shuffled Contrast Proxy,000095,FST_V_VI_Dark,0.2,3,0.7528174305033809,0.6036144578313253
Shuffled Contrast Proxy,000096,FST_V_VI_Dark,0.0,0,0.8328846552081176,0.7136266855926189
Shuffled Contrast Proxy,000096,FST_V_VI_Dark,0.2,1,0.7308265078183172,0.5758286887650337
Shuffled Contrast Proxy,000096,FST_V_VI_Dark,0.2,2,0.801032565528197,0.6681020205366015
Shuffled Contrast Proxy,000096,FST_V_VI_Dark,0.2,3,0.7470970281440661,0.5962928055293748
Shuffled Contrast Proxy,000104,FST_V_VI_Dark,0.0,0,0.8340807174887892,0.7153846153846154
Shuffled Contrast Proxy,000104,FST_V_VI_Dark,0.2,1,0.7982456140350878,0.6642335766423357
Shuffled Contrast Proxy,000104,FST_V_VI_Dark,0.2,2,0.8195488721804511,0.6942675159235668
Shuffled Contrast Proxy,000104,FST_V_VI_Dark,0.2,3,0.8770491803278688,0.781021897810219
Shuffled Contrast Proxy,000105,FST_V_VI_Dark,0.0,0,0.7319587628865979,0.5772357723577236
Shuffled Contrast Proxy,000105,FST_V_VI_Dark,0.2,1,0.6461538461538462,0.4772727272727273
Shuffled Contrast Proxy,000105,FST_V_VI_Dark,0.2,2,0.7219512195121951,0.5648854961832062
Shuffled Contrast Proxy,000105,FST_V_VI_Dark,0.2,3,0.7669902912621359,0.6220472440944882
Shuffled Contrast Proxy,000109,FST_V_VI_Dark,0.0,0,0.7735849056603774,0.6307692307692307
Shuffled Contrast Proxy,000109,FST_V_VI_Dark,0.2,1,0.827906976744186,0.7063492063492064
Shuffled Contrast Proxy,000109,FST_V_VI_Dark,0.2,2,0.8125,0.6842105263157895
Shuffled Contrast Proxy,000109,FST_V_VI_Dark,0.2,3,0.75,0.6
Shuffled Contrast Proxy,000111,FST_V_VI_Dark,0.0,0,0.9097709209911173,0.8344768439108061
Shuffled Contrast Proxy,000111,FST_V_VI_Dark,0.2,1,0.8797736916548797,0.7853535353535354
Shuffled Contrast Proxy,000111,FST_V_VI_Dark,0.2,2,0.9173262972735268,0.8472786352558895
Shuffled Contrast Proxy,000111,FST_V_VI_Dark,0.2,3,0.9076160432627309,0.8308580858085809
Shuffled Contrast Proxy,000112,FST_V_VI_Dark,0.0,0,0.8862377503195569,0.7957153787299158
Shuffled Contrast Proxy,000112,FST_V_VI_Dark,0.2,1,0.8821802935010482,0.7891972993248312
Shuffled Contrast Proxy,000112,FST_V_VI_Dark,0.2,2,0.8680327868852459,0.7668356263577119
Shuffled Contrast Proxy,000112,FST_V_VI_Dark,0.2,3,0.8615616748396832,0.7567925778661365
Shuffled Contrast Proxy,000113,FST_V_VI_Dark,0.0,0,0.7795163584637269,0.6386946386946387
Shuffled Contrast Proxy,000113,FST_V_VI_Dark,0.2,1,0.7542372881355932,0.6054421768707483
Shuffled Contrast Proxy,000113,FST_V_VI_Dark,0.2,2,0.8016759776536313,0.668997668997669
Shuffled Contrast Proxy,000113,FST_V_VI_Dark,0.2,3,0.8230668414154653,0.6993318485523385
Shuffled Contrast Proxy,000115,FST_V_VI_Dark,0.0,0,0.7781309599491417,0.6368366285119667
Shuffled Contrast Proxy,000115,FST_V_VI_Dark,0.2,1,0.7586649550706034,0.6111685625646329
Shuffled Contrast Proxy,000115,FST_V_VI_Dark,0.2,2,0.835272504592774,0.7171398527865405
Shuffled Contrast Proxy,000115,FST_V_VI_Dark,0.2,3,0.7645398080180689,0.6188299817184644
Shuffled Contrast Proxy,000121,FST_V_VI_Dark,0.0,0,0.6308724832214765,0.46078431372549017
Shuffled Contrast Proxy,000121,FST_V_VI_Dark,0.2,1,0.5357142857142857,0.36585365853658536
Shuffled Contrast Proxy,000121,FST_V_VI_Dark,0.2,2,0.6233766233766234,0.4528301886792453
Shuffled Contrast Proxy,000121,FST_V_VI_Dark,0.2,3,0.6746987951807228,0.509090909090909
Shuffled Contrast Proxy,000124,FST_V_VI_Dark,0.0,0,0.823121387283237,0.6994106090373281
Shuffled Contrast Proxy,000124,FST_V_VI_Dark,0.2,1,0.5934579439252337,0.4219269102990033
Shuffled Contrast Proxy,000124,FST_V_VI_Dark,0.2,2,0.774054054054054,0.6313932980599647
Shuffled Contrast Proxy,000124,FST_V_VI_Dark,0.2,3,0.7258064516129032,0.569620253164557
Shuffled Contrast Proxy,000125,FST_V_VI_Dark,0.0,0,0.6550430368572059,0.4870364292746964
Shuffled Contrast Proxy,000125,FST_V_VI_Dark,0.2,1,0.5628494512321391,0.39164265129682996
Shuffled Contrast Proxy,000125,FST_V_VI_Dark,0.2,2,0.5980217285552132,0.4265556326625029
Shuffled Contrast Proxy,000125,FST_V_VI_Dark,0.2,3,0.6082572159298502,0.43704714900766567
Shuffled Contrast Proxy,000127,FST_V_VI_Dark,0.0,0,0.4142857142857143,0.26126126126126126
Shuffled Contrast Proxy,000127,FST_V_VI_Dark,0.2,1,0.3969465648854962,0.24761904761904763
Shuffled Contrast Proxy,000127,FST_V_VI_Dark,0.2,2,0.3972602739726027,0.24786324786324787
Shuffled Contrast Proxy,000127,FST_V_VI_Dark,0.2,3,0.4027777777777778,0.25217391304347825
Shuffled Contrast Proxy,000132,FST_V_VI_Dark,0.0,0,0.8826291079812206,0.7899159663865546
Shuffled Contrast Proxy,000132,FST_V_VI_Dark,0.2,1,0.7962264150943397,0.6614420062695925
Shuffled Contrast Proxy,000132,FST_V_VI_Dark,0.2,2,0.8148774302620456,0.6875891583452212
Shuffled Contrast Proxy,000132,FST_V_VI_Dark,0.2,3,0.8057190916736754,0.6746478873239437
Shuffled Contrast Proxy,000133,FST_V_VI_Dark,0.0,0,0.8289322617680827,0.707843137254902
Shuffled Contrast Proxy,000133,FST_V_VI_Dark,0.2,1,0.7029478458049887,0.541958041958042
Shuffled Contrast Proxy,000133,FST_V_VI_Dark,0.2,2,0.87527352297593,0.7782101167315175
Shuffled Contrast Proxy,000133,FST_V_VI_Dark,0.2,3,0.8242303872889771,0.7010135135135135
Shuffled Contrast Proxy,000137,FST_V_VI_Dark,0.0,0,0.9562043795620438,0.916083916083916
Shuffled Contrast Proxy,000137,FST_V_VI_Dark,0.2,1,0.9159021406727829,0.844851904090268
Shuffled Contrast Proxy,000137,FST_V_VI_Dark,0.2,2,0.9648609077598829,0.9321074964639321
Shuffled Contrast Proxy,000137,FST_V_VI_Dark,0.2,3,0.934010152284264,0.8761904761904762
Shuffled Contrast Proxy,000146,FST_V_VI_Dark,0.0,0,0.6071428571428571,0.4358974358974359
Shuffled Contrast Proxy,000146,FST_V_VI_Dark,0.2,1,0.591304347826087,0.41975308641975306
Shuffled Contrast Proxy,000146,FST_V_VI_Dark,0.2,2,0.5307692307692308,0.3612565445026178
Shuffled Contrast Proxy,000146,FST_V_VI_Dark,0.2,3,0.5877192982456141,0.4161490683229814
Shuffled Contrast Proxy,000152,FST_V_VI_Dark,0.0,0,0.8351648351648352,0.7169811320754716
Shuffled Contrast Proxy,000152,FST_V_VI_Dark,0.2,1,0.8351648351648352,0.7169811320754716
Shuffled Contrast Proxy,000152,FST_V_VI_Dark,0.2,2,0.8342245989304813,0.7155963302752294
Shuffled Contrast Proxy,000152,FST_V_VI_Dark,0.2,3,0.8082901554404145,0.6782608695652174
Shuffled Contrast Proxy,000153,FST_V_VI_Dark,0.0,0,0.9324618736383442,0.8734693877551021
Shuffled Contrast Proxy,000153,FST_V_VI_Dark,0.2,1,0.9321663019693655,0.8729508196721312
Shuffled Contrast Proxy,000153,FST_V_VI_Dark,0.2,2,0.9293361884368309,0.868
Shuffled Contrast Proxy,000153,FST_V_VI_Dark,0.2,3,0.922077922077922,0.8554216867469879
Shuffled Contrast Proxy,000160,FST_V_VI_Dark,0.0,0,0.942745969983324,0.8916929547844374
Shuffled Contrast Proxy,000160,FST_V_VI_Dark,0.2,1,0.9024812463935372,0.8222923238696109
Shuffled Contrast Proxy,000160,FST_V_VI_Dark,0.2,2,0.9405940594059405,0.8878504672897196
Shuffled Contrast Proxy,000160,FST_V_VI_Dark,0.2,3,0.9364731653888281,0.8805355303810505
Shuffled Contrast Proxy,000163,FST_V_VI_Dark,0.0,0,0.7586206896551724,0.6111111111111112
Shuffled Contrast Proxy,000163,FST_V_VI_Dark,0.2,1,0.691415313225058,0.5283687943262412
Shuffled Contrast Proxy,000163,FST_V_VI_Dark,0.2,2,0.7137546468401487,0.5549132947976878
Shuffled Contrast Proxy,000163,FST_V_VI_Dark,0.2,3,0.801762114537445,0.6691176470588235
Shuffled Contrast Proxy,000170,FST_V_VI_Dark,0.0,0,0.9127105666156202,0.8394366197183099
Shuffled Contrast Proxy,000170,FST_V_VI_Dark,0.2,1,0.8084252758274825,0.6784511784511784
Shuffled Contrast Proxy,000170,FST_V_VI_Dark,0.2,2,0.9209121785540999,0.8534172661870504
Shuffled Contrast Proxy,000170,FST_V_VI_Dark,0.2,3,0.8480626904658249,0.7362055933484505
Shuffled Contrast Proxy,000171,FST_V_VI_Dark,0.0,0,0.8144796380090498,0.6870229007633588
Shuffled Contrast Proxy,000171,FST_V_VI_Dark,0.2,1,0.6515837104072398,0.48322147651006714
Shuffled Contrast Proxy,000171,FST_V_VI_Dark,0.2,2,0.7404580152671756,0.5878787878787879
Shuffled Contrast Proxy,000171,FST_V_VI_Dark,0.2,3,0.7678571428571429,0.6231884057971014
Shuffled Contrast Proxy,000172,FST_V_VI_Dark,0.0,0,0.9784077513585003,0.9577282449622875
Shuffled Contrast Proxy,000172,FST_V_VI_Dark,0.2,1,0.9384101609547794,0.8839667887164149
Shuffled Contrast Proxy,000172,FST_V_VI_Dark,0.2,2,0.974146493742373,0.9495961049020692
Shuffled Contrast Proxy,000172,FST_V_VI_Dark,0.2,3,0.8890031666982434,0.8001851490937439
Shuffled Contrast Proxy,000181,FST_V_VI_Dark,0.0,0,0.8349514563106796,0.7166666666666667
Shuffled Contrast Proxy,000181,FST_V_VI_Dark,0.2,1,0.7761194029850746,0.6341463414634146
Shuffled Contrast Proxy,000181,FST_V_VI_Dark,0.2,2,0.8818181818181818,0.7886178861788617
Shuffled Contrast Proxy,000181,FST_V_VI_Dark,0.2,3,0.8110599078341014,0.6821705426356589
Shuffled Contrast Proxy,000190,FST_V_VI_Dark,0.0,0,0.8727082242011525,0.7741635687732342
Shuffled Contrast Proxy,000190,FST_V_VI_Dark,0.2,1,0.7191256830601093,0.5614334470989761
Shuffled Contrast Proxy,000190,FST_V_VI_Dark,0.2,2,0.8469087340529932,0.734468085106383
Shuffled Contrast Proxy,000190,FST_V_VI_Dark,0.2,3,0.8008849557522124,0.6678966789667896
Shuffled Contrast Proxy,000192,FST_V_VI_Dark,0.0,0,0.7468581687612208,0.5959885386819485
Shuffled Contrast Proxy,000192,FST_V_VI_Dark,0.2,1,0.650088809946714,0.48157894736842105
Shuffled Contrast Proxy,000192,FST_V_VI_Dark,0.2,2,0.8248772504091653,0.7019498607242339
Shuffled Contrast Proxy,000192,FST_V_VI_Dark,0.2,3,0.7872696817420436,0.649171270718232
Shuffled Contrast Proxy,000195,FST_V_VI_Dark,0.0,0,0.8768472906403941,0.7807017543859649
Shuffled Contrast Proxy,000195,FST_V_VI_Dark,0.2,1,0.7405660377358491,0.5880149812734082
Shuffled Contrast Proxy,000195,FST_V_VI_Dark,0.2,2,0.8571428571428571,0.75
Shuffled Contrast Proxy,000195,FST_V_VI_Dark,0.2,3,0.8523809523809524,0.7427385892116183
Shuffled Contrast Proxy,000200,FST_V_VI_Dark,0.0,0,0.7875160324925182,0.6495063469675599
Shuffled Contrast Proxy,000200,FST_V_VI_Dark,0.2,1,0.6822875297855441,0.517781796262809
Shuffled Contrast Proxy,000200,FST_V_VI_Dark,0.2,2,0.8001570475068708,0.6668848167539267
Shuffled Contrast Proxy,000200,FST_V_VI_Dark,0.2,3,0.7924403183023873,0.6562328390993959
Shuffled Contrast Proxy,000202,FST_V_VI_Dark,0.0,0,0.9395143487858719,0.8859283930058285
Shuffled Contrast Proxy,000202,FST_V_VI_Dark,0.2,1,0.8376884129663039,0.7207089925896255
Shuffled Contrast Proxy,000202,FST_V_VI_Dark,0.2,2,0.8773434000895771,0.7814886583836772
Shuffled Contrast Proxy,000202,FST_V_VI_Dark,0.2,3,0.8973024702434356,0.8137339986981992
Shuffled Contrast Proxy,000206,FST_V_VI_Dark,0.0,0,0.9497523000707714,0.9043126684636119
Shuffled Contrast Proxy,000206,FST_V_VI_Dark,0.2,1,0.8908170643528561,0.803129074315515
Shuffled Contrast Proxy,000206,FST_V_VI_Dark,0.2,2,0.9523809523809523,0.9090909090909091
Shuffled Contrast Proxy,000206,FST_V_VI_Dark,0.2,3,0.9409368635437881,0.8884615384615384
Shuffled Contrast Proxy,000207,FST_V_VI_Dark,0.0,0,0.7966101694915254,0.6619718309859155
Shuffled Contrast Proxy,000207,FST_V_VI_Dark,0.2,1,0.6504065040650406,0.4819277108433735
Shuffled Contrast Proxy,000207,FST_V_VI_Dark,0.2,2,0.828125,0.7066666666666667
Shuffled Contrast Proxy,000207,FST_V_VI_Dark,0.2,3,0.8840579710144928,0.7922077922077922
Shuffled Contrast Proxy,000208,FST_V_VI_Dark,0.0,0,0.7294685990338164,0.5741444866920152
Shuffled Contrast Proxy,000208,FST_V_VI_Dark,0.2,1,0.7185929648241206,0.5607843137254902
Shuffled Contrast Proxy,000208,FST_V_VI_Dark,0.2,2,0.7173396674584323,0.5592592592592592
Shuffled Contrast Proxy,000208,FST_V_VI_Dark,0.2,3,0.6622807017543859,0.49508196721311476
Shuffled Contrast Proxy,000214,FST_V_VI_Dark,0.0,0,0.8080229226361032,0.6778846153846154
Shuffled Contrast Proxy,000214,FST_V_VI_Dark,0.2,1,0.772972972972973,0.6299559471365639
Shuffled Contrast Proxy,000214,FST_V_VI_Dark,0.2,2,0.7890410958904109,0.6515837104072398
Shuffled Contrast Proxy,000214,FST_V_VI_Dark,0.2,3,0.7890410958904109,0.6515837104072398
Shuffled Contrast Proxy,000215,FST_V_VI_Dark,0.0,0,0.7108433734939759,0.5514018691588785
Shuffled Contrast Proxy,000215,FST_V_VI_Dark,0.2,1,0.7411764705882353,0.5887850467289719
Shuffled Contrast Proxy,000215,FST_V_VI_Dark,0.2,2,0.7555555555555555,0.6071428571428571
Shuffled Contrast Proxy,000215,FST_V_VI_Dark,0.2,3,0.6853932584269663,0.5213675213675214
Shuffled Contrast Proxy,000216,FST_V_VI_Dark,0.0,0,0.971581054036024,0.9447327451997924
Shuffled Contrast Proxy,000216,FST_V_VI_Dark,0.2,1,0.9167826328973003,0.8463514902363823
Shuffled Contrast Proxy,000216,FST_V_VI_Dark,0.2,2,0.9584364820846906,0.9201901426069552
Shuffled Contrast Proxy,000216,FST_V_VI_Dark,0.2,3,0.9640324867861286,0.930562468889995
Shuffled Contrast Proxy,000226,FST_V_VI_Dark,0.0,0,0.916083916083916,0.8451612903225807
Shuffled Contrast Proxy,000226,FST_V_VI_Dark,0.2,1,0.8409090909090909,0.7254901960784313
Shuffled Contrast Proxy,000226,FST_V_VI_Dark,0.2,2,0.9087779690189329,0.832807570977918
Shuffled Contrast Proxy,000226,FST_V_VI_Dark,0.2,3,0.912621359223301,0.8392857142857143
Shuffled Contrast Proxy,000231,FST_V_VI_Dark,0.0,0,0.8654434250764526,0.7628032345013477
Shuffled Contrast Proxy,000231,FST_V_VI_Dark,0.2,1,0.7430167597765364,0.5911111111111111
Shuffled Contrast Proxy,000231,FST_V_VI_Dark,0.2,2,0.8265971316818774,0.7044444444444444
Shuffled Contrast Proxy,000231,FST_V_VI_Dark,0.2,3,0.7425742574257426,0.5905511811023622
Shuffled Contrast Proxy,000232,FST_V_VI_Dark,0.0,0,0.8988529718456726,0.8162878787878788
Shuffled Contrast Proxy,000232,FST_V_VI_Dark,0.2,1,0.9081253319171535,0.8317120622568094
Shuffled Contrast Proxy,000232,FST_V_VI_Dark,0.2,2,0.887634684453566,0.7979704797047971
Shuffled Contrast Proxy,000232,FST_V_VI_Dark,0.2,3,0.8545816733067729,0.7460869565217392
Shuffled Contrast Proxy,000233,FST_V_VI_Dark,0.0,0,0.7206851119894598,0.5633367662203913
Shuffled Contrast Proxy,000233,FST_V_VI_Dark,0.2,1,0.5646470955652717,0.39338555265448216
Shuffled Contrast Proxy,000233,FST_V_VI_Dark,0.2,2,0.756394640682095,0.6082272282076395
Shuffled Contrast Proxy,000233,FST_V_VI_Dark,0.2,3,0.8310610551274452,0.7109533468559838
Shuffled Contrast Proxy,000239,FST_V_VI_Dark,0.0,0,0.70042194092827,0.538961038961039
Shuffled Contrast Proxy,000239,FST_V_VI_Dark,0.2,1,0.7031578947368421,0.5422077922077922
Shuffled Contrast Proxy,000239,FST_V_VI_Dark,0.2,2,0.7285861713106295,0.573051948051948
Shuffled Contrast Proxy,000239,FST_V_VI_Dark,0.2,3,0.7605633802816901,0.6136363636363636
Shuffled Contrast Proxy,000241,FST_V_VI_Dark,0.0,0,0.8807665010645848,0.7869372225745086
Shuffled Contrast Proxy,000241,FST_V_VI_Dark,0.2,1,0.6599928494815874,0.49252934898612594
Shuffled Contrast Proxy,000241,FST_V_VI_Dark,0.2,2,0.8495029139526912,0.7383790226460072
Shuffled Contrast Proxy,000241,FST_V_VI_Dark,0.2,3,0.8305555555555556,0.7102137767220903
Shuffled Contrast Proxy,000242,FST_V_VI_Dark,0.0,0,0.2372506983693887,0.1345912876833493
Shuffled Contrast Proxy,000242,FST_V_VI_Dark,0.2,1,0.2124584145921762,0.11885508920549352
Shuffled Contrast Proxy,000242,FST_V_VI_Dark,0.2,2,0.16672933340495247,0.09094638148256666
Shuffled Contrast Proxy,000242,FST_V_VI_Dark,0.2,3,0.19866094779788682,0.11028515012486208
Shuffled Contrast Proxy,000246,FST_V_VI_Dark,0.0,0,0.9219512195121952,0.8552036199095022
Shuffled Contrast Proxy,000246,FST_V_VI_Dark,0.2,1,0.821256038647343,0.6967213114754098
Shuffled Contrast Proxy,000246,FST_V_VI_Dark,0.2,2,0.8558558558558559,0.7480314960629921
Shuffled Contrast Proxy,000246,FST_V_VI_Dark,0.2,3,0.8305489260143198,0.710204081632653
Shuffled Contrast Proxy,000247,FST_V_VI_Dark,0.0,0,0.7947761194029851,0.6594427244582043
Shuffled Contrast Proxy,000247,FST_V_VI_Dark,0.2,1,0.8927444794952681,0.8062678062678063
Shuffled Contrast Proxy,000247,FST_V_VI_Dark,0.2,2,0.7836879432624113,0.6443148688046647
Shuffled Contrast Proxy,000247,FST_V_VI_Dark,0.2,3,0.7104795737122558,0.5509641873278237
Sign-Inverted Proxy (-c),000044,FST_I_II_Light,0.0,0,0.925834797891037,0.8619109947643979
Sign-Inverted Proxy (-c),000044,FST_I_II_Light,0.2,1,0.8521680897371505,0.7424154025670945
Sign-Inverted Proxy (-c),000044,FST_I_II_Light,0.2,2,0.8750200032005121,0.7778093883357041
Sign-Inverted Proxy (-c),000044,FST_I_II_Light,0.2,3,0.7964912280701755,0.6618075801749271
Sign-Inverted Proxy (-c),000260,FST_I_II_Light,0.0,0,0.852910052910053,0.7435424354243543
Sign-Inverted Proxy (-c),000260,FST_I_II_Light,0.2,1,0.7954110898661568,0.6603174603174603
Sign-Inverted Proxy (-c),000260,FST_I_II_Light,0.2,2,0.857707509881423,0.7508650519031141
Sign-Inverted Proxy (-c),000260,FST_I_II_Light,0.2,3,0.7904306220095694,0.6534810126582279
Sign-Inverted Proxy (-c),000261,FST_I_II_Light,0.0,0,0.9171396140749148,0.8469601677148847
Sign-Inverted Proxy (-c),000261,FST_I_II_Light,0.2,1,0.8502415458937198,0.7394957983193278
Sign-Inverted Proxy (-c),000261,FST_I_II_Light,0.2,2,0.878625134264232,0.7835249042145593
Sign-Inverted Proxy (-c),000261,FST_I_II_Light,0.2,3,0.8435517970401691,0.7294332723948812
Sign-Inverted Proxy (-c),000265,FST_I_II_Light,0.0,0,0.9106973808772484,0.8360370799536501
Sign-Inverted Proxy (-c),000265,FST_I_II_Light,0.2,1,0.8798214854956965,0.7854297097324986
Sign-Inverted Proxy (-c),000265,FST_I_II_Light,0.2,2,0.8757894736842106,0.7790262172284644
Sign-Inverted Proxy (-c),000265,FST_I_II_Light,0.2,3,0.8507728894173603,0.7403000517330575
Sign-Inverted Proxy (-c),000270,FST_I_II_Light,0.0,0,0.8764044943820225,0.78
Sign-Inverted Proxy (-c),000270,FST_I_II_Light,0.2,1,0.6133333333333333,0.4423076923076923
Sign-Inverted Proxy (-c),000270,FST_I_II_Light,0.2,2,0.8679245283018868,0.7666666666666667
Sign-Inverted Proxy (-c),000270,FST_I_II_Light,0.2,3,0.8700564971751412,0.77
Sign-Inverted Proxy (-c),000273,FST_I_II_Light,0.0,0,0.8666666666666667,0.7647058823529411
Sign-Inverted Proxy (-c),000273,FST_I_II_Light,0.2,1,0.7482014388489209,0.5977011494252874
Sign-Inverted Proxy (-c),000273,FST_I_II_Light,0.2,2,0.9078947368421053,0.8313253012048193
Sign-Inverted Proxy (-c),000273,FST_I_II_Light,0.2,3,0.8654970760233918,0.7628865979381443
Sign-Inverted Proxy (-c),000274,FST_I_II_Light,0.0,0,0.803921568627451,0.6721311475409836
Sign-Inverted Proxy (-c),000274,FST_I_II_Light,0.2,1,0.638095238095238,0.46853146853146854
Sign-Inverted Proxy (-c),000274,FST_I_II_Light,0.2,2,0.8,0.6666666666666666
Sign-Inverted Proxy (-c),000274,FST_I_II_Light,0.2,3,0.8476190476190476,0.7355371900826446
Sign-Inverted Proxy (-c),000275,FST_I_II_Light,0.0,0,0.8365180467091295,0.718978102189781
Sign-Inverted Proxy (-c),000275,FST_I_II_Light,0.2,1,0.8466522678185745,0.7340823970037453
Sign-Inverted Proxy (-c),000275,FST_I_II_Light,0.2,2,0.8125,0.6842105263157895
Sign-Inverted Proxy (-c),000275,FST_I_II_Light,0.2,3,0.8363636363636363,0.71875
Sign-Inverted Proxy (-c),000278,FST_I_II_Light,0.0,0,0.8728636932055023,0.7744082840236687
Sign-Inverted Proxy (-c),000278,FST_I_II_Light,0.2,1,0.8593818023508925,0.7534351145038168
Sign-Inverted Proxy (-c),000278,FST_I_II_Light,0.2,2,0.8885245901639345,0.799410029498525
Sign-Inverted Proxy (-c),000278,FST_I_II_Light,0.2,3,0.8789706473663048,0.7840746054519369
Sign-Inverted Proxy (-c),000280,FST_I_II_Light,0.0,0,0.7586206896551724,0.6111111111111112
Sign-Inverted Proxy (-c),000280,FST_I_II_Light,0.2,1,0.6358974358974359,0.46616541353383456
Sign-Inverted Proxy (-c),000280,FST_I_II_Light,0.2,2,0.7373271889400922,0.583941605839416
Sign-Inverted Proxy (-c),000280,FST_I_II_Light,0.2,3,0.7368421052631579,0.5833333333333334
Sign-Inverted Proxy (-c),000283,FST_I_II_Light,0.0,0,0.8115015974440895,0.6827956989247311
Sign-Inverted Proxy (-c),000283,FST_I_II_Light,0.2,1,0.7250384024577573,0.5686746987951807
Sign-Inverted Proxy (-c),000283,FST_I_II_Light,0.2,2,0.7530120481927711,0.6038647342995169
Sign-Inverted Proxy (-c),000283,FST_I_II_Light,0.2,3,0.8043478260869565,0.6727272727272727
Sign-Inverted Proxy (-c),000284,FST_I_II_Light,0.0,0,0.9249578414839797,0.8603921568627451
Sign-Inverted Proxy (-c),000284,FST_I_II_Light,0.2,1,0.8945674044265594,0.8092464506734619
Sign-Inverted Proxy (-c),000284,FST_I_II_Light,0.2,2,0.8799208704253214,0.7855881314023313
Sign-Inverted Proxy (-c),000284,FST_I_II_Light,0.2,3,0.9060727043496533,0.8282750672301191
Sign-Inverted Proxy (-c),000288,FST_I_II_Light,0.0,0,0.8681541582150102,0.7670250896057348
Sign-Inverted Proxy (-c),000288,FST_I_II_Light,0.2,1,0.8634686346863468,0.7597402597402597
Sign-Inverted Proxy (-c),000288,FST_I_II_Light,0.2,2,0.8441558441558441,0.7303370786516854
Sign-Inverted Proxy (-c),000288,FST_I_II_Light,0.2,3,0.6845637583892618,0.5204081632653061
Sign-Inverted Proxy (-c),000292,FST_I_II_Light,0.0,0,0.914335856093013,0.8421903414831279
Sign-Inverted Proxy (-c),000292,FST_I_II_Light,0.2,1,0.8567682726974762,0.7494266055045872
Sign-Inverted Proxy (-c),000292,FST_I_II_Light,0.2,2,0.8811606132318139,0.7875666727974986
Sign-Inverted Proxy (-c),000292,FST_I_II_Light,0.2,3,0.8559670781893004,0.7482014388489209
Sign-Inverted Proxy (-c),000294,FST_I_II_Light,0.0,0,0.8181818181818182,0.6923076923076923
Sign-Inverted Proxy (-c),000294,FST_I_II_Light,0.2,1,0.8118811881188119,0.6833333333333333
Sign-Inverted Proxy (-c),000294,FST_I_II_Light,0.2,2,0.8151658767772512,0.688
Sign-Inverted Proxy (-c),000294,FST_I_II_Light,0.2,3,0.76,0.6129032258064516
Sign-Inverted Proxy (-c),000303,FST_I_II_Light,0.0,0,0.7722342733188721,0.6289752650176679
Sign-Inverted Proxy (-c),000303,FST_I_II_Light,0.2,1,0.7041036717062635,0.5433333333333333
Sign-Inverted Proxy (-c),000303,FST_I_II_Light,0.2,2,0.8145161290322581,0.6870748299319728
Sign-Inverted Proxy (-c),000303,FST_I_II_Light,0.2,3,0.7803921568627451,0.639871382636656
Sign-Inverted Proxy (-c),000304,FST_I_II_Light,0.0,0,0.9380654140570633,0.8833551769331586
Sign-Inverted Proxy (-c),000304,FST_I_II_Light,0.2,1,0.9135628952916374,0.8408796895213454
Sign-Inverted Proxy (-c),000304,FST_I_II_Light,0.2,2,0.9475862068965517,0.9003931847968545
Sign-Inverted Proxy (-c),000304,FST_I_II_Light,0.2,3,0.9221140472878998,0.8554838709677419
Sign-Inverted Proxy (-c),000305,FST_I_II_Light,0.0,0,0.7518796992481203,0.6024096385542169
Sign-Inverted Proxy (-c),000305,FST_I_II_Light,0.2,1,0.6814814814814815,0.5168539325842697
Sign-Inverted Proxy (-c),000305,FST_I_II_Light,0.2,2,0.7272727272727273,0.5714285714285714
Sign-Inverted Proxy (-c),000305,FST_I_II_Light,0.2,3,0.7323943661971831,0.5777777777777777
Sign-Inverted Proxy (-c),000307,FST_I_II_Light,0.0,0,0.5210084033613446,0.3522727272727273
Sign-Inverted Proxy (-c),000307,FST_I_II_Light,0.2,1,0.5094339622641509,0.34177215189873417
Sign-Inverted Proxy (-c),000307,FST_I_II_Light,0.2,2,0.4852941176470588,0.32038834951456313
Sign-Inverted Proxy (-c),000307,FST_I_II_Light,0.2,3,0.4429530201342282,0.28448275862068967
Sign-Inverted Proxy (-c),000308,FST_I_II_Light,0.0,0,0.9598893499308437,0.9228723404255319
Sign-Inverted Proxy (-c),000308,FST_I_II_Light,0.2,1,0.968421052631579,0.9387755102040817
Sign-Inverted Proxy (-c),000308,FST_I_II_Light,0.2,2,0.9737454303755401,0.9488341968911918
Sign-Inverted Proxy (-c),000308,FST_I_II_Light,0.2,3,0.9752816546157727,0.9517558254020347
Sign-Inverted Proxy (-c),000311,FST_I_II_Light,0.0,0,0.8961748633879781,0.8118811881188119
Sign-Inverted Proxy (-c),000311,FST_I_II_Light,0.2,1,0.7867036011080333,0.6484018264840182
Sign-Inverted Proxy (-c),000311,FST_I_II_Light,0.2,2,0.8940568475452196,0.8084112149532711
Sign-Inverted Proxy (-c),000311,FST_I_II_Light,0.2,3,0.8586956521739131,0.7523809523809524
Sign-Inverted Proxy (-c),000314,FST_I_II_Light,0.0,0,0.9326241134751773,0.8737541528239202
Sign-Inverted Proxy (-c),000314,FST_I_II_Light,0.2,1,0.9060773480662984,0.8282828282828283
Sign-Inverted Proxy (-c),000314,FST_I_II_Light,0.2,2,0.9100346020761245,0.834920634920635
Sign-Inverted Proxy (-c),000314,FST_I_II_Light,0.2,3,0.9173989455184535,0.8474025974025974
Sign-Inverted Proxy (-c),000317,FST_I_II_Light,0.0,0,0.8187134502923976,0.693069306930693
Sign-Inverted Proxy (-c),000317,FST_I_II_Light,0.2,1,0.7804878048780488,0.64
Sign-Inverted Proxy (-c),000317,FST_I_II_Light,0.2,2,0.813953488372093,0.6862745098039216
Sign-Inverted Proxy (-c),000317,FST_I_II_Light,0.2,3,0.7675675675675676,0.6228070175438597
Sign-Inverted Proxy (-c),000321,FST_I_II_Light,0.0,0,0.9118541033434651,0.8379888268156425
Sign-Inverted Proxy (-c),000321,FST_I_II_Light,0.2,1,0.9166666666666666,0.8461538461538461
Sign-Inverted Proxy (-c),000321,FST_I_II_Light,0.2,2,0.916923076923077,0.8465909090909091
Sign-Inverted Proxy (-c),000321,FST_I_II_Light,0.2,3,0.8888888888888888,0.8
Sign-Inverted Proxy (-c),000323,FST_I_II_Light,0.0,0,0.8846153846153846,0.7931034482758621
Sign-Inverted Proxy (-c),000323,FST_I_II_Light,0.2,1,0.834070796460177,0.715370018975332
Sign-Inverted Proxy (-c),000323,FST_I_II_Light,0.2,2,0.882414151925078,0.7895716945996276
Sign-Inverted Proxy (-c),000323,FST_I_II_Light,0.2,3,0.9065326633165829,0.8290441176470589
Sign-Inverted Proxy (-c),000326,FST_I_II_Light,0.0,0,0.8412698412698413,0.726027397260274
Sign-Inverted Proxy (-c),000326,FST_I_II_Light,0.2,1,0.7808764940239044,0.6405228758169934
Sign-Inverted Proxy (-c),000326,FST_I_II_Light,0.2,2,0.8278388278388278,0.70625
Sign-Inverted Proxy (-c),000326,FST_I_II_Light,0.2,3,0.8153310104529616,0.6882352941176471
Sign-Inverted Proxy (-c),000330,FST_I_II_Light,0.0,0,0.8617363344051447,0.7570621468926554
Sign-Inverted Proxy (-c),000330,FST_I_II_Light,0.2,1,0.7719298245614035,0.6285714285714286
Sign-Inverted Proxy (-c),000330,FST_I_II_Light,0.2,2,0.8424242424242424,0.7277486910994765
Sign-Inverted Proxy (-c),000330,FST_I_II_Light,0.2,3,0.8344370860927153,0.7159090909090909
Sign-Inverted Proxy (-c),000335,FST_I_II_Light,0.0,0,0.8744567841622405,0.7769197769197769
Sign-Inverted Proxy (-c),000335,FST_I_II_Light,0.2,1,0.8127713920817369,0.6845955249569707
Sign-Inverted Proxy (-c),000335,FST_I_II_Light,0.2,2,0.8331586913494003,0.7140291359010178
Sign-Inverted Proxy (-c),000335,FST_I_II_Light,0.2,3,0.8277174521437367,0.7060733384262796
Sign-Inverted Proxy (-c),000346,FST_I_II_Light,0.0,0,0.9570957095709571,0.9177215189873418
Sign-Inverted Proxy (-c),000346,FST_I_II_Light,0.2,1,0.9128919860627178,0.8397435897435898
Sign-Inverted Proxy (-c),000346,FST_I_II_Light,0.2,2,0.9389067524115756,0.8848484848484849
Sign-Inverted Proxy (-c),000346,FST_I_II_Light,0.2,3,0.86875,0.7679558011049724
Sign-Inverted Proxy (-c),000349,FST_I_II_Light,0.0,0,0.9328277356446371,0.8741116751269036
Sign-Inverted Proxy (-c),000349,FST_I_II_Light,0.2,1,0.7969264544456641,0.6624087591240876
Sign-Inverted Proxy (-c),000349,FST_I_II_Light,0.2,2,0.8632619439868204,0.7594202898550725
Sign-Inverted Proxy (-c),000349,FST_I_II_Light,0.2,3,0.8420038535645472,0.7271214642262895
Sign-Inverted Proxy (-c),000354,FST_I_II_Light,0.0,0,0.872954014029618,0.7745504840940526
Sign-Inverted Proxy (-c),000354,FST_I_II_Light,0.2,1,0.7821229050279329,0.6422018348623854
Sign-Inverted Proxy (-c),000354,FST_I_II_Light,0.2,2,0.8802512760109933,0.7861150070126227
Sign-Inverted Proxy (-c),000354,FST_I_II_Light,0.2,3,0.8612821441506701,0.7563613231552163
Sign-Inverted Proxy (-c),000355,FST_I_II_Light,0.0,0,0.9548272807794509,0.9135593220338983
Sign-Inverted Proxy (-c),000355,FST_I_II_Light,0.2,1,0.8030856678846935,0.6709633649932157
Sign-Inverted Proxy (-c),000355,FST_I_II_Light,0.2,2,0.8980537534754403,0.8149705634987384
Sign-Inverted Proxy (-c),000355,FST_I_II_Light,0.2,3,0.89,0.8018018018018018
Sign-Inverted Proxy (-c),000358,FST_I_II_Light,0.0,0,0.8233486943164362,0.6997389033942559
Sign-Inverted Proxy (-c),000358,FST_I_II_Light,0.2,1,0.8635724331926864,0.7599009900990099
Sign-Inverted Proxy (-c),000358,FST_I_II_Light,0.2,2,0.8563134978229318,0.748730964467005
Sign-Inverted Proxy (-c),000358,FST_I_II_Light,0.2,3,0.7756315007429421,0.633495145631068
Sign-Inverted Proxy (-c),000366,FST_I_II_Light,0.0,0,0.7936245083833575,0.6578586135895677
Sign-Inverted Proxy (-c),000366,FST_I_II_Light,0.2,1,0.7118367346938775,0.5525982256020279
Sign-Inverted Proxy (-c),000366,FST_I_II_Light,0.2,2,0.774854388431412,0.6324590163934426
Sign-Inverted Proxy (-c),000366,FST_I_II_Light,0.2,3,0.7797860568056068,0.6390568319226119
Sign-Inverted Proxy (-c),000370,FST_I_II_Light,0.0,0,0.7840531561461794,0.644808743169399
Sign-Inverted Proxy (-c),000370,FST_I_II_Light,0.2,1,0.8094534711964549,0.6799007444168734
Sign-Inverted Proxy (-c),000370,FST_I_II_Light,0.2,2,0.8692913385826772,0.7688022284122563
Sign-Inverted Proxy (-c),000370,FST_I_II_Light,0.2,3,0.7357357357357357,0.5819477434679335
Sign-Inverted Proxy (-c),000371,FST_I_II_Light,0.0,0,0.920314253647587,0.8523908523908524
Sign-Inverted Proxy (-c),000371,FST_I_II_Light,0.2,1,0.9022727272727272,0.8219461697722568
Sign-Inverted Proxy (-c),000371,FST_I_II_Light,0.2,2,0.9354838709677419,0.8787878787878788
Sign-Inverted Proxy (-c),000371,FST_I_II_Light,0.2,3,0.9563365282215123,0.9163265306122449
Sign-Inverted Proxy (-c),000373,FST_I_II_Light,0.0,0,0.6818181818181818,0.5172413793103449
Sign-Inverted Proxy (-c),000373,FST_I_II_Light,0.2,1,0.6431095406360424,0.4739583333333333
Sign-Inverted Proxy (-c),000373,FST_I_II_Light,0.2,2,0.654320987654321,0.48623853211009177
Sign-Inverted Proxy (-c),000373,FST_I_II_Light,0.2,3,0.660436137071651,0.4930232558139535
Sign-Inverted Proxy (-c),000375,FST_I_II_Light,0.0,0,0.7608695652173914,0.6140350877192983
Sign-Inverted Proxy (-c),000375,FST_I_II_Light,0.2,1,0.66,0.4925373134328358
Sign-Inverted Proxy (-c),000375,FST_I_II_Light,0.2,2,0.7594433399602386,0.6121794871794872
Sign-Inverted Proxy (-c),000375,FST_I_II_Light,0.2,3,0.8208333333333333,0.696113074204947
Sign-Inverted Proxy (-c),000377,FST_I_II_Light,0.0,0,0.8484848484848485,0.7368421052631579
Sign-Inverted Proxy (-c),000377,FST_I_II_Light,0.2,1,0.6790697674418604,0.5140845070422535
Sign-Inverted Proxy (-c),000377,FST_I_II_Light,0.2,2,0.8571428571428571,0.75
Sign-Inverted Proxy (-c),000377,FST_I_II_Light,0.2,3,0.8732943469785575,0.7750865051903114
Sign-Inverted Proxy (-c),000381,FST_I_II_Light,0.0,0,0.9252336448598131,0.8608695652173913
Sign-Inverted Proxy (-c),000381,FST_I_II_Light,0.2,1,0.828125,0.7066666666666667
Sign-Inverted Proxy (-c),000381,FST_I_II_Light,0.2,2,0.9394387001477105,0.8857938718662952
Sign-Inverted Proxy (-c),000381,FST_I_II_Light,0.2,3,0.9473684210526315,0.9
Sign-Inverted Proxy (-c),000386,FST_I_II_Light,0.0,0,0.8169761273209549,0.6905829596412556
Sign-Inverted Proxy (-c),000386,FST_I_II_Light,0.2,1,0.6894586894586895,0.5260869565217391
Sign-Inverted Proxy (-c),000386,FST_I_II_Light,0.2,2,0.8535980148883374,0.7445887445887446
Sign-Inverted Proxy (-c),000386,FST_I_II_Light,0.2,3,0.835820895522388,0.717948717948718
Sign-Inverted Proxy (-c),000387,FST_I_II_Light,0.0,0,0.8661181750186986,0.7638522427440633
Sign-Inverted Proxy (-c),000387,FST_I_II_Light,0.2,1,0.748993288590604,0.5987124463519313
Sign-Inverted Proxy (-c),000387,FST_I_II_Light,0.2,2,0.8562005277044855,0.748558246828143
Sign-Inverted Proxy (-c),000387,FST_I_II_Light,0.2,3,0.8449197860962567,0.7314814814814815
Sign-Inverted Proxy (-c),000388,FST_I_II_Light,0.0,0,0.9281997918834547,0.8660194174757282
Sign-Inverted Proxy (-c),000388,FST_I_II_Light,0.2,1,0.8384279475982532,0.7218045112781954
Sign-Inverted Proxy (-c),000388,FST_I_II_Light,0.2,2,0.9326633165829146,0.8738229755178908
Sign-Inverted Proxy (-c),000388,FST_I_II_Light,0.2,3,0.9337539432176656,0.8757396449704142
Sign-Inverted Proxy (-c),000389,FST_I_II_Light,0.0,0,0.7857142857142857,0.6470588235294118
Sign-Inverted Proxy (-c),000389,FST_I_II_Light,0.2,1,0.8316831683168316,0.711864406779661
Sign-Inverted Proxy (-c),000389,FST_I_II_Light,0.2,2,0.8073394495412844,0.676923076923077
Sign-Inverted Proxy (-c),000389,FST_I_II_Light,0.2,3,0.734375,0.5802469135802469
Sign-Inverted Proxy (-c),000390,FST_I_II_Light,0.0,0,0.8101761252446184,0.680921052631579
Sign-Inverted Proxy (-c),000390,FST_I_II_Light,0.2,1,0.8235294117647058,0.7
Sign-Inverted Proxy (-c),000390,FST_I_II_Light,0.2,2,0.9261744966442953,0.8625
Sign-Inverted Proxy (-c),000390,FST_I_II_Light,0.2,3,0.8288973384030418,0.7077922077922078
Sign-Inverted Proxy (-c),000391,FST_I_II_Light,0.0,0,0.780952380952381,0.640625
Sign-Inverted Proxy (-c),000391,FST_I_II_Light,0.2,1,0.7523364485981309,0.602996254681648
Sign-Inverted Proxy (-c),000391,FST_I_II_Light,0.2,2,0.7832512315270936,0.6437246963562753
Sign-Inverted Proxy (-c),000391,FST_I_II_Light,0.2,3,0.7777777777777778,0.6363636363636364
Sign-Inverted Proxy (-c),000395,FST_I_II_Light,0.0,0,0.8740157480314961,0.7762237762237763
Sign-Inverted Proxy (-c),000395,FST_I_II_Light,0.2,1,0.8353413654618473,0.7172413793103448
Sign-Inverted Proxy (-c),000395,FST_I_II_Light,0.2,2,0.8854961832061069,0.7945205479452054
Sign-Inverted Proxy (-c),000395,FST_I_II_Light,0.2,3,0.8863636363636364,0.7959183673469388
Sign-Inverted Proxy (-c),000403,FST_I_II_Light,0.0,0,0.9011384062312762,0.8200654307524536
Sign-Inverted Proxy (-c),000403,FST_I_II_Light,0.2,1,0.8250950570342205,0.7022653721682848
Sign-Inverted Proxy (-c),000403,FST_I_II_Light,0.2,2,0.9121245828698554,0.8384458077709611
Sign-Inverted Proxy (-c),000403,FST_I_II_Light,0.2,3,0.8976464148877942,0.814299900695134
Sign-Inverted Proxy (-c),000405,FST_I_II_Light,0.0,0,0.920506329113924,0.8527204502814258
Sign-Inverted Proxy (-c),000405,FST_I_II_Light,0.2,1,0.7424960505529226,0.5904522613065326
Sign-Inverted Proxy (-c),000405,FST_I_II_Light,0.2,2,0.9159943046986236,0.8450087565674256
Sign-Inverted Proxy (-c),000405,FST_I_II_Light,0.2,3,0.8996212121212122,0.8175559380378657
Sign-Inverted Proxy (-c),000406,FST_I_II_Light,0.0,0,0.9097207642242284,0.8343924513768535
Sign-Inverted Proxy (-c),000406,FST_I_II_Light,0.2,1,0.854421768707483,0.7458432304038005
Sign-Inverted Proxy (-c),000406,FST_I_II_Light,0.2,2,0.8833880107366537,0.7911324786324786
Sign-Inverted Proxy (-c),000406,FST_I_II_Light,0.2,3,0.8136714443219405,0.6858736059479554
Sign-Inverted Proxy (-c),000407,FST_I_II_Light,0.0,0,0.8811188811188811,0.7875
Sign-Inverted Proxy (-c),000407,FST_I_II_Light,0.2,1,0.8338983050847457,0.7151162790697675
Sign-Inverted Proxy (-c),000407,FST_I_II_Light,0.2,2,0.8373702422145328,0.7202380952380952
Sign-Inverted Proxy (-c),000407,FST_I_II_Light,0.2,3,0.8924050632911392,0.8057142857142857
Sign-Inverted Proxy (-c),000408,FST_I_II_Light,0.0,0,0.7924528301886793,0.65625
Sign-Inverted Proxy (-c),000408,FST_I_II_Light,0.2,1,0.7339449541284404,0.5797101449275363
Sign-Inverted Proxy (-c),000408,FST_I_II_Light,0.2,2,0.794392523364486,0.6589147286821705
Sign-Inverted Proxy (-c),000408,FST_I_II_Light,0.2,3,0.7228915662650602,0.5660377358490566
Sign-Inverted Proxy (-c),000411,FST_I_II_Light,0.0,0,0.8461538461538461,0.7333333333333333
Sign-Inverted Proxy (-c),000411,FST_I_II_Light,0.2,1,0.8558139534883721,0.7479674796747967
Sign-Inverted Proxy (-c),000411,FST_I_II_Light,0.2,2,0.8348623853211009,0.7165354330708661
Sign-Inverted Proxy (-c),000411,FST_I_II_Light,0.2,3,0.7711864406779662,0.6275862068965518
Sign-Inverted Proxy (-c),000415,FST_I_II_Light,0.0,0,0.9440993788819876,0.8941176470588236
Sign-Inverted Proxy (-c),000415,FST_I_II_Light,0.2,1,0.9395973154362416,0.8860759493670886
Sign-Inverted Proxy (-c),000415,FST_I_II_Light,0.2,2,0.9351535836177475,0.8782051282051282
Sign-Inverted Proxy (-c),000415,FST_I_II_Light,0.2,3,0.9347679892400808,0.8775252525252525
Sign-Inverted Proxy (-c),000417,FST_I_II_Light,0.0,0,0.8230337078651685,0.6992840095465394
Sign-Inverted Proxy (-c),000417,FST_I_II_Light,0.2,1,0.7067117879300621,0.546445704317488
Sign-Inverted Proxy (-c),000417,FST_I_II_Light,0.2,2,0.752806186081317,0.6036
Sign-Inverted Proxy (-c),000417,FST_I_II_Light,0.2,3,0.7968706342553786,0.6623316302833256
Sign-Inverted Proxy (-c),000422,FST_I_II_Light,0.0,0,0.8373702422145328,0.7202380952380952
Sign-Inverted Proxy (-c),000422,FST_I_II_Light,0.2,1,0.7172413793103448,0.5591397849462365
Sign-Inverted Proxy (-c),000422,FST_I_II_Light,0.2,2,0.8364779874213837,0.7189189189189189
Sign-Inverted Proxy (-c),000422,FST_I_II_Light,0.2,3,0.9023569023569024,0.8220858895705522
Sign-Inverted Proxy (-c),000433,FST_I_II_Light,0.0,0,0.9083665338645418,0.8321167883211679
Sign-Inverted Proxy (-c),000433,FST_I_II_Light,0.2,1,0.8961303462321792,0.8118081180811808
Sign-Inverted Proxy (-c),000433,FST_I_II_Light,0.2,2,0.9075975359342916,0.8308270676691729
Sign-Inverted Proxy (-c),000433,FST_I_II_Light,0.2,3,0.8339350180505415,0.7151702786377709
Sign-Inverted Proxy (-c),000438,FST_I_II_Light,0.0,0,0.6588235294117647,0.49122807017543857
Sign-Inverted Proxy (-c),000438,FST_I_II_Light,0.2,1,0.5934065934065934,0.421875
Sign-Inverted Proxy (-c),000438,FST_I_II_Light,0.2,2,0.6511627906976745,0.4827586206896552
Sign-Inverted Proxy (-c),000438,FST_I_II_Light,0.2,3,0.6511627906976745,0.4827586206896552
Sign-Inverted Proxy (-c),000439,FST_I_II_Light,0.0,0,0.6696428571428571,0.5033557046979866
Sign-Inverted Proxy (-c),000439,FST_I_II_Light,0.2,1,0.6517857142857143,0.48344370860927155
Sign-Inverted Proxy (-c),000439,FST_I_II_Light,0.2,2,0.6666666666666666,0.5
Sign-Inverted Proxy (-c),000439,FST_I_II_Light,0.2,3,0.7027027027027027,0.5416666666666666
Sign-Inverted Proxy (-c),000010,FST_III_IV_Medium,0.0,0,0.8811795316565482,0.7875968992248062
Sign-Inverted Proxy (-c),000010,FST_III_IV_Medium,0.2,1,0.8145580589254766,0.6871345029239766
Sign-Inverted Proxy (-c),000010,FST_III_IV_Medium,0.2,2,0.8671679197994987,0.7654867256637168
Sign-Inverted Proxy (-c),000010,FST_III_IV_Medium,0.2,3,0.8733624454148472,0.7751937984496124
Sign-Inverted Proxy (-c),000057,FST_III_IV_Medium,0.0,0,0.8638838475499092,0.7603833865814696
Sign-Inverted Proxy (-c),000057,FST_III_IV_Medium,0.2,1,0.774074074074074,0.6314199395770392
Sign-Inverted Proxy (-c),000057,FST_III_IV_Medium,0.2,2,0.9202898550724637,0.8523489932885906
Sign-Inverted Proxy (-c),000057,FST_III_IV_Medium,0.2,3,0.8032786885245902,0.6712328767123288
Sign-Inverted Proxy (-c),000064,FST_III_IV_Medium,0.0,0,0.8611599297012302,0.7561728395061729
Sign-Inverted Proxy (-c),000064,FST_III_IV_Medium,0.2,1,0.7981566820276498,0.6641104294478528
Sign-Inverted Proxy (-c),000064,FST_III_IV_Medium,0.2,2,0.8228476821192053,0.69901547116737
Sign-Inverted Proxy (-c),000064,FST_III_IV_Medium,0.2,3,0.8023748939779474,0.669971671388102
Sign-Inverted Proxy (-c),000070,FST_III_IV_Medium,0.0,0,0.9599358974358975,0.9229583975346687
Sign-Inverted Proxy (-c),000070,FST_III_IV_Medium,0.2,1,0.796711509715994,0.662111801242236
Sign-Inverted Proxy (-c),000070,FST_III_IV_Medium,0.2,2,0.9113350125944585,0.8371124479407681
Sign-Inverted Proxy (-c),000070,FST_III_IV_Medium,0.2,3,0.849301641754472,0.7380749574105622
Sign-Inverted Proxy (-c),000099,FST_III_IV_Medium,0.0,0,0.7649769585253456,0.6194029850746269
Sign-Inverted Proxy (-c),000099,FST_III_IV_Medium,0.2,1,0.6086956521739131,0.4375
Sign-Inverted Proxy (-c),000099,FST_III_IV_Medium,0.2,2,0.7078189300411523,0.5477707006369427
Sign-Inverted Proxy (-c),000099,FST_III_IV_Medium,0.2,3,0.7692307692307693,0.625
Sign-Inverted Proxy (-c),000100,FST_III_IV_Medium,0.0,0,0.8603603603603603,0.7549407114624506
Sign-Inverted Proxy (-c),000100,FST_III_IV_Medium,0.2,1,0.8480620155038759,0.7362045760430687
Sign-Inverted Proxy (-c),000100,FST_III_IV_Medium,0.2,2,0.881077038145101,0.7874331550802139
Sign-Inverted Proxy (-c),000100,FST_III_IV_Medium,0.2,3,0.8360083740404746,0.7182254196642686
Sign-Inverted Proxy (-c),000110,FST_III_IV_Medium,0.0,0,0.8524590163934426,0.7428571428571429
Sign-Inverted Proxy (-c),000110,FST_III_IV_Medium,0.2,1,0.8235294117647058,0.7
Sign-Inverted Proxy (-c),000110,FST_III_IV_Medium,0.2,2,0.8130081300813008,0.684931506849315
Sign-Inverted Proxy (-c),000110,FST_III_IV_Medium,0.2,3,0.8217054263565892,0.6973684210526315
Sign-Inverted Proxy (-c),000184,FST_III_IV_Medium,0.0,0,0.6538461538461539,0.4857142857142857
Sign-Inverted Proxy (-c),000184,FST_III_IV_Medium,0.2,1,0.5562913907284768,0.3853211009174312
Sign-Inverted Proxy (-c),000184,FST_III_IV_Medium,0.2,2,0.5847953216374269,0.4132231404958678
Sign-Inverted Proxy (-c),000184,FST_III_IV_Medium,0.2,3,0.6896551724137931,0.5263157894736842
Sign-Inverted Proxy (-c),000194,FST_III_IV_Medium,0.0,0,0.9079678814082767,0.831447963800905
Sign-Inverted Proxy (-c),000194,FST_III_IV_Medium,0.2,1,0.8169184290030211,0.6905005107252298
Sign-Inverted Proxy (-c),000194,FST_III_IV_Medium,0.2,2,0.86558516801854,0.763023493360572
Sign-Inverted Proxy (-c),000194,FST_III_IV_Medium,0.2,3,0.835875533862111,0.7180293501048218
Sign-Inverted Proxy (-c),000224,FST_III_IV_Medium,0.0,0,0.9413829413829414,0.8892572944297082
Sign-Inverted Proxy (-c),000224,FST_III_IV_Medium,0.2,1,0.9369996519317786,0.8814669286182056
Sign-Inverted Proxy (-c),000224,FST_III_IV_Medium,0.2,2,0.9392458100558659,0.8854509545753786
Sign-Inverted Proxy (-c),000224,FST_III_IV_Medium,0.2,3,0.9488950276243094,0.9027595269382391
Sign-Inverted Proxy (-c),000243,FST_III_IV_Medium,0.0,0,0.7627118644067796,0.6164383561643836
Sign-Inverted Proxy (-c),000243,FST_III_IV_Medium,0.2,1,0.717948717948718,0.56
Sign-Inverted Proxy (-c),000243,FST_III_IV_Medium,0.2,2,0.6976744186046512,0.5357142857142857
Sign-Inverted Proxy (-c),000243,FST_III_IV_Medium,0.2,3,0.7086614173228346,0.5487804878048781
Sign-Inverted Proxy (-c),000443,FST_III_IV_Medium,0.0,0,0.9283489096573209,0.8662790697674418
Sign-Inverted Proxy (-c),000443,FST_III_IV_Medium,0.2,1,0.8047210300429185,0.6732495511669659
Sign-Inverted Proxy (-c),000443,FST_III_IV_Medium,0.2,2,0.9173955296404276,0.8473967684021544
Sign-Inverted Proxy (-c),000443,FST_III_IV_Medium,0.2,3,0.8548707753479126,0.7465277777777778
Sign-Inverted Proxy (-c),000444,FST_III_IV_Medium,0.0,0,0.8205128205128205,0.6956521739130435
Sign-Inverted Proxy (-c),000444,FST_III_IV_Medium,0.2,1,0.717948717948718,0.56
Sign-Inverted Proxy (-c),000444,FST_III_IV_Medium,0.2,2,0.7687687687687688,0.624390243902439
Sign-Inverted Proxy (-c),000444,FST_III_IV_Medium,0.2,3,0.7460815047021944,0.595
Sign-Inverted Proxy (-c),000446,FST_III_IV_Medium,0.0,0,0.8022598870056498,0.6698113207547169
Sign-Inverted Proxy (-c),000446,FST_III_IV_Medium,0.2,1,0.8022598870056498,0.6698113207547169
Sign-Inverted Proxy (-c),000446,FST_III_IV_Medium,0.2,2,0.8068181818181818,0.6761904761904762
Sign-Inverted Proxy (-c),000446,FST_III_IV_Medium,0.2,3,0.7244897959183674,0.568
Sign-Inverted Proxy (-c),000447,FST_III_IV_Medium,0.0,0,0.8099430346970482,0.68059181897302
Sign-Inverted Proxy (-c),000447,FST_III_IV_Medium,0.2,1,0.7576243980738363,0.6098191214470284
Sign-Inverted Proxy (-c),000447,FST_III_IV_Medium,0.2,2,0.8595450049455984,0.753686036426713
Sign-Inverted Proxy (-c),000447,FST_III_IV_Medium,0.2,3,0.7922077922077922,0.6559139784946236
Sign-Inverted Proxy (-c),000451,FST_III_IV_Medium,0.0,0,0.9409090909090909,0.8884120171673819
Sign-Inverted Proxy (-c),000451,FST_III_IV_Medium,0.2,1,0.8321001707455891,0.7124756335282652
Sign-Inverted Proxy (-c),000451,FST_III_IV_Medium,0.2,2,0.9142857142857143,0.8421052631578947
Sign-Inverted Proxy (-c),000451,FST_III_IV_Medium,0.2,3,0.8802624384909786,0.7861328125
Sign-Inverted Proxy (-c),000452,FST_III_IV_Medium,0.0,0,0.9225908372827805,0.8563049853372434
Sign-Inverted Proxy (-c),000452,FST_III_IV_Medium,0.2,1,0.8845528455284553,0.793002915451895
Sign-Inverted Proxy (-c),000452,FST_III_IV_Medium,0.2,2,0.9121725731895224,0.8385269121813032
Sign-Inverted Proxy (-c),000452,FST_III_IV_Medium,0.2,3,0.8955223880597015,0.8108108108108109
Sign-Inverted Proxy (-c),000453,FST_III_IV_Medium,0.0,0,0.8835462058602555,0.7913862718707941
Sign-Inverted Proxy (-c),000453,FST_III_IV_Medium,0.2,1,0.789865871833085,0.6527093596059114
Sign-Inverted Proxy (-c),000453,FST_III_IV_Medium,0.2,2,0.8819444444444444,0.7888198757763976
Sign-Inverted Proxy (-c),000453,FST_III_IV_Medium,0.2,3,0.8085676037483266,0.6786516853932584
Sign-Inverted Proxy (-c),000454,FST_III_IV_Medium,0.0,0,0.9622641509433962,0.9272727272727272
Sign-Inverted Proxy (-c),000454,FST_III_IV_Medium,0.2,1,0.9592430858806404,0.9216783216783216
Sign-Inverted Proxy (-c),000454,FST_III_IV_Medium,0.2,2,0.9766454352441614,0.9543568464730291
Sign-Inverted Proxy (-c),000454,FST_III_IV_Medium,0.2,3,0.9472140762463344,0.8997214484679665
Sign-Inverted Proxy (-c),000457,FST_III_IV_Medium,0.0,0,0.945308002302821,0.8962882096069869
Sign-Inverted Proxy (-c),000457,FST_III_IV_Medium,0.2,1,0.9387397899649942,0.8845519516217702
Sign-Inverted Proxy (-c),000457,FST_III_IV_Medium,0.2,2,0.9387640449438203,0.8845950238221281
Sign-Inverted Proxy (-c),000457,FST_III_IV_Medium,0.2,3,0.9410764872521247,0.8887105403959337
Sign-Inverted Proxy (-c),000459,FST_III_IV_Medium,0.0,0,0.8592418454305025,0.753219989696033
Sign-Inverted Proxy (-c),000459,FST_III_IV_Medium,0.2,1,0.7771496578399286,0.6355231143552311
Sign-Inverted Proxy (-c),000459,FST_III_IV_Medium,0.2,2,0.780119698152485,0.639505119453925
Sign-Inverted Proxy (-c),000459,FST_III_IV_Medium,0.2,3,0.768152509111298,0.6235776058261265
Sign-Inverted Proxy (-c),000461,FST_III_IV_Medium,0.0,0,0.8733031674208145,0.7751004016064257
Sign-Inverted Proxy (-c),000461,FST_III_IV_Medium,0.2,1,0.8471615720524017,0.7348484848484849
Sign-Inverted Proxy (-c),000461,FST_III_IV_Medium,0.2,2,0.8501118568232662,0.7392996108949417
Sign-Inverted Proxy (-c),000461,FST_III_IV_Medium,0.2,3,0.8453159041394336,0.7320754716981132
Sign-Inverted Proxy (-c),000466,FST_III_IV_Medium,0.0,0,0.7286432160804021,0.5731225296442688
Sign-Inverted Proxy (-c),000466,FST_III_IV_Medium,0.2,1,0.6482889733840305,0.47960618846694797
Sign-Inverted Proxy (-c),000466,FST_III_IV_Medium,0.2,2,0.7918367346938775,0.6554054054054054
Sign-Inverted Proxy (-c),000466,FST_III_IV_Medium,0.2,3,0.7406779661016949,0.5881561238223418
Sign-Inverted Proxy (-c),000469,FST_III_IV_Medium,0.0,0,0.7078353253652059,0.5477903391572456
Sign-Inverted Proxy (-c),000469,FST_III_IV_Medium,0.2,1,0.685222001325381,0.5211693548387096
Sign-Inverted Proxy (-c),000469,FST_III_IV_Medium,0.2,2,0.6865127582017011,0.5226641998149861
Sign-Inverted Proxy (-c),000469,FST_III_IV_Medium,0.2,3,0.6711681296421337,0.5050813008130082
Sign-Inverted Proxy (-c),000470,FST_III_IV_Medium,0.0,0,0.7867403314917127,0.6484517304189436
Sign-Inverted Proxy (-c),000470,FST_III_IV_Medium,0.2,1,0.7654867256637168,0.6200716845878136
Sign-Inverted Proxy (-c),000470,FST_III_IV_Medium,0.2,2,0.8360655737704918,0.7183098591549296
Sign-Inverted Proxy (-c),000470,FST_III_IV_Medium,0.2,3,0.8297213622291022,0.708994708994709
Sign-Inverted Proxy (-c),000473,FST_III_IV_Medium,0.0,0,0.873015873015873,0.7746478873239436
Sign-Inverted Proxy (-c),000473,FST_III_IV_Medium,0.2,1,0.7879799666110183,0.650137741046832
Sign-Inverted Proxy (-c),000473,FST_III_IV_Medium,0.2,2,0.8698315467075038,0.7696476964769647
Sign-Inverted Proxy (-c),000473,FST_III_IV_Medium,0.2,3,0.8763358778625954,0.779891304347826
Sign-Inverted Proxy (-c),000475,FST_III_IV_Medium,0.0,0,0.9221902017291066,0.8556149732620321
Sign-Inverted Proxy (-c),000475,FST_III_IV_Medium,0.2,1,0.844311377245509,0.7305699481865285
Sign-Inverted Proxy (-c),000475,FST_III_IV_Medium,0.2,2,0.9116809116809117,0.837696335078534
Sign-Inverted Proxy (-c),000475,FST_III_IV_Medium,0.2,3,0.8950276243093923,0.81
Sign-Inverted Proxy (-c),000482,FST_III_IV_Medium,0.0,0,0.86810551558753,0.7669491525423728
Sign-Inverted Proxy (-c),000482,FST_III_IV_Medium,0.2,1,0.7549019607843137,0.6062992125984252
Sign-Inverted Proxy (-c),000482,FST_III_IV_Medium,0.2,2,0.882494004796163,0.7896995708154506
Sign-Inverted Proxy (-c),000482,FST_III_IV_Medium,0.2,3,0.861244019138756,0.7563025210084033
Sign-Inverted Proxy (-c),000486,FST_III_IV_Medium,0.0,0,0.7932489451476793,0.6573426573426573
Sign-Inverted Proxy (-c),000486,FST_III_IV_Medium,0.2,1,0.777292576419214,0.6357142857142857
Sign-Inverted Proxy (-c),000486,FST_III_IV_Medium,0.2,2,0.7868852459016393,0.6486486486486487
Sign-Inverted Proxy (-c),000486,FST_III_IV_Medium,0.2,3,0.7559055118110236,0.6075949367088608
Sign-Inverted Proxy (-c),000488,FST_III_IV_Medium,0.0,0,0.5965328900498694,0.42504230118443315
Sign-Inverted Proxy (-c),000488,FST_III_IV_Medium,0.2,1,0.5329103885804917,0.36324324324324325
Sign-Inverted Proxy (-c),000488,FST_III_IV_Medium,0.2,2,0.6617915904936015,0.49453551912568305
Sign-Inverted Proxy (-c),000488,FST_III_IV_Medium,0.2,3,0.5086241476133173,0.3410435718128026
Sign-Inverted Proxy (-c),000491,FST_III_IV_Medium,0.0,0,0.927536231884058,0.8648648648648649
Sign-Inverted Proxy (-c),000491,FST_III_IV_Medium,0.2,1,0.8728728728728729,0.7744227353463587
Sign-Inverted Proxy (-c),000491,FST_III_IV_Medium,0.2,2,0.9255725190839694,0.8614564831261101
Sign-Inverted Proxy (-c),000491,FST_III_IV_Medium,0.2,3,0.9403846153846154,0.8874773139745916
Sign-Inverted Proxy (-c),000495,FST_III_IV_Medium,0.0,0,0.8947134606841404,0.8094855305466238
Sign-Inverted Proxy (-c),000495,FST_III_IV_Medium,0.2,1,0.8086229652441707,0.6787296898079763
Sign-Inverted Proxy (-c),000495,FST_III_IV_Medium,0.2,2,0.9094017094017094,0.8338557993730408
Sign-Inverted Proxy (-c),000495,FST_III_IV_Medium,0.2,3,0.8334707337180544,0.714487632508834
Sign-Inverted Proxy (-c),000498,FST_III_IV_Medium,0.0,0,0.9157142857142857,0.8445322793148881
Sign-Inverted Proxy (-c),000498,FST_III_IV_Medium,0.2,1,0.8335664335664336,0.7146282973621103
Sign-Inverted Proxy (-c),000498,FST_III_IV_Medium,0.2,2,0.8791500664010624,0.7843601895734598
Sign-Inverted Proxy (-c),000498,FST_III_IV_Medium,0.2,3,0.897364771151179,0.8138364779874214
Sign-Inverted Proxy (-c),000503,FST_III_IV_Medium,0.0,0,0.826730518067044,0.7046382189239332
Sign-Inverted Proxy (-c),000503,FST_III_IV_Medium,0.2,1,0.7653508771929824,0.6198934280639432
Sign-Inverted Proxy (-c),000503,FST_III_IV_Medium,0.2,2,0.8836846213895394,0.7916083916083916
Sign-Inverted Proxy (-c),000503,FST_III_IV_Medium,0.2,3,0.8095933263816476,0.6800981079187106
Sign-Inverted Proxy (-c),000513,FST_III_IV_Medium,0.0,0,0.8205128205128205,0.6956521739130435
Sign-Inverted Proxy (-c),000513,FST_III_IV_Medium,0.2,1,0.831858407079646,0.7121212121212122
Sign-Inverted Proxy (-c),000513,FST_III_IV_Medium,0.2,2,0.8571428571428571,0.75
Sign-Inverted Proxy (-c),000513,FST_III_IV_Medium,0.2,3,0.7716535433070866,0.6282051282051282
Sign-Inverted Proxy (-c),000514,FST_III_IV_Medium,0.0,0,0.6921708185053381,0.5292517006802722
Sign-Inverted Proxy (-c),000514,FST_III_IV_Medium,0.2,1,0.6761506276150627,0.5107458912768648
Sign-Inverted Proxy (-c),000514,FST_III_IV_Medium,0.2,2,0.7292616226071102,0.5738880918220947
Sign-Inverted Proxy (-c),000514,FST_III_IV_Medium,0.2,3,0.6634460547504025,0.4963855421686747
Sign-Inverted Proxy (-c),000516,FST_III_IV_Medium,0.0,0,0.8914285714285715,0.8041237113402062
Sign-Inverted Proxy (-c),000516,FST_III_IV_Medium,0.2,1,0.9012345679012346,0.8202247191011236
Sign-Inverted Proxy (-c),000516,FST_III_IV_Medium,0.2,2,0.9017341040462428,0.8210526315789474
Sign-Inverted Proxy (-c),000516,FST_III_IV_Medium,0.2,3,0.8478260869565217,0.7358490566037735
Sign-Inverted Proxy (-c),000517,FST_III_IV_Medium,0.0,0,0.892,0.8050541516245487
Sign-Inverted Proxy (-c),000517,FST_III_IV_Medium,0.2,1,0.7677165354330708,0.6230031948881789
Sign-Inverted Proxy (-c),000517,FST_III_IV_Medium,0.2,2,0.9032258064516129,0.8235294117647058
Sign-Inverted Proxy (-c),000517,FST_III_IV_Medium,0.2,3,0.8481675392670157,0.7363636363636363
Sign-Inverted Proxy (-c),000526,FST_III_IV_Medium,0.0,0,0.9446902654867256,0.8951781970649895
Sign-Inverted Proxy (-c),000526,FST_III_IV_Medium,0.2,1,0.8846153846153846,0.7931034482758621
Sign-Inverted Proxy (-c),000526,FST_III_IV_Medium,0.2,2,0.9496151154653604,0.9040639573617588
Sign-Inverted Proxy (-c),000526,FST_III_IV_Medium,0.2,3,0.9449769258075967,0.895693135935397
Sign-Inverted Proxy (-c),000527,FST_III_IV_Medium,0.0,0,0.7865168539325843,0.6481481481481481
Sign-Inverted Proxy (-c),000527,FST_III_IV_Medium,0.2,1,0.7228915662650602,0.5660377358490566
Sign-Inverted Proxy (-c),000527,FST_III_IV_Medium,0.2,2,0.7551020408163265,0.6065573770491803
Sign-Inverted Proxy (-c),000527,FST_III_IV_Medium,0.2,3,0.7676767676767676,0.6229508196721312
Sign-Inverted Proxy (-c),000529,FST_III_IV_Medium,0.0,0,0.8732394366197183,0.775
Sign-Inverted Proxy (-c),000529,FST_III_IV_Medium,0.2,1,0.836852207293666,0.7194719471947195
Sign-Inverted Proxy (-c),000529,FST_III_IV_Medium,0.2,2,0.8925925925925926,0.8060200668896321
Sign-Inverted Proxy (-c),000529,FST_III_IV_Medium,0.2,3,0.8695652173913043,0.7692307692307693
Sign-Inverted Proxy (-c),000535,FST_III_IV_Medium,0.0,0,0.7916728040457603,0.655180820804551
Sign-Inverted Proxy (-c),000535,FST_III_IV_Medium,0.2,1,0.7582500555185432,0.610630231060877
Sign-Inverted Proxy (-c),000535,FST_III_IV_Medium,0.2,2,0.7911550223476829,0.6544718611348953
Sign-Inverted Proxy (-c),000535,FST_III_IV_Medium,0.2,3,0.7194501718213059,0.5618291112065265
Sign-Inverted Proxy (-c),000540,FST_III_IV_Medium,0.0,0,0.8388625592417062,0.7224489795918367
Sign-Inverted Proxy (-c),000540,FST_III_IV_Medium,0.2,1,0.7407407407407407,0.5882352941176471
Sign-Inverted Proxy (-c),000540,FST_III_IV_Medium,0.2,2,0.8726042841037204,0.774
Sign-Inverted Proxy (-c),000540,FST_III_IV_Medium,0.2,3,0.834070796460177,0.715370018975332
Sign-Inverted Proxy (-c),000542,FST_III_IV_Medium,0.0,0,0.9561979851073149,0.9160721779269828
Sign-Inverted Proxy (-c),000542,FST_III_IV_Medium,0.2,1,0.9569543586415747,0.9174616341766901
Sign-Inverted Proxy (-c),000542,FST_III_IV_Medium,0.2,2,0.9604616371019449,0.9239309210526315
Sign-Inverted Proxy (-c),000542,FST_III_IV_Medium,0.2,3,0.9531149646756584,0.9104294478527607
Sign-Inverted Proxy (-c),000544,FST_III_IV_Medium,0.0,0,0.7514450867052023,0.6018518518518519
Sign-Inverted Proxy (-c),000544,FST_III_IV_Medium,0.2,1,0.6794871794871795,0.5145631067961165
Sign-Inverted Proxy (-c),000544,FST_III_IV_Medium,0.2,2,0.7582417582417582,0.6106194690265486
Sign-Inverted Proxy (-c),000544,FST_III_IV_Medium,0.2,3,0.7513227513227513,0.6016949152542372
Sign-Inverted Proxy (-c),000548,FST_III_IV_Medium,0.0,0,0.8610478359908884,0.756
Sign-Inverted Proxy (-c),000548,FST_III_IV_Medium,0.2,1,0.8480392156862745,0.7361702127659574
Sign-Inverted Proxy (-c),000548,FST_III_IV_Medium,0.2,2,0.849438202247191,0.73828125
Sign-Inverted Proxy (-c),000548,FST_III_IV_Medium,0.2,3,0.8157894736842105,0.6888888888888889
Sign-Inverted Proxy (-c),000552,FST_III_IV_Medium,0.0,0,0.8749116607773851,0.7776381909547738
Sign-Inverted Proxy (-c),000552,FST_III_IV_Medium,0.2,1,0.8096532970768185,0.6801827527127355
Sign-Inverted Proxy (-c),000552,FST_III_IV_Medium,0.2,2,0.8174083769633508,0.6912008854454897
Sign-Inverted Proxy (-c),000552,FST_III_IV_Medium,0.2,3,0.755569306930693,0.6071606166086524
Sign-Inverted Proxy (-c),000557,FST_III_IV_Medium,0.0,0,0.8648648648648649,0.7619047619047619
Sign-Inverted Proxy (-c),000557,FST_III_IV_Medium,0.2,1,0.8411362440820621,0.7258284157966409
Sign-Inverted Proxy (-c),000557,FST_III_IV_Medium,0.2,2,0.8579088471849866,0.7511737089201878
Sign-Inverted Proxy (-c),000557,FST_III_IV_Medium,0.2,3,0.8044243338360986,0.6728343145500421
Sign-Inverted Proxy (-c),000559,FST_III_IV_Medium,0.0,0,0.9012833168805529,0.8203054806828391
Sign-Inverted Proxy (-c),000559,FST_III_IV_Medium,0.2,1,0.8893241919686582,0.800705467372134
Sign-Inverted Proxy (-c),000559,FST_III_IV_Medium,0.2,2,0.9016312407315867,0.8208820882088209
Sign-Inverted Proxy (-c),000559,FST_III_IV_Medium,0.2,3,0.922509225092251,0.8561643835616438
Sign-Inverted Proxy (-c),000566,FST_III_IV_Medium,0.0,0,0.918412348401323,0.8491335372069317
Sign-Inverted Proxy (-c),000566,FST_III_IV_Medium,0.2,1,0.7660199882422105,0.6207717960933778
Sign-Inverted Proxy (-c),000566,FST_III_IV_Medium,0.2,2,0.8861743475846752,0.7956131605184447
Sign-Inverted Proxy (-c),000566,FST_III_IV_Medium,0.2,3,0.8593671521848317,0.753412593571114
Sign-Inverted Proxy (-c),000568,FST_III_IV_Medium,0.0,0,0.8382526564344747,0.7215447154471545
Sign-Inverted Proxy (-c),000568,FST_III_IV_Medium,0.2,1,0.7850055126791621,0.6460980036297641
Sign-Inverted Proxy (-c),000568,FST_III_IV_Medium,0.2,2,0.8415051311288484,0.7263779527559056
Sign-Inverted Proxy (-c),000568,FST_III_IV_Medium,0.2,3,0.8185654008438819,0.6928571428571428
Sign-Inverted Proxy (-c),000578,FST_III_IV_Medium,0.0,0,0.9633577614923384,0.929305912596401
Sign-Inverted Proxy (-c),000578,FST_III_IV_Medium,0.2,1,0.9301694915254237,0.8694550063371356
Sign-Inverted Proxy (-c),000578,FST_III_IV_Medium,0.2,2,0.9596827495042961,0.9224904701397713
Sign-Inverted Proxy (-c),000578,FST_III_IV_Medium,0.2,3,0.9569251159708416,0.9174078780177891
Sign-Inverted Proxy (-c),000584,FST_III_IV_Medium,0.0,0,0.6423357664233577,0.4731182795698925
Sign-Inverted Proxy (-c),000584,FST_III_IV_Medium,0.2,1,0.6715328467153284,0.5054945054945055
Sign-Inverted Proxy (-c),000584,FST_III_IV_Medium,0.2,2,0.6758620689655173,0.5104166666666666
Sign-Inverted Proxy (-c),000584,FST_III_IV_Medium,0.2,3,0.632258064516129,0.46226415094339623
Sign-Inverted Proxy (-c),000589,FST_III_IV_Medium,0.0,0,0.7777777777777778,0.6363636363636364
Sign-Inverted Proxy (-c),000589,FST_III_IV_Medium,0.2,1,0.7424242424242424,0.5903614457831325
Sign-Inverted Proxy (-c),000589,FST_III_IV_Medium,0.2,2,0.801007556675063,0.6680672268907563
Sign-Inverted Proxy (-c),000589,FST_III_IV_Medium,0.2,3,0.703862660944206,0.543046357615894
Sign-Inverted Proxy (-c),000590,FST_III_IV_Medium,0.0,0,0.9260029717682021,0.862202545655783
Sign-Inverted Proxy (-c),000590,FST_III_IV_Medium,0.2,1,0.7720842502357749,0.6287762416794674
Sign-Inverted Proxy (-c),000590,FST_III_IV_Medium,0.2,2,0.8448425310603872,0.7313656828414207
Sign-Inverted Proxy (-c),000590,FST_III_IV_Medium,0.2,3,0.8597189074516044,0.753953488372093
Sign-Inverted Proxy (-c),000594,FST_III_IV_Medium,0.0,0,0.912,0.8382352941176471
Sign-Inverted Proxy (-c),000594,FST_III_IV_Medium,0.2,1,0.8925619834710744,0.8059701492537313
Sign-Inverted Proxy (-c),000594,FST_III_IV_Medium,0.2,2,0.928,0.8656716417910447
Sign-Inverted Proxy (-c),000594,FST_III_IV_Medium,0.2,3,0.9291338582677166,0.8676470588235294
Sign-Inverted Proxy (-c),000596,FST_III_IV_Medium,0.0,0,0.9499072356215214,0.9045936395759717
Sign-Inverted Proxy (-c),000596,FST_III_IV_Medium,0.2,1,0.927063339731286,0.8640429338103757
Sign-Inverted Proxy (-c),000596,FST_III_IV_Medium,0.2,2,0.9515981735159817,0.9076655052264808
Sign-Inverted Proxy (-c),000596,FST_III_IV_Medium,0.2,3,0.9305680793507665,0.8701517706576728
Sign-Inverted Proxy (-c),000605,FST_III_IV_Medium,0.0,0,0.9459798994974874,0.8974970202622169
Sign-Inverted Proxy (-c),000605,FST_III_IV_Medium,0.2,1,0.9049138481174218,0.8263403263403264
Sign-Inverted Proxy (-c),000605,FST_III_IV_Medium,0.2,2,0.9417596034696406,0.8899297423887588
Sign-Inverted Proxy (-c),000605,FST_III_IV_Medium,0.2,3,0.9458618543870566,0.89728453364817
Sign-Inverted Proxy (-c),000606,FST_III_IV_Medium,0.0,0,0.9217252396166135,0.8548148148148148
Sign-Inverted Proxy (-c),000606,FST_III_IV_Medium,0.2,1,0.7497921862011637,0.5997340425531915
Sign-Inverted Proxy (-c),000606,FST_III_IV_Medium,0.2,2,0.8711111111111111,0.7716535433070866
Sign-Inverted Proxy (-c),000606,FST_III_IV_Medium,0.2,3,0.8427575522850503,0.7282463186077643
Sign-Inverted Proxy (-c),000613,FST_III_IV_Medium,0.0,0,0.701195219123506,0.5398773006134969
Sign-Inverted Proxy (-c),000613,FST_III_IV_Medium,0.2,1,0.6140350877192983,0.4430379746835443
Sign-Inverted Proxy (-c),000613,FST_III_IV_Medium,0.2,2,0.7450980392156863,0.59375
Sign-Inverted Proxy (-c),000613,FST_III_IV_Medium,0.2,3,0.7471698113207547,0.5963855421686747
Sign-Inverted Proxy (-c),000614,FST_III_IV_Medium,0.0,0,0.9346092503987241,0.8772455089820359
Sign-Inverted Proxy (-c),000614,FST_III_IV_Medium,0.2,1,0.9046052631578947,0.8258258258258259
Sign-Inverted Proxy (-c),000614,FST_III_IV_Medium,0.2,2,0.9337539432176656,0.8757396449704142
Sign-Inverted Proxy (-c),000614,FST_III_IV_Medium,0.2,3,0.9320695102685624,0.8727810650887574
Sign-Inverted Proxy (-c),000615,FST_III_IV_Medium,0.0,0,0.8610855565777369,0.7560581583198708
Sign-Inverted Proxy (-c),000615,FST_III_IV_Medium,0.2,1,0.696969696969697,0.5348837209302325
Sign-Inverted Proxy (-c),000615,FST_III_IV_Medium,0.2,2,0.8592964824120602,0.7533039647577092
Sign-Inverted Proxy (-c),000615,FST_III_IV_Medium,0.2,3,0.8406779661016949,0.7251461988304093
Sign-Inverted Proxy (-c),000618,FST_III_IV_Medium,0.0,0,0.8933333333333333,0.8072289156626506
Sign-Inverted Proxy (-c),000618,FST_III_IV_Medium,0.2,1,0.8591065292096219,0.7530120481927711
Sign-Inverted Proxy (-c),000618,FST_III_IV_Medium,0.2,2,0.8823529411764706,0.7894736842105263
Sign-Inverted Proxy (-c),000618,FST_III_IV_Medium,0.2,3,0.868421052631579,0.7674418604651163
Sign-Inverted Proxy (-c),000619,FST_III_IV_Medium,0.0,0,0.8438177874186551,0.7298311444652908
Sign-Inverted Proxy (-c),000619,FST_III_IV_Medium,0.2,1,0.7623363544813696,0.6159479251423922
Sign-Inverted Proxy (-c),000619,FST_III_IV_Medium,0.2,2,0.7423954372623575,0.5903250188964475
Sign-Inverted Proxy (-c),000619,FST_III_IV_Medium,0.2,3,0.749498997995992,0.5993589743589743
Sign-Inverted Proxy (-c),000620,FST_III_IV_Medium,0.0,0,0.721399730820996,0.5642105263157895
Sign-Inverted Proxy (-c),000620,FST_III_IV_Medium,0.2,1,0.6657571623465212,0.49897750511247446
Sign-Inverted Proxy (-c),000620,FST_III_IV_Medium,0.2,2,0.8453364817001181,0.7321063394683026
Sign-Inverted Proxy (-c),000620,FST_III_IV_Medium,0.2,3,0.8968512486427795,0.812992125984252
Sign-Inverted Proxy (-c),000622,FST_III_IV_Medium,0.0,0,0.5793991416309013,0.4078549848942598
Sign-Inverted Proxy (-c),000622,FST_III_IV_Medium,0.2,1,0.4573804573804574,0.29649595687331537
Sign-Inverted Proxy (-c),000622,FST_III_IV_Medium,0.2,2,0.5550847457627118,0.3841642228739003
Sign-Inverted Proxy (-c),000622,FST_III_IV_Medium,0.2,3,0.7533460803059273,0.6042944785276073
Sign-Inverted Proxy (-c),000623,FST_III_IV_Medium,0.0,0,0.886873920552677,0.7967416602017068
Sign-Inverted Proxy (-c),000623,FST_III_IV_Medium,0.2,1,0.8449104412407165,0.7314674735249622
Sign-Inverted Proxy (-c),000623,FST_III_IV_Medium,0.2,2,0.8988021478727798,0.8162040510127532
Sign-Inverted Proxy (-c),000623,FST_III_IV_Medium,0.2,3,0.8367174280879864,0.7192727272727273
Sign-Inverted Proxy (-c),000625,FST_III_IV_Medium,0.0,0,0.863905325443787,0.7604166666666666
Sign-Inverted Proxy (-c),000625,FST_III_IV_Medium,0.2,1,0.7804878048780488,0.64
Sign-Inverted Proxy (-c),000625,FST_III_IV_Medium,0.2,2,0.8660968660968661,0.7638190954773869
Sign-Inverted Proxy (-c),000625,FST_III_IV_Medium,0.2,3,0.8595505617977528,0.7536945812807881
Sign-Inverted Proxy (-c),000626,FST_III_IV_Medium,0.0,0,0.8888888888888888,0.8
Sign-Inverted Proxy (-c),000626,FST_III_IV_Medium,0.2,1,0.7604395604395604,0.6134751773049646
Sign-Inverted Proxy (-c),000626,FST_III_IV_Medium,0.2,2,0.90625,0.8285714285714286
Sign-Inverted Proxy (-c),000626,FST_III_IV_Medium,0.2,3,0.889344262295082,0.8007380073800738
Sign-Inverted Proxy (-c),000627,FST_III_IV_Medium,0.0,0,0.7515151515151515,0.6019417475728155
Sign-Inverted Proxy (-c),000627,FST_III_IV_Medium,0.2,1,0.6708074534161491,0.5046728971962616
Sign-Inverted Proxy (-c),000627,FST_III_IV_Medium,0.2,2,0.8165680473372781,0.69
Sign-Inverted Proxy (-c),000627,FST_III_IV_Medium,0.2,3,0.7272727272727273,0.5714285714285714
Sign-Inverted Proxy (-c),000629,FST_III_IV_Medium,0.0,0,0.6813186813186813,0.5166666666666667
Sign-Inverted Proxy (-c),000629,FST_III_IV_Medium,0.2,1,0.5806451612903226,0.4090909090909091
Sign-Inverted Proxy (-c),000629,FST_III_IV_Medium,0.2,2,0.6666666666666666,0.5
Sign-Inverted Proxy (-c),000629,FST_III_IV_Medium,0.2,3,0.7291666666666666,0.5737704918032787
Sign-Inverted Proxy (-c),000632,FST_III_IV_Medium,0.0,0,0.8674698795180723,0.7659574468085106
Sign-Inverted Proxy (-c),000632,FST_III_IV_Medium,0.2,1,0.7872340425531915,0.6491228070175439
Sign-Inverted Proxy (-c),000632,FST_III_IV_Medium,0.2,2,0.8452950558213717,0.7320441988950276
Sign-Inverted Proxy (-c),000632,FST_III_IV_Medium,0.2,3,0.8383838383838383,0.7217391304347827
Sign-Inverted Proxy (-c),000634,FST_III_IV_Medium,0.0,0,0.8532235939643347,0.7440191387559809
Sign-Inverted Proxy (-c),000634,FST_III_IV_Medium,0.2,1,0.7822349570200573,0.6423529411764706
Sign-Inverted Proxy (-c),000634,FST_III_IV_Medium,0.2,2,0.8039702233250621,0.6721991701244814
Sign-Inverted Proxy (-c),000634,FST_III_IV_Medium,0.2,3,0.7577639751552795,0.61
Sign-Inverted Proxy (-c),000636,FST_III_IV_Medium,0.0,0,0.7142857142857143,0.5555555555555556
Sign-Inverted Proxy (-c),000636,FST_III_IV_Medium,0.2,1,0.64,0.47058823529411764
Sign-Inverted Proxy (-c),000636,FST_III_IV_Medium,0.2,2,0.6521739130434783,0.4838709677419355
Sign-Inverted Proxy (-c),000636,FST_III_IV_Medium,0.2,3,0.6285714285714286,0.4583333333333333
Sign-Inverted Proxy (-c),000638,FST_III_IV_Medium,0.0,0,0.85,0.7391304347826086
Sign-Inverted Proxy (-c),000638,FST_III_IV_Medium,0.2,1,0.735632183908046,0.5818181818181818
Sign-Inverted Proxy (-c),000638,FST_III_IV_Medium,0.2,2,0.8,0.6666666666666666
Sign-Inverted Proxy (-c),000638,FST_III_IV_Medium,0.2,3,0.8674698795180723,0.7659574468085106
Sign-Inverted Proxy (-c),000639,FST_III_IV_Medium,0.0,0,0.8975492165528325,0.8141399416909622
Sign-Inverted Proxy (-c),000639,FST_III_IV_Medium,0.2,1,0.8023121387283237,0.6698841698841699
Sign-Inverted Proxy (-c),000639,FST_III_IV_Medium,0.2,2,0.8824902723735408,0.7896935933147632
Sign-Inverted Proxy (-c),000639,FST_III_IV_Medium,0.2,3,0.8722719141323793,0.7734771573604061
Sign-Inverted Proxy (-c),000642,FST_III_IV_Medium,0.0,0,0.844542447629548,0.7309160305343512
Sign-Inverted Proxy (-c),000642,FST_III_IV_Medium,0.2,1,0.8314855875831486,0.7115749525616698
Sign-Inverted Proxy (-c),000642,FST_III_IV_Medium,0.2,2,0.813778256189451,0.6860254083484574
Sign-Inverted Proxy (-c),000642,FST_III_IV_Medium,0.2,3,0.8787584869059166,0.7837370242214533
Sign-Inverted Proxy (-c),000644,FST_III_IV_Medium,0.0,0,0.736734693877551,0.5831987075928917
Sign-Inverted Proxy (-c),000644,FST_III_IV_Medium,0.2,1,0.571622539035981,0.40019011406844107
Sign-Inverted Proxy (-c),000644,FST_III_IV_Medium,0.2,2,0.7582997207570586,0.6106946526736632
Sign-Inverted Proxy (-c),000644,FST_III_IV_Medium,0.2,3,0.7737003058103975,0.6309226932668329
Sign-Inverted Proxy (-c),000646,FST_III_IV_Medium,0.0,0,0.9351529352162624,0.8782039845376153
Sign-Inverted Proxy (-c),000646,FST_III_IV_Medium,0.2,1,0.917173321927225,0.8470176626601208
Sign-Inverted Proxy (-c),000646,FST_III_IV_Medium,0.2,2,0.8884149821283753,0.799232598357112
Sign-Inverted Proxy (-c),000646,FST_III_IV_Medium,0.2,3,0.8538177689469202,0.7449232293214463
Sign-Inverted Proxy (-c),000653,FST_III_IV_Medium,0.0,0,0.9515418502202643,0.907563025210084
Sign-Inverted Proxy (-c),000653,FST_III_IV_Medium,0.2,1,0.8929384965831435,0.8065843621399177
Sign-Inverted Proxy (-c),000653,FST_III_IV_Medium,0.2,2,0.9409190371991247,0.8884297520661157
Sign-Inverted Proxy (-c),000653,FST_III_IV_Medium,0.2,3,0.9246861924686193,0.8599221789883269
Sign-Inverted Proxy (-c),000006,FST_V_VI_Dark,0.0,0,0.8975706494794249,0.8141752113689512
Sign-Inverted Proxy (-c),000006,FST_V_VI_Dark,0.2,1,0.8312650120096077,0.7112519266997773
Sign-Inverted Proxy (-c),000006,FST_V_VI_Dark,0.2,2,0.8506348744790152,0.7400910777534154
Sign-Inverted Proxy (-c),000006,FST_V_VI_Dark,0.2,3,0.8270597525664649,0.7051166965888689
Sign-Inverted Proxy (-c),000007,FST_V_VI_Dark,0.0,0,0.7665198237885462,0.6214285714285714
Sign-Inverted Proxy (-c),000007,FST_V_VI_Dark,0.2,1,0.6960352422907489,0.5337837837837838
Sign-Inverted Proxy (-c),000007,FST_V_VI_Dark,0.2,2,0.7219917012448133,0.564935064935065
Sign-Inverted Proxy (-c),000007,FST_V_VI_Dark,0.2,3,0.6850393700787402,0.5209580838323353
Sign-Inverted Proxy (-c),000011,FST_V_VI_Dark,0.0,0,0.9568921451695348,0.9173472721332898
Sign-Inverted Proxy (-c),000011,FST_V_VI_Dark,0.2,1,0.9467657865504572,0.8989128671101736
Sign-Inverted Proxy (-c),000011,FST_V_VI_Dark,0.2,2,0.8988109682115991,0.8162185985015425
Sign-Inverted Proxy (-c),000011,FST_V_VI_Dark,0.2,3,0.8541287188828173,0.7453967412902371
Sign-Inverted Proxy (-c),000012,FST_V_VI_Dark,0.0,0,0.7958477508650519,0.6609195402298851
Sign-Inverted Proxy (-c),000012,FST_V_VI_Dark,0.2,1,0.8357142857142857,0.7177914110429447
Sign-Inverted Proxy (-c),000012,FST_V_VI_Dark,0.2,2,0.7919463087248322,0.6555555555555556
Sign-Inverted Proxy (-c),000012,FST_V_VI_Dark,0.2,3,0.7381703470031545,0.585
Sign-Inverted Proxy (-c),000015,FST_V_VI_Dark,0.0,0,0.9113152436185074,0.8370790885760946
Sign-Inverted Proxy (-c),000015,FST_V_VI_Dark,0.2,1,0.7883749839255861,0.6506757234840445
Sign-Inverted Proxy (-c),000015,FST_V_VI_Dark,0.2,2,0.8725506756756757,0.773915649112293
Sign-Inverted Proxy (-c),000015,FST_V_VI_Dark,0.2,3,0.8157783009764946,0.6888729548269343
Sign-Inverted Proxy (-c),000022,FST_V_VI_Dark,0.0,0,0.8884924174843889,0.7993579454253612
Sign-Inverted Proxy (-c),000022,FST_V_VI_Dark,0.2,1,0.8430964901553137,0.728752642706131
Sign-Inverted Proxy (-c),000022,FST_V_VI_Dark,0.2,2,0.8708701134930643,0.771275407639044
Sign-Inverted Proxy (-c),000022,FST_V_VI_Dark,0.2,3,0.821963002238718,0.6977395479095819
Sign-Inverted Proxy (-c),000053,FST_V_VI_Dark,0.0,0,0.7894736842105263,0.6521739130434783
Sign-Inverted Proxy (-c),000053,FST_V_VI_Dark,0.2,1,0.8092691622103387,0.6796407185628742
Sign-Inverted Proxy (-c),000053,FST_V_VI_Dark,0.2,2,0.8059701492537313,0.675
Sign-Inverted Proxy (-c),000053,FST_V_VI_Dark,0.2,3,0.7169179229480737,0.5587467362924282
Sign-Inverted Proxy (-c),000060,FST_V_VI_Dark,0.0,0,0.9328703703703703,0.8741865509761388
Sign-Inverted Proxy (-c),000060,FST_V_VI_Dark,0.2,1,0.7629796839729119,0.6167883211678832
Sign-Inverted Proxy (-c),000060,FST_V_VI_Dark,0.2,2,0.8908108108108108,0.8031189083820662
Sign-Inverted Proxy (-c),000060,FST_V_VI_Dark,0.2,3,0.8769230769230769,0.7808219178082192
Sign-Inverted Proxy (-c),000077,FST_V_VI_Dark,0.0,0,0.8992146596858639,0.816884661117717
Sign-Inverted Proxy (-c),000077,FST_V_VI_Dark,0.2,1,0.8144544822793607,0.6869871043376319
Sign-Inverted Proxy (-c),000077,FST_V_VI_Dark,0.2,2,0.9064475347661188,0.8289017341040462
Sign-Inverted Proxy (-c),000077,FST_V_VI_Dark,0.2,3,0.9010152284263959,0.8198614318706697
Sign-Inverted Proxy (-c),000080,FST_V_VI_Dark,0.0,0,0.8858131487889274,0.7950310559006211
Sign-Inverted Proxy (-c),000080,FST_V_VI_Dark,0.2,1,0.8085106382978723,0.6785714285714286
Sign-Inverted Proxy (-c),000080,FST_V_VI_Dark,0.2,2,0.87248322147651,0.7738095238095238
Sign-Inverted Proxy (-c),000080,FST_V_VI_Dark,0.2,3,0.821656050955414,0.6972972972972973
Sign-Inverted Proxy (-c),000087,FST_V_VI_Dark,0.0,0,0.7921348314606742,0.6558139534883721
Sign-Inverted Proxy (-c),000087,FST_V_VI_Dark,0.2,1,0.8187134502923976,0.693069306930693
Sign-Inverted Proxy (-c),000087,FST_V_VI_Dark,0.2,2,0.7986552110571535,0.6648009950248757
Sign-Inverted Proxy (-c),000087,FST_V_VI_Dark,0.2,3,0.7480691430673042,0.5975323149236192
Sign-Inverted Proxy (-c),000088,FST_V_VI_Dark,0.0,0,0.9204892966360856,0.8526912181303116
Sign-Inverted Proxy (-c),000088,FST_V_VI_Dark,0.2,1,0.8861538461538462,0.7955801104972375
Sign-Inverted Proxy (-c),000088,FST_V_VI_Dark,0.2,2,0.8948948948948949,0.8097826086956522
Sign-Inverted Proxy (-c),000088,FST_V_VI_Dark,0.2,3,0.842391304347826,0.7276995305164319
Sign-Inverted Proxy (-c),000089,FST_V_VI_Dark,0.0,0,0.9526528201594645,0.9095864661654135
Sign-Inverted Proxy (-c),000089,FST_V_VI_Dark,0.2,1,0.9472344591287323,0.8997582294960015
Sign-Inverted Proxy (-c),000089,FST_V_VI_Dark,0.2,2,0.9504796976451206,0.9056325023084025
Sign-Inverted Proxy (-c),000089,FST_V_VI_Dark,0.2,3,0.9364990689013035,0.8805813342672036
Sign-Inverted Proxy (-c),000093,FST_V_VI_Dark,0.0,0,0.8429906542056075,0.72859450726979
Sign-Inverted Proxy (-c),000093,FST_V_VI_Dark,0.2,1,0.7068607068607069,0.5466237942122186
Sign-Inverted Proxy (-c),000093,FST_V_VI_Dark,0.2,2,0.8309090909090909,0.7107309486780715
Sign-Inverted Proxy (-c),000093,FST_V_VI_Dark,0.2,3,0.6909398814563928,0.5278137128072445
Sign-Inverted Proxy (-c),000095,FST_V_VI_Dark,0.0,0,0.8790658882402002,0.7842261904761905
Sign-Inverted Proxy (-c),000095,FST_V_VI_Dark,0.2,1,0.7548441449031171,0.6062246278755075
Sign-Inverted Proxy (-c),000095,FST_V_VI_Dark,0.2,2,0.8830769230769231,0.790633608815427
Sign-Inverted Proxy (-c),000095,FST_V_VI_Dark,0.2,3,0.7483095416979715,0.5978391356542617
Sign-Inverted Proxy (-c),000096,FST_V_VI_Dark,0.0,0,0.8334024036469125,0.7143872113676731
Sign-Inverted Proxy (-c),000096,FST_V_VI_Dark,0.2,1,0.7302765917950622,0.5751461988304094
Sign-Inverted Proxy (-c),000096,FST_V_VI_Dark,0.2,2,0.8001586042823157,0.6668869795109055
Sign-Inverted Proxy (-c),000096,FST_V_VI_Dark,0.2,3,0.7459225781096482,0.594797869006581
Sign-Inverted Proxy (-c),000104,FST_V_VI_Dark,0.0,0,0.8506787330316742,0.7401574803149606
Sign-Inverted Proxy (-c),000104,FST_V_VI_Dark,0.2,1,0.8053097345132744,0.674074074074074
Sign-Inverted Proxy (-c),000104,FST_V_VI_Dark,0.2,2,0.8195488721804511,0.6942675159235668
Sign-Inverted Proxy (-c),000104,FST_V_VI_Dark,0.2,3,0.8816326530612245,0.7883211678832117
Sign-Inverted Proxy (-c),000105,FST_V_VI_Dark,0.0,0,0.7282051282051282,0.5725806451612904
Sign-Inverted Proxy (-c),000105,FST_V_VI_Dark,0.2,1,0.6467661691542289,0.47794117647058826
Sign-Inverted Proxy (-c),000105,FST_V_VI_Dark,0.2,2,0.7246376811594203,0.5681818181818182
Sign-Inverted Proxy (-c),000105,FST_V_VI_Dark,0.2,3,0.7596153846153846,0.6124031007751938
Sign-Inverted Proxy (-c),000109,FST_V_VI_Dark,0.0,0,0.7735849056603774,0.6307692307692307
Sign-Inverted Proxy (-c),000109,FST_V_VI_Dark,0.2,1,0.827906976744186,0.7063492063492064
Sign-Inverted Proxy (-c),000109,FST_V_VI_Dark,0.2,2,0.8125,0.6842105263157895
Sign-Inverted Proxy (-c),000109,FST_V_VI_Dark,0.2,3,0.75,0.6
Sign-Inverted Proxy (-c),000111,FST_V_VI_Dark,0.0,0,0.9102803738317757,0.8353344768439108
Sign-Inverted Proxy (-c),000111,FST_V_VI_Dark,0.2,1,0.879359095193214,0.7846930193439865
Sign-Inverted Proxy (-c),000111,FST_V_VI_Dark,0.2,2,0.9190140845070423,0.8501628664495114
Sign-Inverted Proxy (-c),000111,FST_V_VI_Dark,0.2,3,0.9072072072072072,0.8301731244847486
Sign-Inverted Proxy (-c),000112,FST_V_VI_Dark,0.0,0,0.8851899274434486,0.7940275650842267
Sign-Inverted Proxy (-c),000112,FST_V_VI_Dark,0.2,1,0.8816120906801007,0.7882882882882883
Sign-Inverted Proxy (-c),000112,FST_V_VI_Dark,0.2,2,0.8679245283018868,0.7666666666666667
Sign-Inverted Proxy (-c),000112,FST_V_VI_Dark,0.2,3,0.8604826546003017,0.7551290536068829
Sign-Inverted Proxy (-c),000113,FST_V_VI_Dark,0.0,0,0.7829787234042553,0.6433566433566433
Sign-Inverted Proxy (-c),000113,FST_V_VI_Dark,0.2,1,0.7591036414565826,0.6117381489841986
Sign-Inverted Proxy (-c),000113,FST_V_VI_Dark,0.2,2,0.8132780082987552,0.6853146853146853
Sign-Inverted Proxy (-c),000113,FST_V_VI_Dark,0.2,3,0.8224543080939948,0.6984478935698448
Sign-Inverted Proxy (-c),000115,FST_V_VI_Dark,0.0,0,0.7796825396825396,0.6389177939646202
Sign-Inverted Proxy (-c),000115,FST_V_VI_Dark,0.2,1,0.7581783194355356,0.6105371900826446
Sign-Inverted Proxy (-c),000115,FST_V_VI_Dark,0.2,2,0.835985312117503,0.7181913774973712
Sign-Inverted Proxy (-c),000115,FST_V_VI_Dark,0.2,3,0.7659334461364918,0.6206581352833638
Sign-Inverted Proxy (-c),000121,FST_V_VI_Dark,0.0,0,0.6308724832214765,0.46078431372549017
Sign-Inverted Proxy (-c),000121,FST_V_VI_Dark,0.2,1,0.5357142857142857,0.36585365853658536
Sign-Inverted Proxy (-c),000121,FST_V_VI_Dark,0.2,2,0.6233766233766234,0.4528301886792453
Sign-Inverted Proxy (-c),000121,FST_V_VI_Dark,0.2,3,0.6746987951807228,0.509090909090909
Sign-Inverted Proxy (-c),000124,FST_V_VI_Dark,0.0,0,0.8285385500575374,0.7072691552062869
Sign-Inverted Proxy (-c),000124,FST_V_VI_Dark,0.2,1,0.5876887340301974,0.4161184210526316
Sign-Inverted Proxy (-c),000124,FST_V_VI_Dark,0.2,2,0.7690655209452202,0.62478184991274
Sign-Inverted Proxy (-c),000124,FST_V_VI_Dark,0.2,3,0.7312687312687313,0.5763779527559055
Sign-Inverted Proxy (-c),000125,FST_V_VI_Dark,0.0,0,0.6563470238623259,0.48847956691093947
Sign-Inverted Proxy (-c),000125,FST_V_VI_Dark,0.2,1,0.5669527539371719,0.39562739853471335
Sign-Inverted Proxy (-c),000125,FST_V_VI_Dark,0.2,2,0.596050123687092,0.4245522819179665
Sign-Inverted Proxy (-c),000125,FST_V_VI_Dark,0.2,3,0.6077546678405048,0.43652842915107765
Sign-Inverted Proxy (-c),000127,FST_V_VI_Dark,0.0,0,0.4142857142857143,0.26126126126126126
Sign-Inverted Proxy (-c),000127,FST_V_VI_Dark,0.2,1,0.37410071942446044,0.23008849557522124
Sign-Inverted Proxy (-c),000127,FST_V_VI_Dark,0.2,2,0.3918918918918919,0.24369747899159663
Sign-Inverted Proxy (-c),000127,FST_V_VI_Dark,0.2,3,0.3945578231292517,0.2457627118644068
Sign-Inverted Proxy (-c),000132,FST_V_VI_Dark,0.0,0,0.8795518207282913,0.785
Sign-Inverted Proxy (-c),000132,FST_V_VI_Dark,0.2,1,0.7981132075471699,0.6640502354788069
Sign-Inverted Proxy (-c),000132,FST_V_VI_Dark,0.2,2,0.8135021097046413,0.6856330014224751
Sign-Inverted Proxy (-c),000132,FST_V_VI_Dark,0.2,3,0.8013355592654424,0.6685236768802229
Sign-Inverted Proxy (-c),000133,FST_V_VI_Dark,0.0,0,0.8302752293577982,0.7098039215686275
Sign-Inverted Proxy (-c),000133,FST_V_VI_Dark,0.2,1,0.6996625421822272,0.5380622837370242
Sign-Inverted Proxy (-c),000133,FST_V_VI_Dark,0.2,2,0.8777292576419214,0.7821011673151751
Sign-Inverted Proxy (-c),000133,FST_V_VI_Dark,0.2,3,0.8258706467661692,0.7033898305084746
Sign-Inverted Proxy (-c),000137,FST_V_VI_Dark,0.0,0,0.9576023391812866,0.9186535764375876
Sign-Inverted Proxy (-c),000137,FST_V_VI_Dark,0.2,1,0.9141104294478528,0.8418079096045198
Sign-Inverted Proxy (-c),000137,FST_V_VI_Dark,0.2,2,0.9633431085043989,0.9292786421499293
Sign-Inverted Proxy (-c),000137,FST_V_VI_Dark,0.2,3,0.9353667392883079,0.878581173260573
Sign-Inverted Proxy (-c),000146,FST_V_VI_Dark,0.0,0,0.5964912280701754,0.425
Sign-Inverted Proxy (-c),000146,FST_V_VI_Dark,0.2,1,0.5862068965517241,0.4146341463414634
Sign-Inverted Proxy (-c),000146,FST_V_VI_Dark,0.2,2,0.5247148288973384,0.3556701030927835
Sign-Inverted Proxy (-c),000146,FST_V_VI_Dark,0.2,3,0.5800865800865801,0.40853658536585363
Sign-Inverted Proxy (-c),000152,FST_V_VI_Dark,0.0,0,0.8351648351648352,0.7169811320754716
Sign-Inverted Proxy (-c),000152,FST_V_VI_Dark,0.2,1,0.8351648351648352,0.7169811320754716
Sign-Inverted Proxy (-c),000152,FST_V_VI_Dark,0.2,2,0.8342245989304813,0.7155963302752294
Sign-Inverted Proxy (-c),000152,FST_V_VI_Dark,0.2,3,0.8082901554404145,0.6782608695652174
Sign-Inverted Proxy (-c),000153,FST_V_VI_Dark,0.0,0,0.9324618736383442,0.8734693877551021
Sign-Inverted Proxy (-c),000153,FST_V_VI_Dark,0.2,1,0.9321663019693655,0.8729508196721312
Sign-Inverted Proxy (-c),000153,FST_V_VI_Dark,0.2,2,0.9276595744680851,0.8650793650793651
Sign-Inverted Proxy (-c),000153,FST_V_VI_Dark,0.2,3,0.9217391304347826,0.8548387096774194
Sign-Inverted Proxy (-c),000160,FST_V_VI_Dark,0.0,0,0.942745969983324,0.8916929547844374
Sign-Inverted Proxy (-c),000160,FST_V_VI_Dark,0.2,1,0.9019607843137255,0.8214285714285714
Sign-Inverted Proxy (-c),000160,FST_V_VI_Dark,0.2,2,0.9405940594059405,0.8878504672897196
Sign-Inverted Proxy (-c),000160,FST_V_VI_Dark,0.2,3,0.9364731653888281,0.8805355303810505
Sign-Inverted Proxy (-c),000163,FST_V_VI_Dark,0.0,0,0.7544483985765125,0.6057142857142858
Sign-Inverted Proxy (-c),000163,FST_V_VI_Dark,0.2,1,0.6844547563805105,0.5202821869488536
Sign-Inverted Proxy (-c),000163,FST_V_VI_Dark,0.2,2,0.7079207920792079,0.5478927203065134
Sign-Inverted Proxy (-c),000163,FST_V_VI_Dark,0.2,3,0.8017718715393134,0.6691312384473198
Sign-Inverted Proxy (-c),000170,FST_V_VI_Dark,0.0,0,0.9145473041709054,0.8425492033739457
Sign-Inverted Proxy (-c),000170,FST_V_VI_Dark,0.2,1,0.8055693684733963,0.6744379683597003
Sign-Inverted Proxy (-c),000170,FST_V_VI_Dark,0.2,2,0.9233734939759036,0.8576544315129812
Sign-Inverted Proxy (-c),000170,FST_V_VI_Dark,0.2,3,0.849956634865568,0.7390648567119156
Sign-Inverted Proxy (-c),000171,FST_V_VI_Dark,0.0,0,0.8108108108108109,0.6818181818181818
Sign-Inverted Proxy (-c),000171,FST_V_VI_Dark,0.2,1,0.6486486486486487,0.48
Sign-Inverted Proxy (-c),000171,FST_V_VI_Dark,0.2,2,0.7376425855513308,0.5843373493975904
Sign-Inverted Proxy (-c),000171,FST_V_VI_Dark,0.2,3,0.7678571428571429,0.6231884057971014
Sign-Inverted Proxy (-c),000172,FST_V_VI_Dark,0.0,0,0.9787221806889412,0.9583309871051298
Sign-Inverted Proxy (-c),000172,FST_V_VI_Dark,0.2,1,0.9395675171979061,0.8860229504807196
Sign-Inverted Proxy (-c),000172,FST_V_VI_Dark,0.2,2,0.975144163849672,0.9514939852541715
Sign-Inverted Proxy (-c),000172,FST_V_VI_Dark,0.2,3,0.8935031227187931,0.8075062307579534
Sign-Inverted Proxy (-c),000181,FST_V_VI_Dark,0.0,0,0.8374384236453202,0.7203389830508474
Sign-Inverted Proxy (-c),000181,FST_V_VI_Dark,0.2,1,0.7761194029850746,0.6341463414634146
Sign-Inverted Proxy (-c),000181,FST_V_VI_Dark,0.2,2,0.8847926267281107,0.7933884297520661
Sign-Inverted Proxy (-c),000181,FST_V_VI_Dark,0.2,3,0.8186046511627907,0.6929133858267716
Sign-Inverted Proxy (-c),000190,FST_V_VI_Dark,0.0,0,0.8722513089005236,0.7734447539461468
Sign-Inverted Proxy (-c),000190,FST_V_VI_Dark,0.2,1,0.7187329328235936,0.5609548167092924
Sign-Inverted Proxy (-c),000190,FST_V_VI_Dark,0.2,2,0.8469087340529932,0.734468085106383
Sign-Inverted Proxy (-c),000190,FST_V_VI_Dark,0.2,3,0.8008849557522124,0.6678966789667896
Sign-Inverted Proxy (-c),000192,FST_V_VI_Dark,0.0,0,0.7441860465116279,0.5925925925925926
Sign-Inverted Proxy (-c),000192,FST_V_VI_Dark,0.2,1,0.6502636203866432,0.4817708333333333
Sign-Inverted Proxy (-c),000192,FST_V_VI_Dark,0.2,2,0.8217821782178217,0.6974789915966386
Sign-Inverted Proxy (-c),000192,FST_V_VI_Dark,0.2,3,0.7805695142378559,0.6401098901098901
Sign-Inverted Proxy (-c),000195,FST_V_VI_Dark,0.0,0,0.8878048780487805,0.7982456140350878
Sign-Inverted Proxy (-c),000195,FST_V_VI_Dark,0.2,1,0.7605633802816901,0.6136363636363636
Sign-Inverted Proxy (-c),000195,FST_V_VI_Dark,0.2,2,0.8656036446469249,0.7630522088353414
Sign-Inverted Proxy (-c),000195,FST_V_VI_Dark,0.2,3,0.8524590163934426,0.7428571428571429
Sign-Inverted Proxy (-c),000200,FST_V_VI_Dark,0.0,0,0.8053691275167785,0.6741573033707865
Sign-Inverted Proxy (-c),000200,FST_V_VI_Dark,0.2,1,0.6827722772277228,0.5183403487672881
Sign-Inverted Proxy (-c),000200,FST_V_VI_Dark,0.2,2,0.8,0.6666666666666666
Sign-Inverted Proxy (-c),000200,FST_V_VI_Dark,0.2,3,0.7842122290520867,0.6450239489089942
Sign-Inverted Proxy (-c),000202,FST_V_VI_Dark,0.0,0,0.9393385826771653,0.8856158688680366
Sign-Inverted Proxy (-c),000202,FST_V_VI_Dark,0.2,1,0.8384691559387196,0.7218655967903711
Sign-Inverted Proxy (-c),000202,FST_V_VI_Dark,0.2,2,0.8774657842318319,0.7816828849456211
Sign-Inverted Proxy (-c),000202,FST_V_VI_Dark,0.2,3,0.8983649757441456,0.8154833097749266
Sign-Inverted Proxy (-c),000206,FST_V_VI_Dark,0.0,0,0.9519774011299436,0.9083557951482479
Sign-Inverted Proxy (-c),000206,FST_V_VI_Dark,0.2,1,0.8908170643528561,0.803129074315515
Sign-Inverted Proxy (-c),000206,FST_V_VI_Dark,0.2,2,0.9523809523809523,0.9090909090909091
Sign-Inverted Proxy (-c),000206,FST_V_VI_Dark,0.2,3,0.940379403794038,0.887468030690537
Sign-Inverted Proxy (-c),000207,FST_V_VI_Dark,0.0,0,0.7966101694915254,0.6619718309859155
Sign-Inverted Proxy (-c),000207,FST_V_VI_Dark,0.2,1,0.6504065040650406,0.4819277108433735
Sign-Inverted Proxy (-c),000207,FST_V_VI_Dark,0.2,2,0.828125,0.7066666666666667
Sign-Inverted Proxy (-c),000207,FST_V_VI_Dark,0.2,3,0.8840579710144928,0.7922077922077922
Sign-Inverted Proxy (-c),000208,FST_V_VI_Dark,0.0,0,0.7330097087378641,0.578544061302682
Sign-Inverted Proxy (-c),000208,FST_V_VI_Dark,0.2,1,0.7153652392947103,0.5568627450980392
Sign-Inverted Proxy (-c),000208,FST_V_VI_Dark,0.2,2,0.7173396674584323,0.5592592592592592
Sign-Inverted Proxy (-c),000208,FST_V_VI_Dark,0.2,3,0.6622807017543859,0.49508196721311476
Sign-Inverted Proxy (-c),000214,FST_V_VI_Dark,0.0,0,0.8057142857142857,0.6746411483253588
Sign-Inverted Proxy (-c),000214,FST_V_VI_Dark,0.2,1,0.772972972972973,0.6299559471365639
Sign-Inverted Proxy (-c),000214,FST_V_VI_Dark,0.2,2,0.8011049723756906,0.6682027649769585
Sign-Inverted Proxy (-c),000214,FST_V_VI_Dark,0.2,3,0.7912087912087912,0.6545454545454545
Sign-Inverted Proxy (-c),000215,FST_V_VI_Dark,0.0,0,0.6867469879518072,0.5229357798165137
Sign-Inverted Proxy (-c),000215,FST_V_VI_Dark,0.2,1,0.7272727272727273,0.5714285714285714
Sign-Inverted Proxy (-c),000215,FST_V_VI_Dark,0.2,2,0.7528089887640449,0.6036036036036037
Sign-Inverted Proxy (-c),000215,FST_V_VI_Dark,0.2,3,0.6927374301675978,0.5299145299145299
Sign-Inverted Proxy (-c),000216,FST_V_VI_Dark,0.0,0,0.971718249733191,0.9449922158796056
Sign-Inverted Proxy (-c),000216,FST_V_VI_Dark,0.2,1,0.9167826328973003,0.8463514902363823
Sign-Inverted Proxy (-c),000216,FST_V_VI_Dark,0.2,2,0.9585721730067743,0.9204403302476858
Sign-Inverted Proxy (-c),000216,FST_V_VI_Dark,0.2,3,0.9636316739747227,0.9298158287705326
Sign-Inverted Proxy (-c),000226,FST_V_VI_Dark,0.0,0,0.9122807017543859,0.8387096774193549
Sign-Inverted Proxy (-c),000226,FST_V_VI_Dark,0.2,1,0.8409090909090909,0.7254901960784313
Sign-Inverted Proxy (-c),000226,FST_V_VI_Dark,0.2,2,0.9053356282271945,0.8270440251572327
Sign-Inverted Proxy (-c),000226,FST_V_VI_Dark,0.2,3,0.9155844155844156,0.844311377245509
Sign-Inverted Proxy (-c),000231,FST_V_VI_Dark,0.0,0,0.8666666666666667,0.7647058823529411
Sign-Inverted Proxy (-c),000231,FST_V_VI_Dark,0.2,1,0.7426981919332406,0.5907079646017699
Sign-Inverted Proxy (-c),000231,FST_V_VI_Dark,0.2,2,0.8223086900129701,0.698237885462555
Sign-Inverted Proxy (-c),000231,FST_V_VI_Dark,0.2,3,0.7425742574257426,0.5905511811023622
Sign-Inverted Proxy (-c),000232,FST_V_VI_Dark,0.0,0,0.8987473903966597,0.8161137440758294
Sign-Inverted Proxy (-c),000232,FST_V_VI_Dark,0.2,1,0.9091874668082847,0.8334956183057449
Sign-Inverted Proxy (-c),000232,FST_V_VI_Dark,0.2,2,0.8886608517188301,0.7996306555863343
Sign-Inverted Proxy (-c),000232,FST_V_VI_Dark,0.2,3,0.8541562966650075,0.7454387489139879
Sign-Inverted Proxy (-c),000233,FST_V_VI_Dark,0.0,0,0.730718954248366,0.5756951596292482
Sign-Inverted Proxy (-c),000233,FST_V_VI_Dark,0.2,1,0.5799256505576208,0.4083769633507853
Sign-Inverted Proxy (-c),000233,FST_V_VI_Dark,0.2,2,0.7625377643504532,0.6162109375
Sign-Inverted Proxy (-c),000233,FST_V_VI_Dark,0.2,3,0.8319623971797885,0.7122736418511066
Sign-Inverted Proxy (-c),000239,FST_V_VI_Dark,0.0,0,0.70042194092827,0.538961038961039
Sign-Inverted Proxy (-c),000239,FST_V_VI_Dark,0.2,1,0.7031578947368421,0.5422077922077922
Sign-Inverted Proxy (-c),000239,FST_V_VI_Dark,0.2,2,0.7298969072164948,0.5746753246753247
Sign-Inverted Proxy (-c),000239,FST_V_VI_Dark,0.2,3,0.7605633802816901,0.6136363636363636
Sign-Inverted Proxy (-c),000241,FST_V_VI_Dark,0.0,0,0.8791519434628975,0.7843631778058008
Sign-Inverted Proxy (-c),000241,FST_V_VI_Dark,0.2,1,0.6563734290843806,0.48850881881346875
Sign-Inverted Proxy (-c),000241,FST_V_VI_Dark,0.2,2,0.8465211459754434,0.7338852749852158
Sign-Inverted Proxy (-c),000241,FST_V_VI_Dark,0.2,3,0.8344324887191947,0.7159023228111971
Sign-Inverted Proxy (-c),000242,FST_V_VI_Dark,0.0,0,0.23706868647633844,0.13447414806110458
Sign-Inverted Proxy (-c),000242,FST_V_VI_Dark,0.2,1,0.21284909780485,0.11909967845659164
Sign-Inverted Proxy (-c),000242,FST_V_VI_Dark,0.2,2,0.16609515645092157,0.09056912469323361
Sign-Inverted Proxy (-c),000242,FST_V_VI_Dark,0.2,3,0.1972810294728103,0.10943526567267285
Sign-Inverted Proxy (-c),000246,FST_V_VI_Dark,0.0,0,0.9174757281553398,0.8475336322869955
Sign-Inverted Proxy (-c),000246,FST_V_VI_Dark,0.2,1,0.821256038647343,0.6967213114754098
Sign-Inverted Proxy (-c),000246,FST_V_VI_Dark,0.2,2,0.8597285067873304,0.753968253968254
Sign-Inverted Proxy (-c),000246,FST_V_VI_Dark,0.2,3,0.8380952380952381,0.7213114754098361
Sign-Inverted Proxy (-c),000247,FST_V_VI_Dark,0.0,0,0.8037037037037037,0.6718266253869969
Sign-Inverted Proxy (-c),000247,FST_V_VI_Dark,0.2,1,0.886435331230284,0.7960339943342776
Sign-Inverted Proxy (-c),000247,FST_V_VI_Dark,0.2,2,0.7943760984182777,0.6588921282798834
Sign-Inverted Proxy (-c),000247,FST_V_VI_Dark,0.2,3,0.7127659574468085,0.5537190082644629
Luminance-Only (Delta L*),000044,FST_I_II_Light,0.0,0,0.9213326356183499,0.8541397153945667
Luminance-Only (Delta L*),000044,FST_I_II_Light,0.2,1,0.8229359340844123,0.6991428571428572
Luminance-Only (Delta L*),000044,FST_I_II_Light,0.2,2,0.861730319563523,0.7570528622295262
Luminance-Only (Delta L*),000044,FST_I_II_Light,0.2,3,0.7752107399313144,0.6329339790976294
Luminance-Only (Delta L*),000260,FST_I_II_Light,0.0,0,0.851063829787234,0.7407407407407407
Luminance-Only (Delta L*),000260,FST_I_II_Light,0.2,1,0.7931034482758621,0.6571428571428571
Luminance-Only (Delta L*),000260,FST_I_II_Light,0.2,2,0.857707509881423,0.7508650519031141
Luminance-Only (Delta L*),000260,FST_I_II_Light,0.2,3,0.7866028708133971,0.6482649842271293
Luminance-Only (Delta L*),000261,FST_I_II_Light,0.0,0,0.9159090909090909,0.8448637316561844
Luminance-Only (Delta L*),000261,FST_I_II_Light,0.2,1,0.8516284680337757,0.7415966386554622
Luminance-Only (Delta L*),000261,FST_I_II_Light,0.2,2,0.8805166846071044,0.7865384615384615
Luminance-Only (Delta L*),000261,FST_I_II_Light,0.2,3,0.8453389830508474,0.7321100917431193
Luminance-Only (Delta L*),000265,FST_I_II_Light,0.0,0,0.9112724976318283,0.8370069605568445
Luminance-Only (Delta L*),000265,FST_I_II_Light,0.2,1,0.8791839336946127,0.7844141069397043
Luminance-Only (Delta L*),000265,FST_I_II_Light,0.2,2,0.8763165814023472,0.7798607391537226
Luminance-Only (Delta L*),000265,FST_I_II_Light,0.2,3,0.8510258697591436,0.7406832298136646
Luminance-Only (Delta L*),000270,FST_I_II_Light,0.0,0,0.8764044943820225,0.78
Luminance-Only (Delta L*),000270,FST_I_II_Light,0.2,1,0.6133333333333333,0.4423076923076923
Luminance-Only (Delta L*),000270,FST_I_II_Light,0.2,2,0.8655913978494624,0.7630331753554502
Luminance-Only (Delta L*),000270,FST_I_II_Light,0.2,3,0.8651685393258427,0.7623762376237624
Luminance-Only (Delta L*),000273,FST_I_II_Light,0.0,0,0.8666666666666667,0.7647058823529411
Luminance-Only (Delta L*),000273,FST_I_II_Light,0.2,1,0.7591240875912408,0.611764705882353
Luminance-Only (Delta L*),000273,FST_I_II_Light,0.2,2,0.9090909090909091,0.8333333333333334
Luminance-Only (Delta L*),000273,FST_I_II_Light,0.2,3,0.8654970760233918,0.7628865979381443
Luminance-Only (Delta L*),000274,FST_I_II_Light,0.0,0,0.7980295566502463,0.6639344262295082
Luminance-Only (Delta L*),000274,FST_I_II_Light,0.2,1,0.6411483253588517,0.47183098591549294
Luminance-Only (Delta L*),000274,FST_I_II_Light,0.2,2,0.7982456140350878,0.6642335766423357
Luminance-Only (Delta L*),000274,FST_I_II_Light,0.2,3,0.8940092165898618,0.8083333333333333
Luminance-Only (Delta L*),000275,FST_I_II_Light,0.0,0,0.8365180467091295,0.718978102189781
Luminance-Only (Delta L*),000275,FST_I_II_Light,0.2,1,0.8466522678185745,0.7340823970037453
Luminance-Only (Delta L*),000275,FST_I_II_Light,0.2,2,0.8125,0.6842105263157895
Luminance-Only (Delta L*),000275,FST_I_II_Light,0.2,3,0.8363636363636363,0.71875
Luminance-Only (Delta L*),000278,FST_I_II_Light,0.0,0,0.872393661384487,0.7736686390532544
Luminance-Only (Delta L*),000278,FST_I_II_Light,0.2,1,0.8597560975609756,0.7540106951871658
Luminance-Only (Delta L*),000278,FST_I_II_Light,0.2,2,0.8885245901639345,0.799410029498525
Luminance-Only (Delta L*),000278,FST_I_II_Light,0.2,3,0.8784219001610306,0.7832017229002154
Luminance-Only (Delta L*),000280,FST_I_II_Light,0.0,0,0.7623762376237624,0.616
Luminance-Only (Delta L*),000280,FST_I_II_Light,0.2,1,0.6492146596858639,0.4806201550387597
Luminance-Only (Delta L*),000280,FST_I_II_Light,0.2,2,0.7547169811320755,0.6060606060606061
Luminance-Only (Delta L*),000280,FST_I_II_Light,0.2,3,0.7378640776699029,0.5846153846153846
Luminance-Only (Delta L*),000283,FST_I_II_Light,0.0,0,0.8096,0.6801075268817204
Luminance-Only (Delta L*),000283,FST_I_II_Light,0.2,1,0.7272727272727273,0.5714285714285714
Luminance-Only (Delta L*),000283,FST_I_II_Light,0.2,2,0.7541478129713424,0.6053268765133172
Luminance-Only (Delta L*),000283,FST_I_II_Light,0.2,3,0.8087091757387247,0.6788511749347258
Luminance-Only (Delta L*),000284,FST_I_II_Light,0.0,0,0.9249578414839797,0.8603921568627451
Luminance-Only (Delta L*),000284,FST_I_II_Light,0.2,1,0.8945674044265594,0.8092464506734619
Luminance-Only (Delta L*),000284,FST_I_II_Light,0.2,2,0.8799208704253214,0.7855881314023313
Luminance-Only (Delta L*),000284,FST_I_II_Light,0.2,3,0.9060727043496533,0.8282750672301191
Luminance-Only (Delta L*),000288,FST_I_II_Light,0.0,0,0.8788501026694046,0.7838827838827839
Luminance-Only (Delta L*),000288,FST_I_II_Light,0.2,1,0.887189292543021,0.7972508591065293
Luminance-Only (Delta L*),000288,FST_I_II_Light,0.2,2,0.8195991091314031,0.6943396226415094
Luminance-Only (Delta L*),000288,FST_I_II_Light,0.2,3,0.6998284734133791,0.5382585751978892
Luminance-Only (Delta L*),000292,FST_I_II_Light,0.0,0,0.9171258540886048,0.8469366985548544
Luminance-Only (Delta L*),000292,FST_I_II_Light,0.2,1,0.8629067245119306,0.7588706600534147
Luminance-Only (Delta L*),000292,FST_I_II_Light,0.2,2,0.882165277348976,0.7891732645921561
Luminance-Only (Delta L*),000292,FST_I_II_Light,0.2,3,0.8612379233464275,0.7562931195226552
Luminance-Only (Delta L*),000294,FST_I_II_Light,0.0,0,0.8059701492537313,0.675
Luminance-Only (Delta L*),000294,FST_I_II_Light,0.2,1,0.8078817733990148,0.6776859504132231
Luminance-Only (Delta L*),000294,FST_I_II_Light,0.2,2,0.8130841121495327,0.6850393700787402
Luminance-Only (Delta L*),000294,FST_I_II_Light,0.2,3,0.76,0.6129032258064516
Luminance-Only (Delta L*),000303,FST_I_II_Light,0.0,0,0.7614879649890591,0.6148409893992933
Luminance-Only (Delta L*),000303,FST_I_II_Light,0.2,1,0.6901098901098901,0.5268456375838926
Luminance-Only (Delta L*),000303,FST_I_II_Light,0.2,2,0.8008130081300813,0.6677966101694915
Luminance-Only (Delta L*),000303,FST_I_II_Light,0.2,3,0.7686274509803922,0.6242038216560509
Luminance-Only (Delta L*),000304,FST_I_II_Light,0.0,0,0.9373259052924791,0.8820445609436435
Luminance-Only (Delta L*),000304,FST_I_II_Light,0.2,1,0.9127988748241913,0.8395860284605433
Luminance-Only (Delta L*),000304,FST_I_II_Light,0.2,2,0.9475862068965517,0.9003931847968545
Luminance-Only (Delta L*),000304,FST_I_II_Light,0.2,3,0.9221140472878998,0.8554838709677419
Luminance-Only (Delta L*),000305,FST_I_II_Light,0.0,0,0.746268656716418,0.5952380952380952
Luminance-Only (Delta L*),000305,FST_I_II_Light,0.2,1,0.6814814814814815,0.5168539325842697
Luminance-Only (Delta L*),000305,FST_I_II_Light,0.2,2,0.7172413793103448,0.5591397849462365
Luminance-Only (Delta L*),000305,FST_I_II_Light,0.2,3,0.7272727272727273,0.5714285714285714
Luminance-Only (Delta L*),000307,FST_I_II_Light,0.0,0,0.5254237288135594,0.3563218390804598
Luminance-Only (Delta L*),000307,FST_I_II_Light,0.2,1,0.5094339622641509,0.34177215189873417
Luminance-Only (Delta L*),000307,FST_I_II_Light,0.2,2,0.4888888888888889,0.3235294117647059
Luminance-Only (Delta L*),000307,FST_I_II_Light,0.2,3,0.44,0.28205128205128205
Luminance-Only (Delta L*),000308,FST_I_II_Light,0.0,0,0.9620820406756291,0.9269345732314845
Luminance-Only (Delta L*),000308,FST_I_II_Light,0.2,1,0.9679823818397425,0.937951411687459
Luminance-Only (Delta L*),000308,FST_I_II_Light,0.2,2,0.9726141078838174,0.9466882067851373
Luminance-Only (Delta L*),000308,FST_I_II_Light,0.2,3,0.9756343471685431,0.9524278215223098
Luminance-Only (Delta L*),000311,FST_I_II_Light,0.0,0,0.8961748633879781,0.8118811881188119
Luminance-Only (Delta L*),000311,FST_I_II_Light,0.2,1,0.7966573816155988,0.6620370370370371
Luminance-Only (Delta L*),000311,FST_I_II_Light,0.2,2,0.8958333333333334,0.8113207547169812
Luminance-Only (Delta L*),000311,FST_I_II_Light,0.2,3,0.8610354223433242,0.7559808612440191
Luminance-Only (Delta L*),000314,FST_I_II_Light,0.0,0,0.9326241134751773,0.8737541528239202
Luminance-Only (Delta L*),000314,FST_I_II_Light,0.2,1,0.906764168190128,0.8294314381270903
Luminance-Only (Delta L*),000314,FST_I_II_Light,0.2,2,0.9116117850953206,0.8375796178343949
Luminance-Only (Delta L*),000314,FST_I_II_Light,0.2,3,0.9173989455184535,0.8474025974025974
Luminance-Only (Delta L*),000317,FST_I_II_Light,0.0,0,0.8092485549132948,0.6796116504854369
Luminance-Only (Delta L*),000317,FST_I_II_Light,0.2,1,0.7878787878787878,0.65
Luminance-Only (Delta L*),000317,FST_I_II_Light,0.2,2,0.8045977011494253,0.6730769230769231
Luminance-Only (Delta L*),000317,FST_I_II_Light,0.2,3,0.7553191489361702,0.6068376068376068
Luminance-Only (Delta L*),000321,FST_I_II_Light,0.0,0,0.9118541033434651,0.8379888268156425
Luminance-Only (Delta L*),000321,FST_I_II_Light,0.2,1,0.9166666666666666,0.8461538461538461
Luminance-Only (Delta L*),000321,FST_I_II_Light,0.2,2,0.916923076923077,0.8465909090909091
Luminance-Only (Delta L*),000321,FST_I_II_Light,0.2,3,0.8888888888888888,0.8
Luminance-Only (Delta L*),000323,FST_I_II_Light,0.0,0,0.8858057630736392,0.7950191570881227
Luminance-Only (Delta L*),000323,FST_I_II_Light,0.2,1,0.834070796460177,0.715370018975332
Luminance-Only (Delta L*),000323,FST_I_II_Light,0.2,2,0.8814968814968815,0.7881040892193308
Luminance-Only (Delta L*),000323,FST_I_II_Light,0.2,3,0.9056224899598394,0.8275229357798165
Luminance-Only (Delta L*),000326,FST_I_II_Light,0.0,0,0.8366533864541833,0.7191780821917808
Luminance-Only (Delta L*),000326,FST_I_II_Light,0.2,1,0.7808764940239044,0.6405228758169934
Luminance-Only (Delta L*),000326,FST_I_II_Light,0.2,2,0.8308823529411765,0.710691823899371
Luminance-Only (Delta L*),000326,FST_I_II_Light,0.2,3,0.8127208480565371,0.6845238095238095
Luminance-Only (Delta L*),000330,FST_I_II_Light,0.0,0,0.8617363344051447,0.7570621468926554
Luminance-Only (Delta L*),000330,FST_I_II_Light,0.2,1,0.7719298245614035,0.6285714285714286
Luminance-Only (Delta L*),000330,FST_I_II_Light,0.2,2,0.8424242424242424,0.7277486910994765
Luminance-Only (Delta L*),000330,FST_I_II_Light,0.2,3,0.8382838283828383,0.7215909090909091
Luminance-Only (Delta L*),000335,FST_I_II_Light,0.0,0,0.8744567841622405,0.7769197769197769
Luminance-Only (Delta L*),000335,FST_I_II_Light,0.2,1,0.8129229983399311,0.6848106712564543
Luminance-Only (Delta L*),000335,FST_I_II_Light,0.2,2,0.8335273573923166,0.7145708582834331
Luminance-Only (Delta L*),000335,FST_I_II_Light,0.2,3,0.8282737761846085,0.7068833652007648
Luminance-Only (Delta L*),000346,FST_I_II_Light,0.0,0,0.9602649006622517,0.9235668789808917
Luminance-Only (Delta L*),000346,FST_I_II_Light,0.2,1,0.9059233449477352,0.8280254777070064
Luminance-Only (Delta L*),000346,FST_I_II_Light,0.2,2,0.9358974358974359,0.8795180722891566
Luminance-Only (Delta L*),000346,FST_I_II_Light,0.2,3,0.875,0.7777777777777778
Luminance-Only (Delta L*),000349,FST_I_II_Light,0.0,0,0.93886230728336,0.8847695390781564
Luminance-Only (Delta L*),000349,FST_I_II_Light,0.2,1,0.8046103183315039,0.6730945821854912
Luminance-Only (Delta L*),000349,FST_I_II_Light,0.2,2,0.8324022346368715,0.7129186602870813
Luminance-Only (Delta L*),000349,FST_I_II_Light,0.2,3,0.8389912706110573,0.722639933166249
Luminance-Only (Delta L*),000354,FST_I_II_Light,0.0,0,0.872954014029618,0.7745504840940526
Luminance-Only (Delta L*),000354,FST_I_II_Light,0.2,1,0.7829209896249002,0.6432786885245901
Luminance-Only (Delta L*),000354,FST_I_II_Light,0.2,2,0.8802512760109933,0.7861150070126227
Luminance-Only (Delta L*),000354,FST_I_II_Light,0.2,3,0.8612821441506701,0.7563613231552163
Luminance-Only (Delta L*),000355,FST_I_II_Light,0.0,0,0.9544046038069942,0.9127857747671465
Luminance-Only (Delta L*),000355,FST_I_II_Light,0.2,1,0.8045509955302722,0.6730115567641061
Luminance-Only (Delta L*),000355,FST_I_II_Light,0.2,2,0.9003245248029671,0.8187183811129848
Luminance-Only (Delta L*),000355,FST_I_II_Light,0.2,3,0.8922305764411027,0.8054298642533937
Luminance-Only (Delta L*),000358,FST_I_II_Light,0.0,0,0.8297872340425532,0.7090909090909091
Luminance-Only (Delta L*),000358,FST_I_II_Light,0.2,1,0.865546218487395,0.762962962962963
Luminance-Only (Delta L*),000358,FST_I_II_Light,0.2,2,0.86002886002886,0.7544303797468355
Luminance-Only (Delta L*),000358,FST_I_II_Light,0.2,3,0.7756315007429421,0.633495145631068
Luminance-Only (Delta L*),000366,FST_I_II_Light,0.0,0,0.7860262008733624,0.6474820143884892
Luminance-Only (Delta L*),000366,FST_I_II_Light,0.2,1,0.7100857492854227,0.5504906616017727
Luminance-Only (Delta L*),000366,FST_I_II_Light,0.2,2,0.771210293526337,0.6276178010471204
Luminance-Only (Delta L*),000366,FST_I_II_Light,0.2,3,0.7728965003723008,0.6298543689320388
Luminance-Only (Delta L*),000370,FST_I_II_Light,0.0,0,0.7933884297520661,0.6575342465753424
Luminance-Only (Delta L*),000370,FST_I_II_Light,0.2,1,0.8100147275405007,0.6806930693069307
Luminance-Only (Delta L*),000370,FST_I_II_Light,0.2,2,0.8763693270735524,0.7799442896935933
Luminance-Only (Delta L*),000370,FST_I_II_Light,0.2,3,0.7354260089686099,0.5815602836879432
Luminance-Only (Delta L*),000371,FST_I_II_Light,0.0,0,0.9204927211646137,0.8526970954356846
Luminance-Only (Delta L*),000371,FST_I_II_Light,0.2,1,0.9060022650056625,0.8281573498964804
Luminance-Only (Delta L*),000371,FST_I_II_Light,0.2,2,0.9366272824919442,0.8808080808080808
Luminance-Only (Delta L*),000371,FST_I_II_Light,0.2,3,0.9555084745762712,0.9148073022312373
Luminance-Only (Delta L*),000373,FST_I_II_Light,0.0,0,0.6796116504854369,0.5147058823529411
Luminance-Only (Delta L*),000373,FST_I_II_Light,0.2,1,0.6341463414634146,0.4642857142857143
Luminance-Only (Delta L*),000373,FST_I_II_Light,0.2,2,0.654320987654321,0.48623853211009177
Luminance-Only (Delta L*),000373,FST_I_II_Light,0.2,3,0.6523076923076923,0.4840182648401826
Luminance-Only (Delta L*),000375,FST_I_II_Light,0.0,0,0.7581699346405228,0.6105263157894737
Luminance-Only (Delta L*),000375,FST_I_II_Light,0.2,1,0.6612903225806451,0.4939759036144578
Luminance-Only (Delta L*),000375,FST_I_II_Light,0.2,2,0.7603960396039604,0.6134185303514377
Luminance-Only (Delta L*),000375,FST_I_II_Light,0.2,3,0.8218029350104822,0.697508896797153
Luminance-Only (Delta L*),000377,FST_I_II_Light,0.0,0,0.8552915766738661,0.7471698113207547
Luminance-Only (Delta L*),000377,FST_I_II_Light,0.2,1,0.6885245901639344,0.525
Luminance-Only (Delta L*),000377,FST_I_II_Light,0.2,2,0.8502994011976048,0.7395833333333334
Luminance-Only (Delta L*),000377,FST_I_II_Light,0.2,3,0.8844621513944223,0.7928571428571428
Luminance-Only (Delta L*),000381,FST_I_II_Light,0.0,0,0.9252336448598131,0.8608695652173913
Luminance-Only (Delta L*),000381,FST_I_II_Light,0.2,1,0.828125,0.7066666666666667
Luminance-Only (Delta L*),000381,FST_I_II_Light,0.2,2,0.9394387001477105,0.8857938718662952
Luminance-Only (Delta L*),000381,FST_I_II_Light,0.2,3,0.9459041731066461,0.8973607038123167
Luminance-Only (Delta L*),000386,FST_I_II_Light,0.0,0,0.8232189973614775,0.6995515695067265
Luminance-Only (Delta L*),000386,FST_I_II_Light,0.2,1,0.6931818181818182,0.5304347826086957
Luminance-Only (Delta L*),000386,FST_I_II_Light,0.2,2,0.8514851485148515,0.7413793103448276
Luminance-Only (Delta L*),000386,FST_I_II_Light,0.2,3,0.8395061728395061,0.723404255319149
Luminance-Only (Delta L*),000387,FST_I_II_Light,0.0,0,0.8661181750186986,0.7638522427440633
Luminance-Only (Delta L*),000387,FST_I_II_Light,0.2,1,0.7494963062458025,0.5993555316863588
Luminance-Only (Delta L*),000387,FST_I_II_Light,0.2,2,0.8578982154659617,0.7511574074074074
Luminance-Only (Delta L*),000387,FST_I_II_Light,0.2,3,0.8451563691838292,0.7318361955085865
Luminance-Only (Delta L*),000388,FST_I_II_Light,0.0,0,0.9264248704663213,0.862934362934363
Luminance-Only (Delta L*),000388,FST_I_II_Light,0.2,1,0.8396946564885496,0.7236842105263158
Luminance-Only (Delta L*),000388,FST_I_II_Light,0.2,2,0.9317269076305221,0.8721804511278195
Luminance-Only (Delta L*),000388,FST_I_II_Light,0.2,3,0.9350104821802935,0.8779527559055118
Luminance-Only (Delta L*),000389,FST_I_II_Light,0.0,0,0.7857142857142857,0.6470588235294118
Luminance-Only (Delta L*),000389,FST_I_II_Light,0.2,1,0.8316831683168316,0.711864406779661
Luminance-Only (Delta L*),000389,FST_I_II_Light,0.2,2,0.8,0.6666666666666666
Luminance-Only (Delta L*),000389,FST_I_II_Light,0.2,3,0.7401574803149606,0.5875
Luminance-Only (Delta L*),000390,FST_I_II_Light,0.0,0,0.807843137254902,0.6776315789473685
Luminance-Only (Delta L*),000390,FST_I_II_Light,0.2,1,0.819047619047619,0.6935483870967742
Luminance-Only (Delta L*),000390,FST_I_II_Light,0.2,2,0.9264214046822743,0.8629283489096573
Luminance-Only (Delta L*),000390,FST_I_II_Light,0.2,3,0.8326996197718631,0.7133550488599348
Luminance-Only (Delta L*),000391,FST_I_II_Light,0.0,0,0.7884615384615384,0.6507936507936508
Luminance-Only (Delta L*),000391,FST_I_II_Light,0.2,1,0.7637231503579952,0.6177606177606177
Luminance-Only (Delta L*),000391,FST_I_II_Light,0.2,2,0.775,0.6326530612244898
Luminance-Only (Delta L*),000391,FST_I_II_Light,0.2,3,0.7934272300469484,0.6575875486381323
Luminance-Only (Delta L*),000395,FST_I_II_Light,0.0,0,0.8784313725490196,0.7832167832167832
Luminance-Only (Delta L*),000395,FST_I_II_Light,0.2,1,0.8267716535433071,0.7046979865771812
Luminance-Only (Delta L*),000395,FST_I_II_Light,0.2,2,0.8897338403041825,0.8013698630136986
Luminance-Only (Delta L*),000395,FST_I_II_Light,0.2,3,0.896551724137931,0.8125
Luminance-Only (Delta L*),000403,FST_I_II_Light,0.0,0,0.9012567324955116,0.8202614379084967
Luminance-Only (Delta L*),000403,FST_I_II_Light,0.2,1,0.8278481012658228,0.7062634989200864
Luminance-Only (Delta L*),000403,FST_I_II_Light,0.2,2,0.9126321647189761,0.8393039918116684
Luminance-Only (Delta L*),000403,FST_I_II_Light,0.2,3,0.8971553610503282,0.8134920634920635
Luminance-Only (Delta L*),000405,FST_I_II_Light,0.0,0,0.922216573462125,0.8556603773584905
Luminance-Only (Delta L*),000405,FST_I_II_Light,0.2,1,0.7455497382198953,0.5943238731218697
Luminance-Only (Delta L*),000405,FST_I_II_Light,0.2,2,0.9159943046986236,0.8450087565674256
Luminance-Only (Delta L*),000405,FST_I_II_Light,0.2,3,0.9078694817658349,0.8312829525483304
Luminance-Only (Delta L*),000406,FST_I_II_Light,0.0,0,0.9136607424545168,0.8410454985479187
Luminance-Only (Delta L*),000406,FST_I_II_Light,0.2,1,0.8580658607753231,0.7514144916955648
Luminance-Only (Delta L*),000406,FST_I_II_Light,0.2,2,0.8833880107366537,0.7911324786324786
Luminance-Only (Delta L*),000406,FST_I_II_Light,0.2,3,0.8126506024096386,0.6844241501775749
Luminance-Only (Delta L*),000407,FST_I_II_Light,0.0,0,0.8714285714285714,0.7721518987341772
Luminance-Only (Delta L*),000407,FST_I_II_Light,0.2,1,0.845360824742268,0.7321428571428571
Luminance-Only (Delta L*),000407,FST_I_II_Light,0.2,2,0.8362369337979094,0.718562874251497
Luminance-Only (Delta L*),000407,FST_I_II_Light,0.2,3,0.9090909090909091,0.8333333333333334
Luminance-Only (Delta L*),000408,FST_I_II_Light,0.0,0,0.794392523364486,0.6589147286821705
Luminance-Only (Delta L*),000408,FST_I_II_Light,0.2,1,0.7407407407407407,0.5882352941176471
Luminance-Only (Delta L*),000408,FST_I_II_Light,0.2,2,0.8037383177570093,0.671875
Luminance-Only (Delta L*),000408,FST_I_II_Light,0.2,3,0.7228915662650602,0.5660377358490566
Luminance-Only (Delta L*),000411,FST_I_II_Light,0.0,0,0.8461538461538461,0.7333333333333333
Luminance-Only (Delta L*),000411,FST_I_II_Light,0.2,1,0.863849765258216,0.7603305785123967
Luminance-Only (Delta L*),000411,FST_I_II_Light,0.2,2,0.8294930875576036,0.7086614173228346
Luminance-Only (Delta L*),000411,FST_I_II_Light,0.2,3,0.7725321888412017,0.6293706293706294
Luminance-Only (Delta L*),000415,FST_I_II_Light,0.0,0,0.9440221147201106,0.893979057591623
Luminance-Only (Delta L*),000415,FST_I_II_Light,0.2,1,0.937625754527163,0.8825757575757576
Luminance-Only (Delta L*),000415,FST_I_II_Light,0.2,2,0.9370725034199726,0.8815958815958816
Luminance-Only (Delta L*),000415,FST_I_II_Light,0.2,3,0.9346801346801347,0.877370417193426
Luminance-Only (Delta L*),000417,FST_I_II_Light,0.0,0,0.8279569892473119,0.7064220183486238
Luminance-Only (Delta L*),000417,FST_I_II_Light,0.2,1,0.7188571428571429,0.5611061552185549
Luminance-Only (Delta L*),000417,FST_I_II_Light,0.2,2,0.7576671694318753,0.6098745447187374
Luminance-Only (Delta L*),000417,FST_I_II_Light,0.2,3,0.814033086138049,0.6863876863876864
Luminance-Only (Delta L*),000422,FST_I_II_Light,0.0,0,0.8432055749128919,0.7289156626506024
Luminance-Only (Delta L*),000422,FST_I_II_Light,0.2,1,0.7010309278350515,0.5396825396825397
Luminance-Only (Delta L*),000422,FST_I_II_Light,0.2,2,0.8417721518987342,0.726775956284153
Luminance-Only (Delta L*),000422,FST_I_II_Light,0.2,3,0.910958904109589,0.8364779874213837
Luminance-Only (Delta L*),000433,FST_I_II_Light,0.0,0,0.9083665338645418,0.8321167883211679
Luminance-Only (Delta L*),000433,FST_I_II_Light,0.2,1,0.8924949290060852,0.8058608058608059
Luminance-Only (Delta L*),000433,FST_I_II_Light,0.2,2,0.9075975359342916,0.8308270676691729
Luminance-Only (Delta L*),000433,FST_I_II_Light,0.2,3,0.8339350180505415,0.7151702786377709
Luminance-Only (Delta L*),000438,FST_I_II_Light,0.0,0,0.6588235294117647,0.49122807017543857
Luminance-Only (Delta L*),000438,FST_I_II_Light,0.2,1,0.5934065934065934,0.421875
Luminance-Only (Delta L*),000438,FST_I_II_Light,0.2,2,0.6511627906976745,0.4827586206896552
Luminance-Only (Delta L*),000438,FST_I_II_Light,0.2,3,0.6511627906976745,0.4827586206896552
Luminance-Only (Delta L*),000439,FST_I_II_Light,0.0,0,0.6696428571428571,0.5033557046979866
Luminance-Only (Delta L*),000439,FST_I_II_Light,0.2,1,0.6517857142857143,0.48344370860927155
Luminance-Only (Delta L*),000439,FST_I_II_Light,0.2,2,0.6666666666666666,0.5
Luminance-Only (Delta L*),000439,FST_I_II_Light,0.2,3,0.7027027027027027,0.5416666666666666
Luminance-Only (Delta L*),000010,FST_III_IV_Medium,0.0,0,0.8813852813852814,0.7879256965944272
Luminance-Only (Delta L*),000010,FST_III_IV_Medium,0.2,1,0.8162911611785095,0.6896046852122987
Luminance-Only (Delta L*),000010,FST_III_IV_Medium,0.2,2,0.8657214345287739,0.763235294117647
Luminance-Only (Delta L*),000010,FST_III_IV_Medium,0.2,3,0.8726003490401396,0.7739938080495357
Luminance-Only (Delta L*),000057,FST_III_IV_Medium,0.0,0,0.8797127468581688,0.7852564102564102
Luminance-Only (Delta L*),000057,FST_III_IV_Medium,0.2,1,0.7615526802218114,0.6149253731343284
Luminance-Only (Delta L*),000057,FST_III_IV_Medium,0.2,2,0.9178571428571428,0.8481848184818482
Luminance-Only (Delta L*),000057,FST_III_IV_Medium,0.2,3,0.8254486133768353,0.7027777777777777
Luminance-Only (Delta L*),000064,FST_III_IV_Medium,0.0,0,0.8611599297012302,0.7561728395061729
Luminance-Only (Delta L*),000064,FST_III_IV_Medium,0.2,1,0.7981566820276498,0.6641104294478528
Luminance-Only (Delta L*),000064,FST_III_IV_Medium,0.2,2,0.8228476821192053,0.69901547116737
Luminance-Only (Delta L*),000064,FST_III_IV_Medium,0.2,3,0.8023748939779474,0.669971671388102
Luminance-Only (Delta L*),000070,FST_III_IV_Medium,0.0,0,0.9583555792845702,0.920041004613019
Luminance-Only (Delta L*),000070,FST_III_IV_Medium,0.2,1,0.7960149439601495,0.6611501861812163
Luminance-Only (Delta L*),000070,FST_III_IV_Medium,0.2,2,0.9083564756374652,0.832099907493062
Luminance-Only (Delta L*),000070,FST_III_IV_Medium,0.2,3,0.8495705521472393,0.738481228668942
Luminance-Only (Delta L*),000099,FST_III_IV_Medium,0.0,0,0.7685185185185185,0.6240601503759399
Luminance-Only (Delta L*),000099,FST_III_IV_Medium,0.2,1,0.6116504854368932,0.4405594405594406
Luminance-Only (Delta L*),000099,FST_III_IV_Medium,0.2,2,0.7288135593220338,0.5733333333333334
Luminance-Only (Delta L*),000099,FST_III_IV_Medium,0.2,3,0.7692307692307693,0.625
Luminance-Only (Delta L*),000100,FST_III_IV_Medium,0.0,0,0.858433734939759,0.7519788918205804
Luminance-Only (Delta L*),000100,FST_III_IV_Medium,0.2,1,0.8478260869565217,0.7358490566037735
Luminance-Only (Delta L*),000100,FST_III_IV_Medium,0.2,2,0.8779026217228464,0.7823765020026703
Luminance-Only (Delta L*),000100,FST_III_IV_Medium,0.2,3,0.834612700628053,0.7161676646706587
Luminance-Only (Delta L*),000110,FST_III_IV_Medium,0.0,0,0.8524590163934426,0.7428571428571429
Luminance-Only (Delta L*),000110,FST_III_IV_Medium,0.2,1,0.8235294117647058,0.7
Luminance-Only (Delta L*),000110,FST_III_IV_Medium,0.2,2,0.8130081300813008,0.684931506849315
Luminance-Only (Delta L*),000110,FST_III_IV_Medium,0.2,3,0.8217054263565892,0.6973684210526315
Luminance-Only (Delta L*),000184,FST_III_IV_Medium,0.0,0,0.6622516556291391,0.49504950495049505
Luminance-Only (Delta L*),000184,FST_III_IV_Medium,0.2,1,0.5555555555555556,0.38461538461538464
Luminance-Only (Delta L*),000184,FST_III_IV_Medium,0.2,2,0.5748502994011976,0.40336134453781514
Luminance-Only (Delta L*),000184,FST_III_IV_Medium,0.2,3,0.6936416184971098,0.5309734513274337
Luminance-Only (Delta L*),000194,FST_III_IV_Medium,0.0,0,0.908641975308642,0.832579185520362
Luminance-Only (Delta L*),000194,FST_III_IV_Medium,0.2,1,0.8140096618357487,0.6863543788187373
Luminance-Only (Delta L*),000194,FST_III_IV_Medium,0.2,2,0.8625866050808314,0.7583756345177665
Luminance-Only (Delta L*),000194,FST_III_IV_Medium,0.2,3,0.8330275229357799,0.7138364779874213
Luminance-Only (Delta L*),000224,FST_III_IV_Medium,0.0,0,0.9389473684210526,0.8849206349206349
Luminance-Only (Delta L*),000224,FST_III_IV_Medium,0.2,1,0.9335652173913044,0.8754076973255055
Luminance-Only (Delta L*),000224,FST_III_IV_Medium,0.2,2,0.9367796018162766,0.8810775295663601
Luminance-Only (Delta L*),000224,FST_III_IV_Medium,0.2,3,0.9479848432655873,0.9011132940406025
Luminance-Only (Delta L*),000243,FST_III_IV_Medium,0.0,0,0.7627118644067796,0.6164383561643836
Luminance-Only (Delta L*),000243,FST_III_IV_Medium,0.2,1,0.7241379310344828,0.5675675675675675
Luminance-Only (Delta L*),000243,FST_III_IV_Medium,0.2,2,0.6976744186046512,0.5357142857142857
Luminance-Only (Delta L*),000243,FST_III_IV_Medium,0.2,3,0.7086614173228346,0.5487804878048781
Luminance-Only (Delta L*),000443,FST_III_IV_Medium,0.0,0,0.9283489096573209,0.8662790697674418
Luminance-Only (Delta L*),000443,FST_III_IV_Medium,0.2,1,0.8060021436227224,0.6750448833034112
Luminance-Only (Delta L*),000443,FST_III_IV_Medium,0.2,2,0.9191820837390458,0.8504504504504504
Luminance-Only (Delta L*),000443,FST_III_IV_Medium,0.2,3,0.8579940417080437,0.7513043478260869
Luminance-Only (Delta L*),000444,FST_III_IV_Medium,0.0,0,0.8178913738019169,0.6918918918918919
Luminance-Only (Delta L*),000444,FST_III_IV_Medium,0.2,1,0.717948717948718,0.56
Luminance-Only (Delta L*),000444,FST_III_IV_Medium,0.2,2,0.7687687687687688,0.624390243902439
Luminance-Only (Delta L*),000444,FST_III_IV_Medium,0.2,3,0.7460815047021944,0.595
Luminance-Only (Delta L*),000446,FST_III_IV_Medium,0.0,0,0.797752808988764,0.6635514018691588
Luminance-Only (Delta L*),000446,FST_III_IV_Medium,0.2,1,0.8022598870056498,0.6698113207547169
Luminance-Only (Delta L*),000446,FST_III_IV_Medium,0.2,2,0.8022598870056498,0.6698113207547169
Luminance-Only (Delta L*),000446,FST_III_IV_Medium,0.2,3,0.7244897959183674,0.568
Luminance-Only (Delta L*),000447,FST_III_IV_Medium,0.0,0,0.8151216986017608,0.6879370629370629
Luminance-Only (Delta L*),000447,FST_III_IV_Medium,0.2,1,0.7630736392742796,0.6169111302847282
Luminance-Only (Delta L*),000447,FST_III_IV_Medium,0.2,2,0.8656126482213439,0.7630662020905923
Luminance-Only (Delta L*),000447,FST_III_IV_Medium,0.2,3,0.7970479704797048,0.6625766871165644
Luminance-Only (Delta L*),000451,FST_III_IV_Medium,0.0,0,0.942242355605889,0.8907922912205567
Luminance-Only (Delta L*),000451,FST_III_IV_Medium,0.2,1,0.8347627215551744,0.7163886162904809
Luminance-Only (Delta L*),000451,FST_III_IV_Medium,0.2,2,0.9173166926677067,0.8472622478386167
Luminance-Only (Delta L*),000451,FST_III_IV_Medium,0.2,3,0.8801313628899836,0.7859237536656891
Luminance-Only (Delta L*),000452,FST_III_IV_Medium,0.0,0,0.9230769230769231,0.8571428571428571
Luminance-Only (Delta L*),000452,FST_III_IV_Medium,0.2,1,0.8903225806451613,0.8023255813953488
Luminance-Only (Delta L*),000452,FST_III_IV_Medium,0.2,2,0.9093701996927803,0.8338028169014085
Luminance-Only (Delta L*),000452,FST_III_IV_Medium,0.2,3,0.8915304606240714,0.8042895442359249
Luminance-Only (Delta L*),000453,FST_III_IV_Medium,0.0,0,0.8828420256991686,0.790257104194858
Luminance-Only (Delta L*),000453,FST_III_IV_Medium,0.2,1,0.7940298507462686,0.6584158415841584
Luminance-Only (Delta L*),000453,FST_III_IV_Medium,0.2,2,0.8813324080499653,0.7878411910669976
Luminance-Only (Delta L*),000453,FST_III_IV_Medium,0.2,3,0.810738255033557,0.6817155756207675
Luminance-Only (Delta L*),000454,FST_III_IV_Medium,0.0,0,0.9492273730684326,0.9033613445378151
Luminance-Only (Delta L*),000454,FST_III_IV_Medium,0.2,1,0.9452662721893491,0.8962131837307152
Luminance-Only (Delta L*),000454,FST_III_IV_Medium,0.2,2,0.9690424766018718,0.9399441340782123
Luminance-Only (Delta L*),000454,FST_III_IV_Medium,0.2,3,0.9321401938851603,0.8729050279329609
Luminance-Only (Delta L*),000457,FST_III_IV_Medium,0.0,0,0.9458917835671342,0.8973384030418251
Luminance-Only (Delta L*),000457,FST_III_IV_Medium,0.2,1,0.9396325459317585,0.8861386138613861
Luminance-Only (Delta L*),000457,FST_III_IV_Medium,0.2,2,0.9402189166432782,0.8871822033898306
Luminance-Only (Delta L*),000457,FST_III_IV_Medium,0.2,3,0.9417091114883984,0.8898395721925134
Luminance-Only (Delta L*),000459,FST_III_IV_Medium,0.0,0,0.8560561732007022,0.7483375959079284
Luminance-Only (Delta L*),000459,FST_III_IV_Medium,0.2,1,0.7756315007429421,0.633495145631068
Luminance-Only (Delta L*),000459,FST_III_IV_Medium,0.2,2,0.7767695099818511,0.6350148367952523
Luminance-Only (Delta L*),000459,FST_III_IV_Medium,0.2,3,0.7663603453077137,0.6212189616252821
Luminance-Only (Delta L*),000461,FST_III_IV_Medium,0.0,0,0.8733031674208145,0.7751004016064257
Luminance-Only (Delta L*),000461,FST_III_IV_Medium,0.2,1,0.8471615720524017,0.7348484848484849
Luminance-Only (Delta L*),000461,FST_III_IV_Medium,0.2,2,0.8501118568232662,0.7392996108949417
Luminance-Only (Delta L*),000461,FST_III_IV_Medium,0.2,3,0.8453159041394336,0.7320754716981132
Luminance-Only (Delta L*),000466,FST_III_IV_Medium,0.0,0,0.7281879194630873,0.5725593667546174
Luminance-Only (Delta L*),000466,FST_III_IV_Medium,0.2,1,0.6470028544243578,0.4781997187060478
Luminance-Only (Delta L*),000466,FST_III_IV_Medium,0.2,2,0.7934426229508197,0.657608695652174
Luminance-Only (Delta L*),000466,FST_III_IV_Medium,0.2,3,0.7381756756756757,0.5850066934404283
Luminance-Only (Delta L*),000469,FST_III_IV_Medium,0.0,0,0.7094639311714097,0.5497435897435897
Luminance-Only (Delta L*),000469,FST_III_IV_Medium,0.2,1,0.6843150231634679,0.5201207243460765
Luminance-Only (Delta L*),000469,FST_III_IV_Medium,0.2,2,0.6852300242130751,0.5211786372007366
Luminance-Only (Delta L*),000469,FST_III_IV_Medium,0.2,3,0.6689098250336474,0.5025278058645096
Luminance-Only (Delta L*),000470,FST_III_IV_Medium,0.0,0,0.7835738068812431,0.6441605839416058
Luminance-Only (Delta L*),000470,FST_III_IV_Medium,0.2,1,0.7649667405764967,0.6193895870736086
Luminance-Only (Delta L*),000470,FST_III_IV_Medium,0.2,2,0.8357289527720739,0.7178130511463845
Luminance-Only (Delta L*),000470,FST_III_IV_Medium,0.2,3,0.8270833333333333,0.7051509769094139
Luminance-Only (Delta L*),000473,FST_III_IV_Medium,0.0,0,0.8726114649681529,0.7740112994350282
Luminance-Only (Delta L*),000473,FST_III_IV_Medium,0.2,1,0.7879799666110183,0.650137741046832
Luminance-Only (Delta L*),000473,FST_III_IV_Medium,0.2,2,0.8711656441717791,0.7717391304347826
Luminance-Only (Delta L*),000473,FST_III_IV_Medium,0.2,3,0.8773006134969326,0.7814207650273224
Luminance-Only (Delta L*),000475,FST_III_IV_Medium,0.0,0,0.9221902017291066,0.8556149732620321
Luminance-Only (Delta L*),000475,FST_III_IV_Medium,0.2,1,0.844311377245509,0.7305699481865285
Luminance-Only (Delta L*),000475,FST_III_IV_Medium,0.2,2,0.9142857142857143,0.8421052631578947
Luminance-Only (Delta L*),000475,FST_III_IV_Medium,0.2,3,0.8944444444444445,0.8090452261306532
Luminance-Only (Delta L*),000482,FST_III_IV_Medium,0.0,0,0.86810551558753,0.7669491525423728
Luminance-Only (Delta L*),000482,FST_III_IV_Medium,0.2,1,0.7832512315270936,0.6437246963562753
Luminance-Only (Delta L*),000482,FST_III_IV_Medium,0.2,2,0.8888888888888888,0.8
Luminance-Only (Delta L*),000482,FST_III_IV_Medium,0.2,3,0.8679245283018868,0.7666666666666667
Luminance-Only (Delta L*),000486,FST_III_IV_Medium,0.0,0,0.7932489451476793,0.6573426573426573
Luminance-Only (Delta L*),000486,FST_III_IV_Medium,0.2,1,0.7719298245614035,0.6285714285714286
Luminance-Only (Delta L*),000486,FST_III_IV_Medium,0.2,2,0.7804878048780488,0.64
Luminance-Only (Delta L*),000486,FST_III_IV_Medium,0.2,3,0.7470817120622568,0.5962732919254659
Luminance-Only (Delta L*),000488,FST_III_IV_Medium,0.0,0,0.579130226428657,0.4075885328836425
Luminance-Only (Delta L*),000488,FST_III_IV_Medium,0.2,1,0.5128735632183908,0.3448755603648168
Luminance-Only (Delta L*),000488,FST_III_IV_Medium,0.2,2,0.654398304268234,0.48632392954317627
Luminance-Only (Delta L*),000488,FST_III_IV_Medium,0.2,3,0.536427732079906,0.3665194700923324
Luminance-Only (Delta L*),000491,FST_III_IV_Medium,0.0,0,0.927536231884058,0.8648648648648649
Luminance-Only (Delta L*),000491,FST_III_IV_Medium,0.2,1,0.874,0.7761989342806395
Luminance-Only (Delta L*),000491,FST_III_IV_Medium,0.2,2,0.9246901811248809,0.8599290780141844
Luminance-Only (Delta L*),000491,FST_III_IV_Medium,0.2,3,0.9404990403071017,0.8876811594202898
Luminance-Only (Delta L*),000495,FST_III_IV_Medium,0.0,0,0.897287683414851,0.8137096774193548
Luminance-Only (Delta L*),000495,FST_III_IV_Medium,0.2,1,0.8061674008810573,0.6752767527675276
Luminance-Only (Delta L*),000495,FST_III_IV_Medium,0.2,2,0.9122055674518201,0.8385826771653543
Luminance-Only (Delta L*),000495,FST_III_IV_Medium,0.2,3,0.8329238329238329,0.7136842105263158
Luminance-Only (Delta L*),000498,FST_III_IV_Medium,0.0,0,0.9163688348820586,0.8456464379947229
Luminance-Only (Delta L*),000498,FST_III_IV_Medium,0.2,1,0.8359046283309958,0.7180722891566265
Luminance-Only (Delta L*),000498,FST_III_IV_Medium,0.2,2,0.879734219269103,0.7852906287069988
Luminance-Only (Delta L*),000498,FST_III_IV_Medium,0.2,3,0.8986111111111111,0.8158890290037831
Luminance-Only (Delta L*),000503,FST_III_IV_Medium,0.0,0,0.8249726177437021,0.7020879940343028
Luminance-Only (Delta L*),000503,FST_III_IV_Medium,0.2,1,0.7726182690211467,0.6294849023090586
Luminance-Only (Delta L*),000503,FST_III_IV_Medium,0.2,2,0.8810314514553623,0.7873603351955307
Luminance-Only (Delta L*),000503,FST_III_IV_Medium,0.2,3,0.7996632996632996,0.6661991584852734
Luminance-Only (Delta L*),000513,FST_III_IV_Medium,0.0,0,0.8275862068965517,0.7058823529411765
Luminance-Only (Delta L*),000513,FST_III_IV_Medium,0.2,1,0.8392857142857143,0.7230769230769231
Luminance-Only (Delta L*),000513,FST_III_IV_Medium,0.2,2,0.8571428571428571,0.75
Luminance-Only (Delta L*),000513,FST_III_IV_Medium,0.2,3,0.765625,0.620253164556962
Luminance-Only (Delta L*),000514,FST_III_IV_Medium,0.0,0,0.692787177203918,0.5299727520435967
Luminance-Only (Delta L*),000514,FST_III_IV_Medium,0.2,1,0.676126878130217,0.510718789407314
Luminance-Only (Delta L*),000514,FST_III_IV_Medium,0.2,2,0.7292616226071102,0.5738880918220947
Luminance-Only (Delta L*),000514,FST_III_IV_Medium,0.2,3,0.6655922643029815,0.49879227053140096
Luminance-Only (Delta L*),000516,FST_III_IV_Medium,0.0,0,0.8786127167630058,0.7835051546391752
Luminance-Only (Delta L*),000516,FST_III_IV_Medium,0.2,1,0.9012345679012346,0.8202247191011236
Luminance-Only (Delta L*),000516,FST_III_IV_Medium,0.2,2,0.9017341040462428,0.8210526315789474
Luminance-Only (Delta L*),000516,FST_III_IV_Medium,0.2,3,0.8524590163934426,0.7428571428571429
Luminance-Only (Delta L*),000517,FST_III_IV_Medium,0.0,0,0.8902195608782435,0.802158273381295
Luminance-Only (Delta L*),000517,FST_III_IV_Medium,0.2,1,0.758893280632411,0.6114649681528662
Luminance-Only (Delta L*),000517,FST_III_IV_Medium,0.2,2,0.9045045045045045,0.8256578947368421
Luminance-Only (Delta L*),000517,FST_III_IV_Medium,0.2,3,0.8446771378708552,0.7311178247734139
Luminance-Only (Delta L*),000526,FST_III_IV_Medium,0.0,0,0.9446902654867256,0.8951781970649895
Luminance-Only (Delta L*),000526,FST_III_IV_Medium,0.2,1,0.8846153846153846,0.7931034482758621
Luminance-Only (Delta L*),000526,FST_III_IV_Medium,0.2,2,0.9496151154653604,0.9040639573617588
Luminance-Only (Delta L*),000526,FST_III_IV_Medium,0.2,3,0.9449769258075967,0.895693135935397
Luminance-Only (Delta L*),000527,FST_III_IV_Medium,0.0,0,0.7692307692307693,0.625
Luminance-Only (Delta L*),000527,FST_III_IV_Medium,0.2,1,0.7142857142857143,0.5555555555555556
Luminance-Only (Delta L*),000527,FST_III_IV_Medium,0.2,2,0.7346938775510204,0.5806451612903226
Luminance-Only (Delta L*),000527,FST_III_IV_Medium,0.2,3,0.7676767676767676,0.6229508196721312
Luminance-Only (Delta L*),000529,FST_III_IV_Medium,0.0,0,0.8721804511278195,0.7733333333333333
Luminance-Only (Delta L*),000529,FST_III_IV_Medium,0.2,1,0.836852207293666,0.7194719471947195
Luminance-Only (Delta L*),000529,FST_III_IV_Medium,0.2,2,0.8925925925925926,0.8060200668896321
Luminance-Only (Delta L*),000529,FST_III_IV_Medium,0.2,3,0.8677150786308974,0.7663398692810458
Luminance-Only (Delta L*),000535,FST_III_IV_Medium,0.0,0,0.7917343173431735,0.6552650867334473
Luminance-Only (Delta L*),000535,FST_III_IV_Medium,0.2,1,0.7452710672316631,0.5939697792632825
Luminance-Only (Delta L*),000535,FST_III_IV_Medium,0.2,2,0.7903453467582573,0.653364449630494
Luminance-Only (Delta L*),000535,FST_III_IV_Medium,0.2,3,0.7199079401611047,0.5623876303487954
Luminance-Only (Delta L*),000540,FST_III_IV_Medium,0.0,0,0.8617886178861789,0.7571428571428571
Luminance-Only (Delta L*),000540,FST_III_IV_Medium,0.2,1,0.7463054187192119,0.5952848722986247
Luminance-Only (Delta L*),000540,FST_III_IV_Medium,0.2,2,0.876803551609323,0.7806324110671937
Luminance-Only (Delta L*),000540,FST_III_IV_Medium,0.2,3,0.8431372549019608,0.7288135593220338
Luminance-Only (Delta L*),000542,FST_III_IV_Medium,0.0,0,0.9566360052562418,0.9168765743073047
Luminance-Only (Delta L*),000542,FST_III_IV_Medium,0.2,1,0.9560320554472601,0.9157676348547718
Luminance-Only (Delta L*),000542,FST_III_IV_Medium,0.2,2,0.9601883561643836,0.9234252778921367
Luminance-Only (Delta L*),000542,FST_III_IV_Medium,0.2,3,0.9537275064267352,0.9115479115479116
Luminance-Only (Delta L*),000544,FST_III_IV_Medium,0.0,0,0.7471264367816092,0.5963302752293578
Luminance-Only (Delta L*),000544,FST_III_IV_Medium,0.2,1,0.6792452830188679,0.5142857142857142
Luminance-Only (Delta L*),000544,FST_III_IV_Medium,0.2,2,0.7624309392265194,0.6160714285714286
Luminance-Only (Delta L*),000544,FST_III_IV_Medium,0.2,3,0.7446808510638298,0.5932203389830508
Luminance-Only (Delta L*),000548,FST_III_IV_Medium,0.0,0,0.8610478359908884,0.756
Luminance-Only (Delta L*),000548,FST_III_IV_Medium,0.2,1,0.8480392156862745,0.7361702127659574
Luminance-Only (Delta L*),000548,FST_III_IV_Medium,0.2,2,0.849438202247191,0.73828125
Luminance-Only (Delta L*),000548,FST_III_IV_Medium,0.2,3,0.8157894736842105,0.6888888888888889
Luminance-Only (Delta L*),000552,FST_III_IV_Medium,0.0,0,0.8656195462478184,0.7630769230769231
Luminance-Only (Delta L*),000552,FST_III_IV_Medium,0.2,1,0.8123076923076923,0.6839378238341969
Luminance-Only (Delta L*),000552,FST_III_IV_Medium,0.2,2,0.8089233753637245,0.6791530944625407
Luminance-Only (Delta L*),000552,FST_III_IV_Medium,0.2,3,0.7590473244664399,0.6116650049850448
Luminance-Only (Delta L*),000557,FST_III_IV_Medium,0.0,0,0.8660351826792964,0.7637231503579952
Luminance-Only (Delta L*),000557,FST_III_IV_Medium,0.2,1,0.8402522333158171,0.7245129134571817
Luminance-Only (Delta L*),000557,FST_III_IV_Medium,0.2,2,0.8579088471849866,0.7511737089201878
Luminance-Only (Delta L*),000557,FST_III_IV_Medium,0.2,3,0.8040201005025126,0.6722689075630253
Luminance-Only (Delta L*),000559,FST_III_IV_Medium,0.0,0,0.9096267190569745,0.8342342342342343
Luminance-Only (Delta L*),000559,FST_III_IV_Medium,0.2,1,0.8928919182083739,0.8065083553210203
Luminance-Only (Delta L*),000559,FST_III_IV_Medium,0.2,2,0.9016312407315867,0.8208820882088209
Luminance-Only (Delta L*),000559,FST_III_IV_Medium,0.2,3,0.9232183908045977,0.8573868488471392
Luminance-Only (Delta L*),000566,FST_III_IV_Medium,0.0,0,0.9166206515737162,0.8460754332313966
Luminance-Only (Delta L*),000566,FST_III_IV_Medium,0.2,1,0.7610619469026548,0.6142857142857143
Luminance-Only (Delta L*),000566,FST_III_IV_Medium,0.2,2,0.8831529281154593,0.7907554671968191
Luminance-Only (Delta L*),000566,FST_III_IV_Medium,0.2,3,0.8580030105368791,0.7513181019332161
Luminance-Only (Delta L*),000568,FST_III_IV_Medium,0.0,0,0.838479809976247,0.721881390593047
Luminance-Only (Delta L*),000568,FST_III_IV_Medium,0.2,1,0.7823204419889502,0.6424682395644283
Luminance-Only (Delta L*),000568,FST_III_IV_Medium,0.2,2,0.8423475258918297,0.7276341948310139
Luminance-Only (Delta L*),000568,FST_III_IV_Medium,0.2,3,0.8164556962025317,0.6898395721925134
Luminance-Only (Delta L*),000578,FST_III_IV_Medium,0.0,0,0.9626666666666667,0.9280205655526992
Luminance-Only (Delta L*),000578,FST_III_IV_Medium,0.2,1,0.9293478260869565,0.868020304568528
Luminance-Only (Delta L*),000578,FST_III_IV_Medium,0.2,2,0.9603174603174603,0.9236641221374046
Luminance-Only (Delta L*),000578,FST_III_IV_Medium,0.2,3,0.9569251159708416,0.9174078780177891
Luminance-Only (Delta L*),000584,FST_III_IV_Medium,0.0,0,0.6423357664233577,0.4731182795698925
Luminance-Only (Delta L*),000584,FST_III_IV_Medium,0.2,1,0.631578947368421,0.46153846153846156
Luminance-Only (Delta L*),000584,FST_III_IV_Medium,0.2,2,0.6758620689655173,0.5104166666666666
Luminance-Only (Delta L*),000584,FST_III_IV_Medium,0.2,3,0.618421052631579,0.44761904761904764
Luminance-Only (Delta L*),000589,FST_III_IV_Medium,0.0,0,0.7796610169491526,0.6388888888888888
Luminance-Only (Delta L*),000589,FST_III_IV_Medium,0.2,1,0.7474747474747475,0.5967741935483871
Luminance-Only (Delta L*),000589,FST_III_IV_Medium,0.2,2,0.7989949748743719,0.6652719665271967
Luminance-Only (Delta L*),000589,FST_III_IV_Medium,0.2,3,0.6993603411513859,0.5377049180327869
Luminance-Only (Delta L*),000590,FST_III_IV_Medium,0.0,0,0.9151424287856071,0.8435599778883361
Luminance-Only (Delta L*),000590,FST_III_IV_Medium,0.2,1,0.7789275634995296,0.637904468412943
Luminance-Only (Delta L*),000590,FST_III_IV_Medium,0.2,2,0.8351327691858769,0.716933867735471
Luminance-Only (Delta L*),000590,FST_III_IV_Medium,0.2,3,0.8579740809309706,0.7512737378415933
Luminance-Only (Delta L*),000594,FST_III_IV_Medium,0.0,0,0.912,0.8382352941176471
Luminance-Only (Delta L*),000594,FST_III_IV_Medium,0.2,1,0.9016393442622951,0.8208955223880597
Luminance-Only (Delta L*),000594,FST_III_IV_Medium,0.2,2,0.928,0.8656716417910447
Luminance-Only (Delta L*),000594,FST_III_IV_Medium,0.2,3,0.921875,0.855072463768116
Luminance-Only (Delta L*),000596,FST_III_IV_Medium,0.0,0,0.9499072356215214,0.9045936395759717
Luminance-Only (Delta L*),000596,FST_III_IV_Medium,0.2,1,0.927063339731286,0.8640429338103757
Luminance-Only (Delta L*),000596,FST_III_IV_Medium,0.2,2,0.9515981735159817,0.9076655052264808
Luminance-Only (Delta L*),000596,FST_III_IV_Medium,0.2,3,0.9315315315315316,0.8718381112984823
Luminance-Only (Delta L*),000605,FST_III_IV_Medium,0.0,0,0.9465744814582024,0.8985680190930787
Luminance-Only (Delta L*),000605,FST_III_IV_Medium,0.2,1,0.9046705054382598,0.8259345794392523
Luminance-Only (Delta L*),000605,FST_III_IV_Medium,0.2,2,0.9409571162212554,0.8884976525821596
Luminance-Only (Delta L*),000605,FST_III_IV_Medium,0.2,3,0.9480925578486554,0.901307966706302
Luminance-Only (Delta L*),000606,FST_III_IV_Medium,0.0,0,0.9212218649517685,0.8539493293591655
Luminance-Only (Delta L*),000606,FST_III_IV_Medium,0.2,1,0.7477102414654455,0.5970744680851063
Luminance-Only (Delta L*),000606,FST_III_IV_Medium,0.2,2,0.8649446494464945,0.7620286085825748
Luminance-Only (Delta L*),000606,FST_III_IV_Medium,0.2,3,0.8337164750957854,0.7148488830486203
Luminance-Only (Delta L*),000613,FST_III_IV_Medium,0.0,0,0.701195219123506,0.5398773006134969
Luminance-Only (Delta L*),000613,FST_III_IV_Medium,0.2,1,0.6052631578947368,0.4339622641509434
Luminance-Only (Delta L*),000613,FST_III_IV_Medium,0.2,2,0.7421875,0.5900621118012422
Luminance-Only (Delta L*),000613,FST_III_IV_Medium,0.2,3,0.7348484848484849,0.5808383233532934
Luminance-Only (Delta L*),000614,FST_III_IV_Medium,0.0,0,0.9389067524115756,0.8848484848484849
Luminance-Only (Delta L*),000614,FST_III_IV_Medium,0.2,1,0.8981636060100167,0.8151515151515152
Luminance-Only (Delta L*),000614,FST_III_IV_Medium,0.2,2,0.9367088607594937,0.8809523809523809
Luminance-Only (Delta L*),000614,FST_III_IV_Medium,0.2,3,0.937799043062201,0.8828828828828829
Luminance-Only (Delta L*),000615,FST_III_IV_Medium,0.0,0,0.8597785977859779,0.7540453074433657
Luminance-Only (Delta L*),000615,FST_III_IV_Medium,0.2,1,0.6964795432921027,0.5343065693430656
Luminance-Only (Delta L*),000615,FST_III_IV_Medium,0.2,2,0.8583403185247276,0.7518355359765051
Luminance-Only (Delta L*),000615,FST_III_IV_Medium,0.2,3,0.8392554991539763,0.7230320699708455
Luminance-Only (Delta L*),000618,FST_III_IV_Medium,0.0,0,0.8866666666666667,0.7964071856287425
Luminance-Only (Delta L*),000618,FST_III_IV_Medium,0.2,1,0.8532423208191127,0.7440476190476191
Luminance-Only (Delta L*),000618,FST_III_IV_Medium,0.2,2,0.8766233766233766,0.7803468208092486
Luminance-Only (Delta L*),000618,FST_III_IV_Medium,0.2,3,0.868421052631579,0.7674418604651163
Luminance-Only (Delta L*),000619,FST_III_IV_Medium,0.0,0,0.8436482084690554,0.7295774647887324
Luminance-Only (Delta L*),000619,FST_III_IV_Medium,0.2,1,0.764022233451238,0.6181520850367948
Luminance-Only (Delta L*),000619,FST_III_IV_Medium,0.2,2,0.7427484545886829,0.5907715582450832
Luminance-Only (Delta L*),000619,FST_III_IV_Medium,0.2,3,0.7487437185929648,0.5983935742971888
Luminance-Only (Delta L*),000620,FST_III_IV_Medium,0.0,0,0.7289972899728997,0.5735607675906184
Luminance-Only (Delta L*),000620,FST_III_IV_Medium,0.2,1,0.6811397557666214,0.5164609053497943
Luminance-Only (Delta L*),000620,FST_III_IV_Medium,0.2,2,0.8591549295774648,0.7530864197530864
Luminance-Only (Delta L*),000620,FST_III_IV_Medium,0.2,3,0.9007633587786259,0.8194444444444444
Luminance-Only (Delta L*),000622,FST_III_IV_Medium,0.0,0,0.5770065075921909,0.4054878048780488
Luminance-Only (Delta L*),000622,FST_III_IV_Medium,0.2,1,0.4605809128630705,0.2991913746630728
Luminance-Only (Delta L*),000622,FST_III_IV_Medium,0.2,2,0.5458422174840085,0.375366568914956
Luminance-Only (Delta L*),000622,FST_III_IV_Medium,0.2,3,0.7475915221579962,0.5969230769230769
Luminance-Only (Delta L*),000623,FST_III_IV_Medium,0.0,0,0.8869715271786023,0.7968992248062016
Luminance-Only (Delta L*),000623,FST_III_IV_Medium,0.2,1,0.8430257979886314,0.7286470143613001
Luminance-Only (Delta L*),000623,FST_III_IV_Medium,0.2,2,0.8971499380421314,0.8134831460674158
Luminance-Only (Delta L*),000623,FST_III_IV_Medium,0.2,3,0.8343922066920796,0.715843023255814
Luminance-Only (Delta L*),000625,FST_III_IV_Medium,0.0,0,0.863905325443787,0.7604166666666666
Luminance-Only (Delta L*),000625,FST_III_IV_Medium,0.2,1,0.7804878048780488,0.64
Luminance-Only (Delta L*),000625,FST_III_IV_Medium,0.2,2,0.8660968660968661,0.7638190954773869
Luminance-Only (Delta L*),000625,FST_III_IV_Medium,0.2,3,0.8595505617977528,0.7536945812807881
Luminance-Only (Delta L*),000626,FST_III_IV_Medium,0.0,0,0.8888888888888888,0.8
Luminance-Only (Delta L*),000626,FST_III_IV_Medium,0.2,1,0.7604395604395604,0.6134751773049646
Luminance-Only (Delta L*),000626,FST_III_IV_Medium,0.2,2,0.90625,0.8285714285714286
Luminance-Only (Delta L*),000626,FST_III_IV_Medium,0.2,3,0.8870636550308009,0.7970479704797048
Luminance-Only (Delta L*),000627,FST_III_IV_Medium,0.0,0,0.7777777777777778,0.6363636363636364
Luminance-Only (Delta L*),000627,FST_III_IV_Medium,0.2,1,0.6835443037974683,0.5192307692307693
Luminance-Only (Delta L*),000627,FST_III_IV_Medium,0.2,2,0.8313253012048193,0.711340206185567
Luminance-Only (Delta L*),000627,FST_III_IV_Medium,0.2,3,0.7485380116959064,0.5981308411214953
Luminance-Only (Delta L*),000629,FST_III_IV_Medium,0.0,0,0.6813186813186813,0.5166666666666667
Luminance-Only (Delta L*),000629,FST_III_IV_Medium,0.2,1,0.5806451612903226,0.4090909090909091
Luminance-Only (Delta L*),000629,FST_III_IV_Medium,0.2,2,0.6666666666666666,0.5
Luminance-Only (Delta L*),000629,FST_III_IV_Medium,0.2,3,0.7291666666666666,0.5737704918032787
Luminance-Only (Delta L*),000632,FST_III_IV_Medium,0.0,0,0.8709122203098106,0.7713414634146342
Luminance-Only (Delta L*),000632,FST_III_IV_Medium,0.2,1,0.7914438502673797,0.6548672566371682
Luminance-Only (Delta L*),000632,FST_III_IV_Medium,0.2,2,0.8493589743589743,0.7381615598885793
Luminance-Only (Delta L*),000632,FST_III_IV_Medium,0.2,3,0.8392554991539763,0.7230320699708455
Luminance-Only (Delta L*),000634,FST_III_IV_Medium,0.0,0,0.8543956043956044,0.7458033573141487
Luminance-Only (Delta L*),000634,FST_III_IV_Medium,0.2,1,0.7817403708987162,0.6416861826697893
Luminance-Only (Delta L*),000634,FST_III_IV_Medium,0.2,2,0.8039702233250621,0.6721991701244814
Luminance-Only (Delta L*),000634,FST_III_IV_Medium,0.2,3,0.7610837438423645,0.614314115308151
Luminance-Only (Delta L*),000636,FST_III_IV_Medium,0.0,0,0.7142857142857143,0.5555555555555556
Luminance-Only (Delta L*),000636,FST_III_IV_Medium,0.2,1,0.64,0.47058823529411764
Luminance-Only (Delta L*),000636,FST_III_IV_Medium,0.2,2,0.6521739130434783,0.4838709677419355
Luminance-Only (Delta L*),000636,FST_III_IV_Medium,0.2,3,0.5882352941176471,0.4166666666666667
Luminance-Only (Delta L*),000638,FST_III_IV_Medium,0.0,0,0.8571428571428571,0.75
Luminance-Only (Delta L*),000638,FST_III_IV_Medium,0.2,1,0.7441860465116279,0.5925925925925926
Luminance-Only (Delta L*),000638,FST_III_IV_Medium,0.2,2,0.8089887640449438,0.6792452830188679
Luminance-Only (Delta L*),000638,FST_III_IV_Medium,0.2,3,0.8395061728395061,0.723404255319149
Luminance-Only (Delta L*),000639,FST_III_IV_Medium,0.0,0,0.8979099678456591,0.8147337709700948
Luminance-Only (Delta L*),000639,FST_III_IV_Medium,0.2,1,0.8026214340786431,0.6703155183515775
Luminance-Only (Delta L*),000639,FST_III_IV_Medium,0.2,2,0.8824902723735408,0.7896935933147632
Luminance-Only (Delta L*),000639,FST_III_IV_Medium,0.2,3,0.8731689889246159,0.7748890298034242
Luminance-Only (Delta L*),000642,FST_III_IV_Medium,0.0,0,0.8407079646017699,0.7251908396946565
Luminance-Only (Delta L*),000642,FST_III_IV_Medium,0.2,1,0.8296460176991151,0.7088846880907372
Luminance-Only (Delta L*),000642,FST_III_IV_Medium,0.2,2,0.8126361655773421,0.6844036697247706
Luminance-Only (Delta L*),000642,FST_III_IV_Medium,0.2,3,0.8798449612403101,0.7854671280276817
Luminance-Only (Delta L*),000644,FST_III_IV_Medium,0.0,0,0.7355146557600545,0.5816711590296496
Luminance-Only (Delta L*),000644,FST_III_IV_Medium,0.2,1,0.5683208701563562,0.3969610636277303
Luminance-Only (Delta L*),000644,FST_III_IV_Medium,0.2,2,0.7586206896551724,0.6111111111111112
Luminance-Only (Delta L*),000644,FST_III_IV_Medium,0.2,3,0.7725321888412017,0.6293706293706294
Luminance-Only (Delta L*),000646,FST_III_IV_Medium,0.0,0,0.9333922317230934,0.8751035380428351
Luminance-Only (Delta L*),000646,FST_III_IV_Medium,0.2,1,0.9159414979695276,0.8449188823794502
Luminance-Only (Delta L*),000646,FST_III_IV_Medium,0.2,2,0.8896782155865266,0.8012796182833596
Luminance-Only (Delta L*),000646,FST_III_IV_Medium,0.2,3,0.859052351983549,0.7529288074496846
Luminance-Only (Delta L*),000653,FST_III_IV_Medium,0.0,0,0.9515418502202643,0.907563025210084
Luminance-Only (Delta L*),000653,FST_III_IV_Medium,0.2,1,0.8929384965831435,0.8065843621399177
Luminance-Only (Delta L*),000653,FST_III_IV_Medium,0.2,2,0.9409190371991247,0.8884297520661157
Luminance-Only (Delta L*),000653,FST_III_IV_Medium,0.2,3,0.9246861924686193,0.8599221789883269
Luminance-Only (Delta L*),000006,FST_V_VI_Dark,0.0,0,0.9006556725610968,0.8192662208566781
Luminance-Only (Delta L*),000006,FST_V_VI_Dark,0.2,1,0.8375263105141826,0.7204690463873081
Luminance-Only (Delta L*),000006,FST_V_VI_Dark,0.2,2,0.8533670197259742,0.7442372881355932
Luminance-Only (Delta L*),000006,FST_V_VI_Dark,0.2,3,0.8244073748902546,0.7012696041822255
Luminance-Only (Delta L*),000007,FST_V_VI_Dark,0.0,0,0.7665198237885462,0.6214285714285714
Luminance-Only (Delta L*),000007,FST_V_VI_Dark,0.2,1,0.6991150442477876,0.5374149659863946
Luminance-Only (Delta L*),000007,FST_V_VI_Dark,0.2,2,0.7310924369747899,0.5761589403973509
Luminance-Only (Delta L*),000007,FST_V_VI_Dark,0.2,3,0.6850393700787402,0.5209580838323353
Luminance-Only (Delta L*),000011,FST_V_VI_Dark,0.0,0,0.9570698466780239,0.9176739627572689
Luminance-Only (Delta L*),000011,FST_V_VI_Dark,0.2,1,0.947134682722692,0.8995781959766386
Luminance-Only (Delta L*),000011,FST_V_VI_Dark,0.2,2,0.8979558859174275,0.8148093841642229
Luminance-Only (Delta L*),000011,FST_V_VI_Dark,0.2,3,0.8529456307738906,0.7435965143913388
Luminance-Only (Delta L*),000012,FST_V_VI_Dark,0.0,0,0.8156028368794326,0.688622754491018
Luminance-Only (Delta L*),000012,FST_V_VI_Dark,0.2,1,0.8436363636363636,0.7295597484276729
Luminance-Only (Delta L*),000012,FST_V_VI_Dark,0.2,2,0.7932203389830509,0.6573033707865169
Luminance-Only (Delta L*),000012,FST_V_VI_Dark,0.2,3,0.7588424437299035,0.6113989637305699
Luminance-Only (Delta L*),000015,FST_V_VI_Dark,0.0,0,0.9114770754836797,0.837352209085252
Luminance-Only (Delta L*),000015,FST_V_VI_Dark,0.2,1,0.7883749839255861,0.6506757234840445
Luminance-Only (Delta L*),000015,FST_V_VI_Dark,0.2,2,0.8726106586775814,0.77401003069092
Luminance-Only (Delta L*),000015,FST_V_VI_Dark,0.2,3,0.8153430994602929,0.688252521965506
Luminance-Only (Delta L*),000022,FST_V_VI_Dark,0.0,0,0.8887189292543021,0.7997247075017205
Luminance-Only (Delta L*),000022,FST_V_VI_Dark,0.2,1,0.8426842684268426,0.7281368821292775
Luminance-Only (Delta L*),000022,FST_V_VI_Dark,0.2,2,0.8708701134930643,0.771275407639044
Luminance-Only (Delta L*),000022,FST_V_VI_Dark,0.2,3,0.8223505835199811,0.6982982982982983
Luminance-Only (Delta L*),000053,FST_V_VI_Dark,0.0,0,0.7886792452830189,0.6510903426791277
Luminance-Only (Delta L*),000053,FST_V_VI_Dark,0.2,1,0.8071428571428572,0.6766467065868264
Luminance-Only (Delta L*),000053,FST_V_VI_Dark,0.2,2,0.8052930056710775,0.6740506329113924
Luminance-Only (Delta L*),000053,FST_V_VI_Dark,0.2,3,0.718381112984823,0.5605263157894737
Luminance-Only (Delta L*),000060,FST_V_VI_Dark,0.0,0,0.9330254041570438,0.8744588744588745
Luminance-Only (Delta L*),000060,FST_V_VI_Dark,0.2,1,0.762119503945885,0.6156648451730419
Luminance-Only (Delta L*),000060,FST_V_VI_Dark,0.2,2,0.8898488120950324,0.8015564202334631
Luminance-Only (Delta L*),000060,FST_V_VI_Dark,0.2,3,0.8715697036223929,0.7723735408560312
Luminance-Only (Delta L*),000077,FST_V_VI_Dark,0.0,0,0.896551724137931,0.8125
Luminance-Only (Delta L*),000077,FST_V_VI_Dark,0.2,1,0.8169209431345353,0.690504103165299
Luminance-Only (Delta L*),000077,FST_V_VI_Dark,0.2,2,0.9047318611987382,0.826036866359447
Luminance-Only (Delta L*),000077,FST_V_VI_Dark,0.2,3,0.9,0.8181818181818182
Luminance-Only (Delta L*),000080,FST_V_VI_Dark,0.0,0,0.8858131487889274,0.7950310559006211
Luminance-Only (Delta L*),000080,FST_V_VI_Dark,0.2,1,0.8085106382978723,0.6785714285714286
Luminance-Only (Delta L*),000080,FST_V_VI_Dark,0.2,2,0.8716216216216216,0.7724550898203593
Luminance-Only (Delta L*),000080,FST_V_VI_Dark,0.2,3,0.8242811501597445,0.7010869565217391
Luminance-Only (Delta L*),000087,FST_V_VI_Dark,0.0,0,0.7923015236567763,0.6560424966799469
Luminance-Only (Delta L*),000087,FST_V_VI_Dark,0.2,1,0.8175732217573222,0.6914366595895258
Luminance-Only (Delta L*),000087,FST_V_VI_Dark,0.2,2,0.801649793775778,0.6689612015018773
Luminance-Only (Delta L*),000087,FST_V_VI_Dark,0.2,3,0.7491712707182321,0.598939929328622
Luminance-Only (Delta L*),000088,FST_V_VI_Dark,0.0,0,0.9190839694656489,0.8502824858757062
Luminance-Only (Delta L*),000088,FST_V_VI_Dark,0.2,1,0.8875192604006163,0.7977839335180056
Luminance-Only (Delta L*),000088,FST_V_VI_Dark,0.2,2,0.8932330827067669,0.8070652173913043
Luminance-Only (Delta L*),000088,FST_V_VI_Dark,0.2,3,0.842391304347826,0.7276995305164319
Luminance-Only (Delta L*),000089,FST_V_VI_Dark,0.0,0,0.9524091043452557,0.9091422121896162
Luminance-Only (Delta L*),000089,FST_V_VI_Dark,0.2,1,0.9470899470899471,0.8994974874371859
Luminance-Only (Delta L*),000089,FST_V_VI_Dark,0.2,2,0.9508611462489053,0.9063253570766092
Luminance-Only (Delta L*),000089,FST_V_VI_Dark,0.2,3,0.9387030461595963,0.8844867054058814
Luminance-Only (Delta L*),000093,FST_V_VI_Dark,0.0,0,0.8466019417475729,0.734006734006734
Luminance-Only (Delta L*),000093,FST_V_VI_Dark,0.2,1,0.6957446808510638,0.533442088091354
Luminance-Only (Delta L*),000093,FST_V_VI_Dark,0.2,2,0.8090551181102362,0.6793388429752066
Luminance-Only (Delta L*),000093,FST_V_VI_Dark,0.2,3,0.7022900763358778,0.5411764705882353
Luminance-Only (Delta L*),000095,FST_V_VI_Dark,0.0,0,0.8799328295549959,0.7856071964017991
Luminance-Only (Delta L*),000095,FST_V_VI_Dark,0.2,1,0.7510620220900595,0.601360544217687
Luminance-Only (Delta L*),000095,FST_V_VI_Dark,0.2,2,0.890272373540856,0.8022440392706872
Luminance-Only (Delta L*),000095,FST_V_VI_Dark,0.2,3,0.7515060240963856,0.6019300361881785
Luminance-Only (Delta L*),000096,FST_V_VI_Dark,0.0,0,0.8328846552081176,0.7136266855926189
Luminance-Only (Delta L*),000096,FST_V_VI_Dark,0.2,1,0.7301823595087458,0.5750293083235639
Luminance-Only (Delta L*),000096,FST_V_VI_Dark,0.2,2,0.801032565528197,0.6681020205366015
Luminance-Only (Delta L*),000096,FST_V_VI_Dark,0.2,3,0.7476856411266496,0.5970430953129915
Luminance-Only (Delta L*),000104,FST_V_VI_Dark,0.0,0,0.8506787330316742,0.7401574803149606
Luminance-Only (Delta L*),000104,FST_V_VI_Dark,0.2,1,0.8053097345132744,0.674074074074074
Luminance-Only (Delta L*),000104,FST_V_VI_Dark,0.2,2,0.8164794007490637,0.689873417721519
Luminance-Only (Delta L*),000104,FST_V_VI_Dark,0.2,3,0.8816326530612245,0.7883211678832117
Luminance-Only (Delta L*),000105,FST_V_VI_Dark,0.0,0,0.7319587628865979,0.5772357723577236
Luminance-Only (Delta L*),000105,FST_V_VI_Dark,0.2,1,0.6461538461538462,0.4772727272727273
Luminance-Only (Delta L*),000105,FST_V_VI_Dark,0.2,2,0.7219512195121951,0.5648854961832062
Luminance-Only (Delta L*),000105,FST_V_VI_Dark,0.2,3,0.7669902912621359,0.6220472440944882
Luminance-Only (Delta L*),000109,FST_V_VI_Dark,0.0,0,0.7772511848341233,0.6356589147286822
Luminance-Only (Delta L*),000109,FST_V_VI_Dark,0.2,1,0.8113207547169812,0.6825396825396826
Luminance-Only (Delta L*),000109,FST_V_VI_Dark,0.2,2,0.8108108108108109,0.6818181818181818
Luminance-Only (Delta L*),000109,FST_V_VI_Dark,0.2,3,0.75,0.6
Luminance-Only (Delta L*),000111,FST_V_VI_Dark,0.0,0,0.9106223678053346,0.8359106529209622
Luminance-Only (Delta L*),000111,FST_V_VI_Dark,0.2,1,0.8791312559017942,0.7843302443133952
Luminance-Only (Delta L*),000111,FST_V_VI_Dark,0.2,2,0.9185380889476001,0.8493485342019544
Luminance-Only (Delta L*),000111,FST_V_VI_Dark,0.2,3,0.9069557362240289,0.8297520661157025
Luminance-Only (Delta L*),000112,FST_V_VI_Dark,0.0,0,0.8858603066439523,0.7951070336391437
Luminance-Only (Delta L*),000112,FST_V_VI_Dark,0.2,1,0.8822790113112694,0.7893553223388305
Luminance-Only (Delta L*),000112,FST_V_VI_Dark,0.2,2,0.8684965178205654,0.7675597393193339
Luminance-Only (Delta L*),000112,FST_V_VI_Dark,0.2,3,0.861236802413273,0.7562913907284768
Luminance-Only (Delta L*),000113,FST_V_VI_Dark,0.0,0,0.7690100430416069,0.6247086247086248
Luminance-Only (Delta L*),000113,FST_V_VI_Dark,0.2,1,0.7453237410071942,0.5940366972477065
Luminance-Only (Delta L*),000113,FST_V_VI_Dark,0.2,2,0.7932489451476793,0.6573426573426573
Luminance-Only (Delta L*),000113,FST_V_VI_Dark,0.2,3,0.8143236074270557,0.6868008948545862
Luminance-Only (Delta L*),000115,FST_V_VI_Dark,0.0,0,0.77735368956743,0.63579604578564
Luminance-Only (Delta L*),000115,FST_V_VI_Dark,0.2,1,0.7578676942838792,0.610134436401241
Luminance-Only (Delta L*),000115,FST_V_VI_Dark,0.2,2,0.8340477648499693,0.7153361344537815
Luminance-Only (Delta L*),000115,FST_V_VI_Dark,0.2,3,0.763677382966723,0.6177007299270073
Luminance-Only (Delta L*),000121,FST_V_VI_Dark,0.0,0,0.6351351351351351,0.46534653465346537
Luminance-Only (Delta L*),000121,FST_V_VI_Dark,0.2,1,0.5389221556886228,0.36885245901639346
Luminance-Only (Delta L*),000121,FST_V_VI_Dark,0.2,2,0.618421052631579,0.44761904761904764
Luminance-Only (Delta L*),000121,FST_V_VI_Dark,0.2,3,0.6829268292682927,0.5185185185185185
Luminance-Only (Delta L*),000124,FST_V_VI_Dark,0.0,0,0.825836216839677,0.7033398821218074
Luminance-Only (Delta L*),000124,FST_V_VI_Dark,0.2,1,0.5897435897435898,0.41818181818181815
Luminance-Only (Delta L*),000124,FST_V_VI_Dark,0.2,2,0.7733619763694952,0.6304728546409807
Luminance-Only (Delta L*),000124,FST_V_VI_Dark,0.2,3,0.7263581488933601,0.5703001579778831
Luminance-Only (Delta L*),000125,FST_V_VI_Dark,0.0,0,0.654547059083087,0.48648825921553196
Luminance-Only (Delta L*),000125,FST_V_VI_Dark,0.2,1,0.5648190373533436,0.3935524871454157
Luminance-Only (Delta L*),000125,FST_V_VI_Dark,0.2,2,0.5962994453216729,0.4248053071820017
Luminance-Only (Delta L*),000125,FST_V_VI_Dark,0.2,3,0.6083864819294773,0.4371806353052731
Luminance-Only (Delta L*),000127,FST_V_VI_Dark,0.0,0,0.4172661870503597,0.2636363636363636
Luminance-Only (Delta L*),000127,FST_V_VI_Dark,0.2,1,0.3969465648854962,0.24761904761904763
Luminance-Only (Delta L*),000127,FST_V_VI_Dark,0.2,2,0.4,0.25
Luminance-Only (Delta L*),000127,FST_V_VI_Dark,0.2,3,0.4027777777777778,0.25217391304347825
Luminance-Only (Delta L*),000132,FST_V_VI_Dark,0.0,0,0.8826291079812206,0.7899159663865546
Luminance-Only (Delta L*),000132,FST_V_VI_Dark,0.2,1,0.7962264150943397,0.6614420062695925
Luminance-Only (Delta L*),000132,FST_V_VI_Dark,0.2,2,0.8148774302620456,0.6875891583452212
Luminance-Only (Delta L*),000132,FST_V_VI_Dark,0.2,3,0.8057190916736754,0.6746478873239437
Luminance-Only (Delta L*),000133,FST_V_VI_Dark,0.0,0,0.8289322617680827,0.707843137254902
Luminance-Only (Delta L*),000133,FST_V_VI_Dark,0.2,1,0.7050847457627119,0.5445026178010471
Luminance-Only (Delta L*),000133,FST_V_VI_Dark,0.2,2,0.87527352297593,0.7782101167315175
Luminance-Only (Delta L*),000133,FST_V_VI_Dark,0.2,3,0.8242303872889771,0.7010135135135135
Luminance-Only (Delta L*),000137,FST_V_VI_Dark,0.0,0,0.9555069292487236,0.914804469273743
Luminance-Only (Delta L*),000137,FST_V_VI_Dark,0.2,1,0.9159021406727829,0.844851904090268
Luminance-Only (Delta L*),000137,FST_V_VI_Dark,0.2,2,0.9656683710737765,0.9336158192090396
Luminance-Only (Delta L*),000137,FST_V_VI_Dark,0.2,3,0.9341057204923968,0.876358695652174
Luminance-Only (Delta L*),000146,FST_V_VI_Dark,0.0,0,0.6071428571428571,0.4358974358974359
Luminance-Only (Delta L*),000146,FST_V_VI_Dark,0.2,1,0.591304347826087,0.41975308641975306
Luminance-Only (Delta L*),000146,FST_V_VI_Dark,0.2,2,0.5328185328185329,0.3631578947368421
Luminance-Only (Delta L*),000146,FST_V_VI_Dark,0.2,3,0.5877192982456141,0.4161490683229814
Luminance-Only (Delta L*),000152,FST_V_VI_Dark,0.0,0,0.8351648351648352,0.7169811320754716
Luminance-Only (Delta L*),000152,FST_V_VI_Dark,0.2,1,0.8351648351648352,0.7169811320754716
Luminance-Only (Delta L*),000152,FST_V_VI_Dark,0.2,2,0.8342245989304813,0.7155963302752294
Luminance-Only (Delta L*),000152,FST_V_VI_Dark,0.2,3,0.8082901554404145,0.6782608695652174
Luminance-Only (Delta L*),000153,FST_V_VI_Dark,0.0,0,0.9274725274725275,0.8647540983606558
Luminance-Only (Delta L*),000153,FST_V_VI_Dark,0.2,1,0.9359823399558499,0.8796680497925311
Luminance-Only (Delta L*),000153,FST_V_VI_Dark,0.2,2,0.9200863930885529,0.852
Luminance-Only (Delta L*),000153,FST_V_VI_Dark,0.2,3,0.9126637554585153,0.8393574297188755
Luminance-Only (Delta L*),000160,FST_V_VI_Dark,0.0,0,0.943732590529248,0.8934599156118144
Luminance-Only (Delta L*),000160,FST_V_VI_Dark,0.2,1,0.9045691150954309,0.8257655755015839
Luminance-Only (Delta L*),000160,FST_V_VI_Dark,0.2,2,0.9405940594059405,0.8878504672897196
Luminance-Only (Delta L*),000160,FST_V_VI_Dark,0.2,3,0.9375,0.8823529411764706
Luminance-Only (Delta L*),000163,FST_V_VI_Dark,0.0,0,0.7655502392344498,0.6201550387596899
Luminance-Only (Delta L*),000163,FST_V_VI_Dark,0.2,1,0.6974595842956121,0.5354609929078015
Luminance-Only (Delta L*),000163,FST_V_VI_Dark,0.2,2,0.7164179104477612,0.5581395348837209
Luminance-Only (Delta L*),000163,FST_V_VI_Dark,0.2,3,0.8030803080308031,0.6709558823529411
Luminance-Only (Delta L*),000170,FST_V_VI_Dark,0.0,0,0.9127105666156202,0.8394366197183099
Luminance-Only (Delta L*),000170,FST_V_VI_Dark,0.2,1,0.8074037018509255,0.677013422818792
Luminance-Only (Delta L*),000170,FST_V_VI_Dark,0.2,2,0.920388349514563,0.8525179856115108
Luminance-Only (Delta L*),000170,FST_V_VI_Dark,0.2,3,0.8459530026109661,0.7330316742081447
Luminance-Only (Delta L*),000171,FST_V_VI_Dark,0.0,0,0.8,0.6666666666666666
Luminance-Only (Delta L*),000171,FST_V_VI_Dark,0.2,1,0.6454545454545455,0.47651006711409394
Luminance-Only (Delta L*),000171,FST_V_VI_Dark,0.2,2,0.7348484848484849,0.5808383233532934
Luminance-Only (Delta L*),000171,FST_V_VI_Dark,0.2,3,0.7510917030567685,0.6013986013986014
Luminance-Only (Delta L*),000172,FST_V_VI_Dark,0.0,0,0.9765903600598183,0.954251672005845
Luminance-Only (Delta L*),000172,FST_V_VI_Dark,0.2,1,0.9356274750785197,0.8790413630298676
Luminance-Only (Delta L*),000172,FST_V_VI_Dark,0.2,2,0.9709541216809771,0.943547942942116
Luminance-Only (Delta L*),000172,FST_V_VI_Dark,0.2,3,0.8740309550363137,0.7762477653766247
Luminance-Only (Delta L*),000181,FST_V_VI_Dark,0.0,0,0.8333333333333334,0.7142857142857143
Luminance-Only (Delta L*),000181,FST_V_VI_Dark,0.2,1,0.7761194029850746,0.6341463414634146
Luminance-Only (Delta L*),000181,FST_V_VI_Dark,0.2,2,0.8847926267281107,0.7933884297520661
Luminance-Only (Delta L*),000181,FST_V_VI_Dark,0.2,3,0.8148148148148148,0.6875
Luminance-Only (Delta L*),000190,FST_V_VI_Dark,0.0,0,0.8731656184486373,0.7748837209302326
Luminance-Only (Delta L*),000190,FST_V_VI_Dark,0.2,1,0.7169398907103826,0.5587734241908007
Luminance-Only (Delta L*),000190,FST_V_VI_Dark,0.2,2,0.8474409448818898,0.735269000853971
Luminance-Only (Delta L*),000190,FST_V_VI_Dark,0.2,3,0.8023049645390071,0.6698741672834937
Luminance-Only (Delta L*),000192,FST_V_VI_Dark,0.0,0,0.7468581687612208,0.5959885386819485
Luminance-Only (Delta L*),000192,FST_V_VI_Dark,0.2,1,0.650088809946714,0.48157894736842105
Luminance-Only (Delta L*),000192,FST_V_VI_Dark,0.2,2,0.8248772504091653,0.7019498607242339
Luminance-Only (Delta L*),000192,FST_V_VI_Dark,0.2,3,0.7872696817420436,0.649171270718232
Luminance-Only (Delta L*),000195,FST_V_VI_Dark,0.0,0,0.8796068796068796,0.7850877192982456
Luminance-Only (Delta L*),000195,FST_V_VI_Dark,0.2,1,0.7405660377358491,0.5880149812734082
Luminance-Only (Delta L*),000195,FST_V_VI_Dark,0.2,2,0.8623024830699775,0.7579365079365079
Luminance-Only (Delta L*),000195,FST_V_VI_Dark,0.2,3,0.8530805687203792,0.743801652892562
Luminance-Only (Delta L*),000200,FST_V_VI_Dark,0.0,0,0.7930301742456438,0.6570422535211268
Luminance-Only (Delta L*),000200,FST_V_VI_Dark,0.2,1,0.6817460317460318,0.5171583383503914
Luminance-Only (Delta L*),000200,FST_V_VI_Dark,0.2,2,0.7962602259446825,0.6614886731391586
Luminance-Only (Delta L*),000200,FST_V_VI_Dark,0.2,3,0.7870036101083032,0.6488095238095238
Luminance-Only (Delta L*),000202,FST_V_VI_Dark,0.0,0,0.9411392805209584,0.8888225459756389
Luminance-Only (Delta L*),000202,FST_V_VI_Dark,0.2,1,0.8453524241895116,0.7321302550660349
Luminance-Only (Delta L*),000202,FST_V_VI_Dark,0.2,2,0.8797687861271676,0.7853457172342622
Luminance-Only (Delta L*),000202,FST_V_VI_Dark,0.2,3,0.8994778851347296,0.8173192278329152
Luminance-Only (Delta L*),000206,FST_V_VI_Dark,0.0,0,0.9512367491166078,0.9070080862533693
Luminance-Only (Delta L*),000206,FST_V_VI_Dark,0.2,1,0.8908170643528561,0.803129074315515
Luminance-Only (Delta L*),000206,FST_V_VI_Dark,0.2,2,0.9523809523809523,0.9090909090909091
Luminance-Only (Delta L*),000206,FST_V_VI_Dark,0.2,3,0.9409368635437881,0.8884615384615384
Luminance-Only (Delta L*),000207,FST_V_VI_Dark,0.0,0,0.8067226890756303,0.676056338028169
Luminance-Only (Delta L*),000207,FST_V_VI_Dark,0.2,1,0.6504065040650406,0.4819277108433735
Luminance-Only (Delta L*),000207,FST_V_VI_Dark,0.2,2,0.828125,0.7066666666666667
Luminance-Only (Delta L*),000207,FST_V_VI_Dark,0.2,3,0.8840579710144928,0.7922077922077922
Luminance-Only (Delta L*),000208,FST_V_VI_Dark,0.0,0,0.7330097087378641,0.578544061302682
Luminance-Only (Delta L*),000208,FST_V_VI_Dark,0.2,1,0.7189873417721518,0.5612648221343873
Luminance-Only (Delta L*),000208,FST_V_VI_Dark,0.2,2,0.719047619047619,0.5613382899628253
Luminance-Only (Delta L*),000208,FST_V_VI_Dark,0.2,3,0.6593886462882096,0.49185667752442996
Luminance-Only (Delta L*),000214,FST_V_VI_Dark,0.0,0,0.8057142857142857,0.6746411483253588
Luminance-Only (Delta L*),000214,FST_V_VI_Dark,0.2,1,0.77088948787062,0.6271929824561403
Luminance-Only (Delta L*),000214,FST_V_VI_Dark,0.2,2,0.8011049723756906,0.6682027649769585
Luminance-Only (Delta L*),000214,FST_V_VI_Dark,0.2,3,0.7912087912087912,0.6545454545454545
Luminance-Only (Delta L*),000215,FST_V_VI_Dark,0.0,0,0.7151515151515152,0.5566037735849056
Luminance-Only (Delta L*),000215,FST_V_VI_Dark,0.2,1,0.7428571428571429,0.5909090909090909
Luminance-Only (Delta L*),000215,FST_V_VI_Dark,0.2,2,0.7555555555555555,0.6071428571428571
Luminance-Only (Delta L*),000215,FST_V_VI_Dark,0.2,3,0.6892655367231638,0.5258620689655172
Luminance-Only (Delta L*),000216,FST_V_VI_Dark,0.0,0,0.9718554088301987,0.9452516865594188
Luminance-Only (Delta L*),000216,FST_V_VI_Dark,0.2,1,0.9162026726057907,0.8453634729000771
Luminance-Only (Delta L*),000216,FST_V_VI_Dark,0.2,2,0.9588434488147956,0.9209407055291469
Luminance-Only (Delta L*),000216,FST_V_VI_Dark,0.2,3,0.9637933256023709,0.9301168863466799
Luminance-Only (Delta L*),000226,FST_V_VI_Dark,0.0,0,0.9122807017543859,0.8387096774193549
Luminance-Only (Delta L*),000226,FST_V_VI_Dark,0.2,1,0.8409090909090909,0.7254901960784313
Luminance-Only (Delta L*),000226,FST_V_VI_Dark,0.2,2,0.906896551724138,0.8296529968454258
Luminance-Only (Delta L*),000226,FST_V_VI_Dark,0.2,3,0.9155844155844156,0.844311377245509
Luminance-Only (Delta L*),000231,FST_V_VI_Dark,0.0,0,0.8623853211009175,0.7580645161290323
Luminance-Only (Delta L*),000231,FST_V_VI_Dark,0.2,1,0.7433380084151473,0.5915178571428571
Luminance-Only (Delta L*),000231,FST_V_VI_Dark,0.2,2,0.8287581699346406,0.7075892857142857
Luminance-Only (Delta L*),000231,FST_V_VI_Dark,0.2,3,0.745049504950495,0.5936883629191322
Luminance-Only (Delta L*),000232,FST_V_VI_Dark,0.0,0,0.8988529718456726,0.8162878787878788
Luminance-Only (Delta L*),000232,FST_V_VI_Dark,0.2,1,0.9091874668082847,0.8334956183057449
Luminance-Only (Delta L*),000232,FST_V_VI_Dark,0.2,2,0.887634684453566,0.7979704797047971
Luminance-Only (Delta L*),000232,FST_V_VI_Dark,0.2,3,0.8545816733067729,0.7460869565217392
Luminance-Only (Delta L*),000233,FST_V_VI_Dark,0.0,0,0.7206851119894598,0.5633367662203913
Luminance-Only (Delta L*),000233,FST_V_VI_Dark,0.2,1,0.5639426076107299,0.39270199826238056
Luminance-Only (Delta L*),000233,FST_V_VI_Dark,0.2,2,0.7541183648566199,0.6052889324191969
Luminance-Only (Delta L*),000233,FST_V_VI_Dark,0.2,3,0.8310610551274452,0.7109533468559838
Luminance-Only (Delta L*),000239,FST_V_VI_Dark,0.0,0,0.70042194092827,0.538961038961039
Luminance-Only (Delta L*),000239,FST_V_VI_Dark,0.2,1,0.7031578947368421,0.5422077922077922
Luminance-Only (Delta L*),000239,FST_V_VI_Dark,0.2,2,0.7298969072164948,0.5746753246753247
Luminance-Only (Delta L*),000239,FST_V_VI_Dark,0.2,3,0.7605633802816901,0.6136363636363636
Luminance-Only (Delta L*),000241,FST_V_VI_Dark,0.0,0,0.8795737122557726,0.7850348763474952
Luminance-Only (Delta L*),000241,FST_V_VI_Dark,0.2,1,0.6537495514890563,0.48560767590618337
Luminance-Only (Delta L*),000241,FST_V_VI_Dark,0.2,2,0.8518391199724992,0.7419161676646706
Luminance-Only (Delta L*),000241,FST_V_VI_Dark,0.2,3,0.8279457768508863,0.7064056939501779
Luminance-Only (Delta L*),000242,FST_V_VI_Dark,0.0,0,0.2363161332462443,0.13399007480927339
Luminance-Only (Delta L*),000242,FST_V_VI_Dark,0.2,1,0.2132903374409766,0.11937604744102101
Luminance-Only (Delta L*),000242,FST_V_VI_Dark,0.2,2,0.16439683479571512,0.08956011730205278
Luminance-Only (Delta L*),000242,FST_V_VI_Dark,0.2,3,0.20236883005520123,0.11257527875499374
Luminance-Only (Delta L*),000246,FST_V_VI_Dark,0.0,0,0.9193154034229829,0.8506787330316742
Luminance-Only (Delta L*),000246,FST_V_VI_Dark,0.2,1,0.8086124401913876,0.678714859437751
Luminance-Only (Delta L*),000246,FST_V_VI_Dark,0.2,2,0.8482142857142857,0.7364341085271318
Luminance-Only (Delta L*),000246,FST_V_VI_Dark,0.2,3,0.8269230769230769,0.7049180327868853
Luminance-Only (Delta L*),000247,FST_V_VI_Dark,0.0,0,0.7970204841713222,0.6625386996904025
Luminance-Only (Delta L*),000247,FST_V_VI_Dark,0.2,1,0.8913385826771654,0.8039772727272727
Luminance-Only (Delta L*),000247,FST_V_VI_Dark,0.2,2,0.7823008849557522,0.6424418604651163
Luminance-Only (Delta L*),000247,FST_V_VI_Dark,0.2,3,0.7104795737122558,0.5509641873278237
