image_id,delta,realization_id,dice,iou,hd95
ISIC_0000000,0.0,0,0.9171,0.8469,35.0
ISIC_0000000,0.05,0,0.9173,0.8473,36.23
ISIC_0000000,0.05,1,0.9274,0.8646,34.0
ISIC_0000000,0.05,2,0.9199,0.8517,35.38
ISIC_0000000,0.1,0,0.8837,0.7916,205.48
ISIC_0000000,0.1,1,0.8792,0.7844,78.61
ISIC_0000000,0.1,2,0.8923,0.8056,65.02
ISIC_0000000,0.2,0,0.8153,0.6881,142.41
ISIC_0000000,0.2,1,0.743,0.5911,165.61
ISIC_0000000,0.2,2,0.8787,0.7836,162.46
ISIC_0000001,0.0,0,0.8979,0.8147,28.02
ISIC_0000001,0.05,0,0.9091,0.8333,18.68
ISIC_0000001,0.05,1,0.8497,0.7387,42.06
ISIC_0000001,0.05,2,0.9124,0.8388,21.38
ISIC_0000001,0.1,0,0.9109,0.8364,22.0
ISIC_0000001,0.1,1,0.9283,0.8662,17.0
ISIC_0000001,0.1,2,0.8726,0.7739,37.11
ISIC_0000001,0.2,0,0.6151,0.4442,76.59
ISIC_0000001,0.2,1,0.8204,0.6954,55.35
ISIC_0000001,0.2,2,0.7767,0.635,47.27
ISIC_0000003,0.0,0,0.9837,0.9679,11.0
ISIC_0000003,0.05,0,0.9788,0.9585,16.0
ISIC_0000003,0.05,1,0.9821,0.9648,11.7
ISIC_0000003,0.05,2,0.9753,0.9518,18.03
ISIC_0000003,0.1,0,0.8972,0.8136,51.0
ISIC_0000003,0.1,1,0.932,0.8727,64.78
ISIC_0000003,0.1,2,0.9749,0.951,18.68
ISIC_0000003,0.2,0,0.8845,0.793,108.62
ISIC_0000003,0.2,1,0.9154,0.8441,39.56
ISIC_0000003,0.2,2,0.6802,0.5153,233.2
ISIC_0000004,0.0,0,0.9509,0.9064,27.82
ISIC_0000004,0.05,0,0.9533,0.9108,33.24
ISIC_0000004,0.05,1,0.9537,0.9115,25.0
ISIC_0000004,0.05,2,0.9405,0.8876,29.15
ISIC_0000004,0.1,0,0.9434,0.8929,43.57
ISIC_0000004,0.1,1,0.9647,0.9318,23.26
ISIC_0000004,0.1,2,0.8928,0.8063,69.59
ISIC_0000004,0.2,0,0.9077,0.831,81.49
ISIC_0000004,0.2,1,0.8841,0.7923,94.19
ISIC_0000004,0.2,2,0.6153,0.4444,150.67
ISIC_0000006,0.0,0,0.9207,0.853,27.56
ISIC_0000006,0.05,0,0.9223,0.8557,28.25
ISIC_0000006,0.05,1,0.8991,0.8166,27.0
ISIC_0000006,0.05,2,0.8921,0.8051,39.08
ISIC_0000006,0.1,0,0.8483,0.7366,38.56
ISIC_0000006,0.1,1,0.8954,0.8105,39.06
ISIC_0000006,0.1,2,0.8964,0.8122,42.52
ISIC_0000006,0.2,0,0.8015,0.6688,47.21
ISIC_0000006,0.2,1,0.8375,0.7204,42.2
ISIC_0000006,0.2,2,0.7089,0.5491,51.7
ISIC_0000007,0.0,0,0.869,0.7684,24.76
ISIC_0000007,0.05,0,0.8695,0.7691,24.19
ISIC_0000007,0.05,1,0.8724,0.7737,24.11
ISIC_0000007,0.05,2,0.8709,0.7713,24.7
ISIC_0000007,0.1,0,0.8419,0.727,27.46
ISIC_0000007,0.1,1,0.8659,0.7634,25.55
ISIC_0000007,0.1,2,0.8703,0.7704,23.3
ISIC_0000007,0.2,0,0.8776,0.7819,23.35
ISIC_0000007,0.2,1,0.8708,0.7711,48.26
ISIC_0000007,0.2,2,0.8585,0.7521,48.81
ISIC_0000008,0.0,0,0.9693,0.9404,11.05
ISIC_0000008,0.05,0,0.9399,0.8866,61.91
ISIC_0000008,0.05,1,0.9452,0.8962,51.8
ISIC_0000008,0.05,2,0.9652,0.9328,29.42
ISIC_0000008,0.1,0,0.9712,0.9441,18.0
ISIC_0000008,0.1,1,0.9362,0.88,66.44
ISIC_0000008,0.1,2,0.7787,0.6376,174.41
ISIC_0000008,0.2,0,0.745,0.5936,173.56
ISIC_0000008,0.2,1,0.8839,0.792,79.49
ISIC_0000008,0.2,2,0.6308,0.4607,176.32
ISIC_0000009,0.0,0,0.9433,0.8926,32.02
ISIC_0000009,0.05,0,0.9292,0.8677,51.49
ISIC_0000009,0.05,1,0.9595,0.9221,22.83
ISIC_0000009,0.05,2,0.9084,0.8322,59.4
ISIC_0000009,0.1,0,0.9529,0.9101,27.49
ISIC_0000009,0.1,1,0.9084,0.8321,71.03
ISIC_0000009,0.1,2,0.8734,0.7752,60.07
ISIC_0000009,0.2,0,0.7877,0.6497,114.37
ISIC_0000009,0.2,1,0.8103,0.681,106.57
ISIC_0000009,0.2,2,0.8173,0.691,90.03
ISIC_0000011,0.0,0,0.9424,0.891,28.33
ISIC_0000011,0.05,0,0.9352,0.8783,27.77
ISIC_0000011,0.05,1,0.9035,0.8239,37.55
ISIC_0000011,0.05,2,0.9366,0.8807,31.58
ISIC_0000011,0.1,0,0.8875,0.7978,51.1
ISIC_0000011,0.1,1,0.88,0.7857,46.4
ISIC_0000011,0.1,2,0.8286,0.7073,83.0
ISIC_0000011,0.2,0,0.7727,0.6296,111.68
ISIC_0000011,0.2,1,0.7634,0.6173,113.6
ISIC_0000011,0.2,2,0.7553,0.6068,88.75
ISIC_0000012,0.0,0,0.9332,0.8747,14.0
ISIC_0000012,0.05,0,0.9343,0.8767,13.93
ISIC_0000012,0.05,1,0.9312,0.8713,14.81
ISIC_0000012,0.05,2,0.9317,0.8721,14.0
ISIC_0000012,0.1,0,0.8836,0.7914,24.0
ISIC_0000012,0.1,1,0.9086,0.8325,19.89
ISIC_0000012,0.1,2,0.9325,0.8735,17.26
ISIC_0000012,0.2,0,0.8017,0.669,48.75
ISIC_0000012,0.2,1,0.9218,0.8549,19.0
ISIC_0000012,0.2,2,0.7338,0.5795,67.66
ISIC_0000013,0.0,0,0.9697,0.9411,19.31
ISIC_0000013,0.05,0,0.9667,0.9355,22.2
ISIC_0000013,0.05,1,0.8875,0.7978,47.01
ISIC_0000013,0.05,2,0.9698,0.9413,21.23
ISIC_0000013,0.1,0,0.9134,0.8406,34.21
ISIC_0000013,0.1,1,0.9247,0.86,54.04
ISIC_0000013,0.1,2,0.8682,0.767,56.51
ISIC_0000013,0.2,0,0.7978,0.6636,128.74
ISIC_0000013,0.2,1,0.8156,0.6887,125.74
ISIC_0000013,0.2,2,0.7717,0.6282,111.17
ISIC_0000014,0.0,0,0.9725,0.9466,15.81
ISIC_0000014,0.05,0,0.9765,0.954,14.56
ISIC_0000014,0.05,1,0.9691,0.9401,18.6
ISIC_0000014,0.05,2,0.9602,0.9235,23.0
ISIC_0000014,0.1,0,0.877,0.7809,80.02
ISIC_0000014,0.1,1,0.878,0.7825,81.84
ISIC_0000014,0.1,2,0.9425,0.8913,27.73
ISIC_0000014,0.2,0,0.9093,0.8336,75.95
ISIC_0000014,0.2,1,0.6406,0.4713,172.03
ISIC_0000014,0.2,2,0.8375,0.7205,117.57
ISIC_0000015,0.0,0,0.9218,0.8549,43.97
ISIC_0000015,0.05,0,0.7323,0.5777,163.69
ISIC_0000015,0.05,1,0.8855,0.7945,32.25
ISIC_0000015,0.05,2,0.9068,0.8295,41.01
ISIC_0000015,0.1,0,0.9105,0.8357,44.8
ISIC_0000015,0.1,1,0.7582,0.6106,119.26
ISIC_0000015,0.1,2,0.8782,0.7828,51.55
ISIC_0000015,0.2,0,0.4993,0.3327,138.83
ISIC_0000015,0.2,1,0.8039,0.6721,77.16
ISIC_0000015,0.2,2,0.8185,0.6928,94.04
ISIC_0000016,0.0,0,0.9364,0.8804,22.41
ISIC_0000016,0.05,0,0.9297,0.8686,23.85
ISIC_0000016,0.05,1,0.9304,0.8698,30.02
ISIC_0000016,0.05,2,0.9377,0.8828,25.46
ISIC_0000016,0.1,0,0.9151,0.8435,31.38
ISIC_0000016,0.1,1,0.9315,0.8717,33.61
ISIC_0000016,0.1,2,0.9342,0.8765,29.15
ISIC_0000016,0.2,0,0.8323,0.7127,104.12
ISIC_0000016,0.2,1,0.821,0.6963,116.39
ISIC_0000016,0.2,2,0.9258,0.8619,40.23
ISIC_0000017,0.0,0,0.9433,0.8927,33.24
ISIC_0000017,0.05,0,0.8804,0.7863,88.79
ISIC_0000017,0.05,1,0.8945,0.8091,86.39
ISIC_0000017,0.05,2,0.9428,0.8918,32.01
ISIC_0000017,0.1,0,0.8966,0.8125,83.99
ISIC_0000017,0.1,1,0.8655,0.7629,85.84
ISIC_0000017,0.1,2,0.9106,0.8358,58.01
ISIC_0000017,0.2,0,0.8192,0.6937,115.0
ISIC_0000017,0.2,1,0.7916,0.6551,125.38
ISIC_0000017,0.2,2,0.787,0.6488,104.45
ISIC_0000018,0.0,0,0.9501,0.9049,45.18
ISIC_0000018,0.05,0,0.9401,0.887,52.02
ISIC_0000018,0.05,1,0.9045,0.8256,83.6
ISIC_0000018,0.05,2,0.9189,0.85,63.81
ISIC_0000018,0.1,0,0.911,0.8366,64.4
ISIC_0000018,0.1,1,0.8862,0.7957,77.41
ISIC_0000018,0.1,2,0.9118,0.838,59.68
ISIC_0000018,0.2,0,0.855,0.7468,110.02
ISIC_0000018,0.2,1,0.8896,0.8011,87.06
ISIC_0000018,0.2,2,0.8841,0.7923,100.96
ISIC_0000019,0.0,0,0.9726,0.9467,24.52
ISIC_0000019,0.05,0,0.9719,0.9454,26.13
ISIC_0000019,0.05,1,0.951,0.9066,41.11
ISIC_0000019,0.05,2,0.9624,0.9276,35.06
ISIC_0000019,0.1,0,0.9195,0.8509,88.81
ISIC_0000019,0.1,1,0.9402,0.8872,57.71
ISIC_0000019,0.1,2,0.9332,0.8748,61.4
ISIC_0000019,0.2,0,0.8527,0.7432,139.7
ISIC_0000019,0.2,1,0.9333,0.875,98.75
ISIC_0000019,0.2,2,0.8764,0.78,177.87
ISIC_0000020,0.0,0,0.9377,0.8828,45.0
ISIC_0000020,0.05,0,0.911,0.8366,57.0
ISIC_0000020,0.05,1,0.9083,0.832,52.01
ISIC_0000020,0.05,2,0.9415,0.8894,40.5
ISIC_0000020,0.1,0,0.9254,0.8612,56.0
ISIC_0000020,0.1,1,0.8916,0.8044,101.45
ISIC_0000020,0.1,2,0.9008,0.8196,95.67
ISIC_0000020,0.2,0,0.8689,0.7682,91.42
ISIC_0000020,0.2,1,0.9113,0.837,72.18
ISIC_0000020,0.2,2,0.9304,0.8699,85.64
ISIC_0000021,0.0,0,0.9387,0.8845,74.11
ISIC_0000021,0.05,0,0.9455,0.8967,54.04
ISIC_0000021,0.05,1,0.9173,0.8472,104.64
ISIC_0000021,0.05,2,0.9337,0.8757,59.0
ISIC_0000021,0.1,0,0.9496,0.9041,46.62
ISIC_0000021,0.1,1,0.9375,0.8824,71.05
ISIC_0000021,0.1,2,0.9096,0.8341,121.38
ISIC_0000021,0.2,0,0.705,0.5445,236.36
ISIC_0000021,0.2,1,0.7824,0.6426,202.04
ISIC_0000021,0.2,2,0.753,0.6039,177.81
ISIC_0000022,0.0,0,0.9498,0.9044,40.13
ISIC_0000022,0.05,0,0.9348,0.8775,54.91
ISIC_0000022,0.05,1,0.9424,0.891,50.91
ISIC_0000022,0.05,2,0.9372,0.8818,58.31
ISIC_0000022,0.1,0,0.9482,0.9015,52.17
ISIC_0000022,0.1,1,0.916,0.8449,109.56
ISIC_0000022,0.1,2,0.8988,0.8161,115.32
ISIC_0000022,0.2,0,0.7899,0.6527,150.1
ISIC_0000022,0.2,1,0.7628,0.6166,250.84
ISIC_0000022,0.2,2,0.8937,0.8078,132.72
ISIC_0000023,0.0,0,0.9374,0.8822,30.87
ISIC_0000023,0.05,0,0.9612,0.9253,24.0
ISIC_0000023,0.05,1,0.9217,0.8548,41.0
ISIC_0000023,0.05,2,0.9367,0.8809,34.17
ISIC_0000023,0.1,0,0.9307,0.8704,34.18
ISIC_0000023,0.1,1,0.9225,0.8562,43.82
ISIC_0000023,0.1,2,0.8792,0.7844,59.33
ISIC_0000023,0.2,0,0.3996,0.2497,286.75
ISIC_0000023,0.2,1,0.2623,0.1509,320.78
ISIC_0000023,0.2,2,0.8026,0.6702,125.44
ISIC_0000024,0.0,0,0.8716,0.7725,136.93
ISIC_0000024,0.05,0,0.8601,0.7546,136.0
ISIC_0000024,0.05,1,0.8562,0.7485,137.24
ISIC_0000024,0.05,2,0.8739,0.7761,134.98
ISIC_0000024,0.1,0,0.8575,0.7505,220.14
ISIC_0000024,0.1,1,0.8492,0.7379,140.87
ISIC_0000024,0.1,2,0.8359,0.7181,158.75
ISIC_0000024,0.2,0,0.8502,0.7395,163.79
ISIC_0000024,0.2,1,0.923,0.8569,74.31
ISIC_0000024,0.2,2,0.7945,0.6591,171.08
ISIC_0000025,0.0,0,0.9388,0.8846,47.39
ISIC_0000025,0.05,0,0.9365,0.8807,49.17
ISIC_0000025,0.05,1,0.9345,0.8771,51.45
ISIC_0000025,0.05,2,0.9273,0.8645,50.21
ISIC_0000025,0.1,0,0.9087,0.8327,72.64
ISIC_0000025,0.1,1,0.899,0.8165,80.13
ISIC_0000025,0.1,2,0.9091,0.8333,72.12
ISIC_0000025,0.2,0,0.863,0.759,93.62
ISIC_0000025,0.2,1,0.8394,0.7232,114.26
ISIC_0000025,0.2,2,0.8442,0.7304,129.12
ISIC_0000026,0.0,0,0.9206,0.8529,138.37
ISIC_0000026,0.05,0,0.8715,0.7722,235.2
ISIC_0000026,0.05,1,0.9301,0.8694,98.24
ISIC_0000026,0.05,2,0.9029,0.823,175.05
ISIC_0000026,0.1,0,0.7838,0.6445,309.0
ISIC_0000026,0.1,1,0.9332,0.8747,69.0
ISIC_0000026,0.1,2,0.7417,0.5895,318.82
ISIC_0000026,0.2,0,0.728,0.5724,316.43
ISIC_0000026,0.2,1,0.8114,0.6826,293.85
ISIC_0000026,0.2,2,0.8804,0.7864,236.14
ISIC_0000027,0.0,0,0.9484,0.9019,33.24
ISIC_0000027,0.05,0,0.9321,0.8729,43.29
ISIC_0000027,0.05,1,0.9446,0.895,42.0
ISIC_0000027,0.05,2,0.9464,0.8983,35.01
ISIC_0000027,0.1,0,0.9233,0.8575,45.76
ISIC_0000027,0.1,1,0.9223,0.8558,48.27
ISIC_0000027,0.1,2,0.9136,0.8409,47.29
ISIC_0000027,0.2,0,0.8318,0.712,119.09
ISIC_0000027,0.2,1,0.8217,0.6974,113.0
ISIC_0000027,0.2,2,0.8455,0.7323,102.89
ISIC_0000028,0.0,0,0.9394,0.8857,36.36
ISIC_0000028,0.05,0,0.9268,0.8635,44.72
ISIC_0000028,0.05,1,0.9528,0.9098,34.18
ISIC_0000028,0.05,2,0.9212,0.8539,46.23
ISIC_0000028,0.1,0,0.9317,0.8721,50.91
ISIC_0000028,0.1,1,0.9104,0.8356,58.31
ISIC_0000028,0.1,2,0.8848,0.7935,61.2
ISIC_0000028,0.2,0,0.8941,0.8085,103.03
ISIC_0000028,0.2,1,0.7948,0.6595,185.99
ISIC_0000028,0.2,2,0.8638,0.7603,83.93
ISIC_0000029,0.0,0,0.9828,0.9662,18.68
ISIC_0000029,0.05,0,0.9507,0.906,32.53
ISIC_0000029,0.05,1,0.9652,0.9327,37.11
ISIC_0000029,0.05,2,0.939,0.885,48.0
ISIC_0000029,0.1,0,0.9635,0.9296,39.21
ISIC_0000029,0.1,1,0.9215,0.8545,68.9
ISIC_0000029,0.1,2,0.9212,0.8539,83.14
ISIC_0000029,0.2,0,0.9454,0.8964,58.01
ISIC_0000029,0.2,1,0.903,0.8232,139.31
ISIC_0000029,0.2,2,0.8957,0.811,84.21
ISIC_0000030,0.0,0,0.9138,0.8413,133.37
ISIC_0000030,0.05,0,0.8685,0.7676,232.66
ISIC_0000030,0.05,1,0.7874,0.6493,323.24
ISIC_0000030,0.05,2,0.8293,0.7085,302.6
ISIC_0000030,0.1,0,0.8655,0.7629,115.7
ISIC_0000030,0.1,1,0.658,0.4903,290.55
ISIC_0000030,0.1,2,0.8874,0.7976,186.68
ISIC_0000030,0.2,0,0.5951,0.4236,363.59
ISIC_0000030,0.2,1,0.7942,0.6587,293.96
ISIC_0000030,0.2,2,0.547,0.3765,377.82
ISIC_0000031,0.0,0,0.9446,0.895,58.94
ISIC_0000031,0.05,0,0.9261,0.8623,65.22
ISIC_0000031,0.05,1,0.9228,0.8566,64.95
ISIC_0000031,0.05,2,0.9376,0.8826,57.81
ISIC_0000031,0.1,0,0.8779,0.7824,107.42
ISIC_0000031,0.1,1,0.9049,0.8263,164.44
ISIC_0000031,0.1,2,0.7816,0.6415,174.41
ISIC_0000031,0.2,0,0.82,0.695,233.82
ISIC_0000031,0.2,1,0.6809,0.5162,216.57
ISIC_0000031,0.2,2,0.6036,0.4323,277.0
ISIC_0000032,0.0,0,0.949,0.9029,62.73
ISIC_0000032,0.05,0,0.9282,0.8661,66.79
ISIC_0000032,0.05,1,0.9515,0.9075,62.36
ISIC_0000032,0.05,2,0.9311,0.8711,68.66
ISIC_0000032,0.1,0,0.9099,0.8346,76.16
ISIC_0000032,0.1,1,0.8888,0.7998,107.34
ISIC_0000032,0.1,2,0.9364,0.8804,91.79
ISIC_0000032,0.2,0,0.8908,0.8031,85.91
ISIC_0000032,0.2,1,0.9361,0.8799,98.97
ISIC_0000032,0.2,2,0.8953,0.8105,114.13
ISIC_0000034,0.0,0,0.945,0.8957,31.58
ISIC_0000034,0.05,0,0.9312,0.8713,43.38
ISIC_0000034,0.05,1,0.9239,0.8585,46.1
ISIC_0000034,0.05,2,0.9394,0.8857,34.0
ISIC_0000034,0.1,0,0.9017,0.821,70.0
ISIC_0000034,0.1,1,0.895,0.81,51.16
ISIC_0000034,0.1,2,0.9038,0.8244,49.25
ISIC_0000034,0.2,0,0.8287,0.7075,152.56
ISIC_0000034,0.2,1,0.7575,0.6097,197.59
ISIC_0000034,0.2,2,0.7989,0.6651,153.06
ISIC_0000035,0.0,0,0.969,0.9399,35.24
ISIC_0000035,0.05,0,0.9409,0.8884,54.74
ISIC_0000035,0.05,1,0.9611,0.9251,43.1
ISIC_0000035,0.05,2,0.9614,0.9256,36.47
ISIC_0000035,0.1,0,0.923,0.857,72.69
ISIC_0000035,0.1,1,0.9142,0.8419,97.13
ISIC_0000035,0.1,2,0.8984,0.8156,127.14
ISIC_0000035,0.2,0,0.8908,0.8031,126.65
ISIC_0000035,0.2,1,0.8056,0.6745,191.37
ISIC_0000035,0.2,2,0.7892,0.6518,279.87
ISIC_0000036,0.0,0,0.9738,0.949,29.89
ISIC_0000036,0.05,0,0.9738,0.9489,28.93
ISIC_0000036,0.05,1,0.9644,0.9313,49.37
ISIC_0000036,0.05,2,0.9664,0.9351,37.0
ISIC_0000036,0.1,0,0.955,0.9138,50.47
ISIC_0000036,0.1,1,0.9266,0.8632,145.11
ISIC_0000036,0.1,2,0.9261,0.8624,80.4
ISIC_0000036,0.2,0,0.9576,0.9186,49.21
ISIC_0000036,0.2,1,0.4733,0.31,376.76
ISIC_0000036,0.2,2,0.7607,0.6139,264.71
ISIC_0000037,0.0,0,0.965,0.9323,40.31
ISIC_0000037,0.05,0,0.9219,0.8551,82.05
ISIC_0000037,0.05,1,0.9616,0.926,42.49
ISIC_0000037,0.05,2,0.9627,0.928,46.53
ISIC_0000037,0.1,0,0.9549,0.9137,44.91
ISIC_0000037,0.1,1,0.9629,0.9284,45.1
ISIC_0000037,0.1,2,0.9287,0.8668,73.54
ISIC_0000037,0.2,0,0.7898,0.6526,217.32
ISIC_0000037,0.2,1,0.7774,0.6359,306.61
ISIC_0000037,0.2,2,0.7923,0.6561,154.24
ISIC_0000038,0.0,0,0.9715,0.9446,35.36
ISIC_0000038,0.05,0,0.9659,0.9341,40.05
ISIC_0000038,0.05,1,0.96,0.9231,77.05
ISIC_0000038,0.05,2,0.9686,0.9391,35.03
ISIC_0000038,0.1,0,0.9667,0.9356,45.0
ISIC_0000038,0.1,1,0.9418,0.8899,79.31
ISIC_0000038,0.1,2,0.9753,0.9517,29.07
ISIC_0000038,0.2,0,0.8549,0.7466,170.66
ISIC_0000038,0.2,1,0.7614,0.6148,268.81
ISIC_0000038,0.2,2,0.9692,0.9402,46.38
ISIC_0000039,0.0,0,0.9392,0.8854,33.02
ISIC_0000039,0.05,0,0.9123,0.8387,41.48
ISIC_0000039,0.05,1,0.9641,0.9308,27.78
ISIC_0000039,0.05,2,0.9069,0.8297,43.28
ISIC_0000039,0.1,0,0.9146,0.8426,74.75
ISIC_0000039,0.1,1,0.9082,0.8318,49.0
ISIC_0000039,0.1,2,0.96,0.9231,31.0
ISIC_0000039,0.2,0,0.9074,0.8306,104.01
ISIC_0000039,0.2,1,0.9084,0.8322,73.01
ISIC_0000039,0.2,2,0.9227,0.8566,70.21
ISIC_0000040,0.0,0,0.9354,0.8787,47.45
ISIC_0000040,0.05,0,0.8882,0.7989,100.64
ISIC_0000040,0.05,1,0.9086,0.8325,79.92
ISIC_0000040,0.05,2,0.9262,0.8625,48.47
ISIC_0000040,0.1,0,0.9066,0.8291,78.83
ISIC_0000040,0.1,1,0.8735,0.7754,107.59
ISIC_0000040,0.1,2,0.8944,0.809,100.01
ISIC_0000040,0.2,0,0.8948,0.8097,107.54
ISIC_0000040,0.2,1,0.6443,0.4752,294.53
ISIC_0000040,0.2,2,0.8809,0.7872,92.93
ISIC_0000041,0.0,0,0.8906,0.8028,33.62
ISIC_0000041,0.05,0,0.8902,0.8022,34.0
ISIC_0000041,0.05,1,0.8969,0.8131,34.0
ISIC_0000041,0.05,2,0.8964,0.8122,34.0
ISIC_0000041,0.1,0,0.8994,0.8172,33.12
ISIC_0000041,0.1,1,0.8845,0.7929,33.94
ISIC_0000041,0.1,2,0.9123,0.8388,32.61
ISIC_0000041,0.2,0,0.9222,0.8556,27.88
ISIC_0000041,0.2,1,0.8622,0.7578,50.99
ISIC_0000041,0.2,2,0.8189,0.6934,96.83
ISIC_0000042,0.0,0,0.9425,0.8912,58.82
ISIC_0000042,0.05,0,0.9426,0.8914,53.47
ISIC_0000042,0.05,1,0.9188,0.8498,58.86
ISIC_0000042,0.05,2,0.9347,0.8774,64.7
ISIC_0000042,0.1,0,0.8755,0.7785,93.01
ISIC_0000042,0.1,1,0.8532,0.744,137.35
ISIC_0000042,0.1,2,0.9004,0.8189,87.1
ISIC_0000042,0.2,0,0.7981,0.6641,185.01
ISIC_0000042,0.2,1,0.8069,0.6763,202.96
ISIC_0000042,0.2,2,0.6833,0.5189,178.78
ISIC_0000043,0.0,0,0.9575,0.9185,50.74
ISIC_0000043,0.05,0,0.9438,0.8937,66.79
ISIC_0000043,0.05,1,0.9611,0.9251,54.36
ISIC_0000043,0.05,2,0.9522,0.9087,61.61
ISIC_0000043,0.1,0,0.9065,0.8289,99.32
ISIC_0000043,0.1,1,0.9327,0.8738,95.27
ISIC_0000043,0.1,2,0.9454,0.8965,63.53
ISIC_0000043,0.2,0,0.7783,0.637,210.61
ISIC_0000043,0.2,1,0.7889,0.6514,315.87
ISIC_0000043,0.2,2,0.8068,0.6761,173.23
ISIC_0000044,0.0,0,0.9882,0.9766,14.21
ISIC_0000044,0.05,0,0.9822,0.9649,20.62
ISIC_0000044,0.05,1,0.9786,0.9581,43.62
ISIC_0000044,0.05,2,0.9731,0.9475,32.99
ISIC_0000044,0.1,0,0.8805,0.7865,149.87
ISIC_0000044,0.1,1,0.9123,0.8387,138.39
ISIC_0000044,0.1,2,0.8475,0.7353,133.99
ISIC_0000044,0.2,0,0.9265,0.863,136.26
ISIC_0000044,0.2,1,0.7396,0.5868,229.77
ISIC_0000044,0.2,2,0.9656,0.9335,29.21
ISIC_0000045,0.0,0,0.9648,0.9321,47.35
ISIC_0000045,0.05,0,0.9465,0.8985,60.21
ISIC_0000045,0.05,1,0.9545,0.9129,42.95
ISIC_0000045,0.05,2,0.9183,0.849,62.08
ISIC_0000045,0.1,0,0.932,0.8726,68.85
ISIC_0000045,0.1,1,0.9363,0.8802,48.02
ISIC_0000045,0.1,2,0.9339,0.8761,62.51
ISIC_0000045,0.2,0,0.8928,0.8064,113.53
ISIC_0000045,0.2,1,0.8919,0.8049,89.49
ISIC_0000045,0.2,2,0.9132,0.8403,90.2
ISIC_0000046,0.0,0,0.9492,0.9032,50.58
ISIC_0000046,0.05,0,0.9324,0.8733,62.65
ISIC_0000046,0.05,1,0.9467,0.8989,45.6
ISIC_0000046,0.05,2,0.9268,0.8635,79.64
ISIC_0000046,0.1,0,0.9435,0.8931,81.6
ISIC_0000046,0.1,1,0.8905,0.8026,98.72
ISIC_0000046,0.1,2,0.9025,0.8222,98.98
ISIC_0000046,0.2,0,0.8712,0.7719,183.8
ISIC_0000046,0.2,1,0.8844,0.7928,131.47
ISIC_0000046,0.2,2,0.9163,0.8456,98.0
ISIC_0000047,0.0,0,0.9728,0.947,25.0
ISIC_0000047,0.05,0,0.9716,0.9448,24.04
ISIC_0000047,0.05,1,0.9707,0.943,26.0
ISIC_0000047,0.05,2,0.9724,0.9463,22.93
ISIC_0000047,0.1,0,0.9439,0.8937,43.83
ISIC_0000047,0.1,1,0.951,0.9067,52.81
ISIC_0000047,0.1,2,0.9118,0.8378,86.58
ISIC_0000047,0.2,0,0.7495,0.5994,145.34
ISIC_0000047,0.2,1,0.8872,0.7972,111.8
ISIC_0000047,0.2,2,0.8718,0.7728,91.23
ISIC_0000048,0.0,0,0.9376,0.8825,35.05
ISIC_0000048,0.05,0,0.9083,0.8321,43.0
ISIC_0000048,0.05,1,0.9589,0.9211,26.41
ISIC_0000048,0.05,2,0.919,0.8501,40.51
ISIC_0000048,0.1,0,0.9034,0.8238,40.17
ISIC_0000048,0.1,1,0.8795,0.785,45.88
ISIC_0000048,0.1,2,0.9489,0.9027,36.35
ISIC_0000048,0.2,0,0.9524,0.9091,34.11
ISIC_0000048,0.2,1,0.8789,0.784,68.12
ISIC_0000048,0.2,2,0.8471,0.7347,73.54
ISIC_0000049,0.0,0,0.8904,0.8024,115.88
ISIC_0000049,0.05,0,0.888,0.7985,115.36
ISIC_0000049,0.05,1,0.9357,0.8792,91.76
ISIC_0000049,0.05,2,0.888,0.7986,116.69
ISIC_0000049,0.1,0,0.897,0.8132,109.57
ISIC_0000049,0.1,1,0.879,0.7841,109.13
ISIC_0000049,0.1,2,0.8059,0.675,228.0
ISIC_0000049,0.2,0,0.8182,0.6923,232.41
ISIC_0000049,0.2,1,0.9017,0.8211,129.85
ISIC_0000049,0.2,2,0.7272,0.5713,349.25
ISIC_0000050,0.0,0,0.9608,0.9246,29.36
ISIC_0000050,0.05,0,0.958,0.9193,35.44
ISIC_0000050,0.05,1,0.9156,0.8444,138.9
ISIC_0000050,0.05,2,0.9731,0.9476,23.67
ISIC_0000050,0.1,0,0.8901,0.8019,150.63
ISIC_0000050,0.1,1,0.896,0.8116,148.45
ISIC_0000050,0.1,2,0.9409,0.8883,67.01
ISIC_0000050,0.2,0,0.6922,0.5292,258.31
ISIC_0000050,0.2,1,0.7477,0.5971,228.38
ISIC_0000050,0.2,2,0.7774,0.6358,175.35
ISIC_0000051,0.0,0,0.9539,0.9119,53.81
ISIC_0000051,0.05,0,0.8912,0.8038,118.89
ISIC_0000051,0.05,1,0.9525,0.9093,48.96
ISIC_0000051,0.05,2,0.9007,0.8193,103.44
ISIC_0000051,0.1,0,0.8917,0.8046,119.01
ISIC_0000051,0.1,1,0.9134,0.8406,98.99
ISIC_0000051,0.1,2,0.9043,0.8252,84.17
ISIC_0000051,0.2,0,0.9209,0.8534,97.08
ISIC_0000051,0.2,1,0.9152,0.8436,82.26
ISIC_0000051,0.2,2,0.8784,0.7831,141.81
ISIC_0000052,0.0,0,0.9809,0.9625,21.56
ISIC_0000052,0.05,0,0.9916,0.9833,12.08
ISIC_0000052,0.05,1,0.9565,0.9166,36.22
ISIC_0000052,0.05,2,0.9589,0.921,86.05
ISIC_0000052,0.1,0,0.9443,0.8945,131.0
ISIC_0000052,0.1,1,0.9669,0.936,49.0
ISIC_0000052,0.1,2,0.9897,0.9797,13.93
ISIC_0000052,0.2,0,0.3974,0.248,482.55
ISIC_0000052,0.2,1,0.2625,0.1511,429.3
ISIC_0000052,0.2,2,0.8881,0.7986,190.38
ISIC_0000053,0.0,0,0.9502,0.905,51.24
ISIC_0000053,0.05,0,0.9356,0.8791,60.43
ISIC_0000053,0.05,1,0.9531,0.9103,71.0
ISIC_0000053,0.05,2,0.9664,0.935,37.01
ISIC_0000053,0.1,0,0.9491,0.9032,50.24
ISIC_0000053,0.1,1,0.9031,0.8234,91.94
ISIC_0000053,0.1,2,0.8936,0.8077,116.67
ISIC_0000053,0.2,0,0.7467,0.5958,235.45
ISIC_0000053,0.2,1,0.8941,0.8084,119.97
ISIC_0000053,0.2,2,0.8895,0.801,213.12
ISIC_0000054,0.0,0,0.9467,0.8988,45.22
ISIC_0000054,0.05,0,0.9281,0.8658,71.03
ISIC_0000054,0.05,1,0.9291,0.8677,72.11
ISIC_0000054,0.05,2,0.9391,0.8852,50.29
ISIC_0000054,0.1,0,0.9043,0.8254,60.67
ISIC_0000054,0.1,1,0.9088,0.8328,68.26
ISIC_0000054,0.1,2,0.91,0.8348,58.34
ISIC_0000054,0.2,0,0.9023,0.822,82.46
ISIC_0000054,0.2,1,0.841,0.7256,158.67
ISIC_0000054,0.2,2,0.8686,0.7678,99.92
ISIC_0000055,0.0,0,0.9715,0.9446,33.54
ISIC_0000055,0.05,0,0.9281,0.8659,78.0
ISIC_0000055,0.05,1,0.9327,0.8738,113.23
ISIC_0000055,0.05,2,0.9368,0.8811,67.84
ISIC_0000055,0.1,0,0.941,0.8886,91.6
ISIC_0000055,0.1,1,0.8507,0.7402,123.0
ISIC_0000055,0.1,2,0.8979,0.8147,93.39
ISIC_0000055,0.2,0,0.8151,0.6879,288.52
ISIC_0000055,0.2,1,0.6291,0.4589,367.7
ISIC_0000055,0.2,2,0.8762,0.7796,176.01
ISIC_0000056,0.0,0,0.9103,0.8354,84.72
ISIC_0000056,0.05,0,0.9159,0.8449,73.03
ISIC_0000056,0.05,1,0.9288,0.8671,78.55
ISIC_0000056,0.05,2,0.9203,0.8524,76.8
ISIC_0000056,0.1,0,0.9245,0.8595,86.03
ISIC_0000056,0.1,1,0.9344,0.8769,69.72
ISIC_0000056,0.1,2,0.8057,0.6746,289.72
ISIC_0000056,0.2,0,0.8803,0.7863,91.2
ISIC_0000056,0.2,1,0.8684,0.7674,223.39
ISIC_0000056,0.2,2,0.7327,0.5781,243.37
ISIC_0000057,0.0,0,0.9781,0.9572,18.03
ISIC_0000057,0.05,0,0.9654,0.9332,22.8
ISIC_0000057,0.05,1,0.9771,0.9551,19.0
ISIC_0000057,0.05,2,0.9652,0.9327,27.86
ISIC_0000057,0.1,0,0.9285,0.8665,48.76
ISIC_0000057,0.1,1,0.9013,0.8204,70.06
ISIC_0000057,0.1,2,0.9679,0.9378,27.29
ISIC_0000057,0.2,0,0.9074,0.8306,61.55
ISIC_0000057,0.2,1,0.7903,0.6533,150.01
ISIC_0000057,0.2,2,0.9389,0.8849,84.39
ISIC_0000058,0.0,0,0.9097,0.8344,82.66
ISIC_0000058,0.05,0,0.9076,0.8309,85.27
ISIC_0000058,0.05,1,0.9092,0.8335,90.19
ISIC_0000058,0.05,2,0.8906,0.8028,93.94
ISIC_0000058,0.1,0,0.8843,0.7926,96.52
ISIC_0000058,0.1,1,0.8966,0.8125,84.0
ISIC_0000058,0.1,2,0.9083,0.832,91.08
ISIC_0000058,0.2,0,0.8468,0.7343,202.83
ISIC_0000058,0.2,1,0.5556,0.3847,395.5
ISIC_0000058,0.2,2,0.8789,0.784,118.0
ISIC_0000059,0.0,0,0.9635,0.9296,45.25
ISIC_0000059,0.05,0,0.963,0.9286,42.51
ISIC_0000059,0.05,1,0.9542,0.9125,59.08
ISIC_0000059,0.05,2,0.9625,0.9277,46.85
ISIC_0000059,0.1,0,0.9483,0.9016,69.02
ISIC_0000059,0.1,1,0.8461,0.7332,141.16
ISIC_0000059,0.1,2,0.8087,0.6789,201.63
ISIC_0000059,0.2,0,0.9032,0.8235,155.35
ISIC_0000059,0.2,1,0.7789,0.6378,223.97
ISIC_0000059,0.2,2,0.7257,0.5695,270.82
ISIC_0000060,0.0,0,0.9372,0.8818,50.91
ISIC_0000060,0.05,0,0.9251,0.8607,59.82
ISIC_0000060,0.05,1,0.9421,0.8906,55.07
ISIC_0000060,0.05,2,0.9052,0.8268,78.98
ISIC_0000060,0.1,0,0.8808,0.787,186.4
ISIC_0000060,0.1,1,0.8461,0.7333,185.69
ISIC_0000060,0.1,2,0.9095,0.834,76.95
ISIC_0000060,0.2,0,0.8785,0.7834,244.31
ISIC_0000060,0.2,1,0.9192,0.8504,108.24
ISIC_0000060,0.2,2,0.8096,0.6801,218.32
ISIC_0000061,0.0,0,0.9685,0.939,34.72
ISIC_0000061,0.05,0,0.965,0.9324,36.01
ISIC_0000061,0.05,1,0.9634,0.9295,37.58
ISIC_0000061,0.05,2,0.9648,0.932,29.07
ISIC_0000061,0.1,0,0.9129,0.8398,86.31
ISIC_0000061,0.1,1,0.9331,0.8745,74.67
ISIC_0000061,0.1,2,0.9372,0.8819,66.65
ISIC_0000061,0.2,0,0.8164,0.6898,176.5
ISIC_0000061,0.2,1,0.9273,0.8645,57.0
ISIC_0000061,0.2,2,0.8605,0.7552,157.0
ISIC_0000062,0.0,0,0.9241,0.859,29.97
ISIC_0000062,0.05,0,0.913,0.84,31.78
ISIC_0000062,0.05,1,0.9171,0.8469,32.73
ISIC_0000062,0.05,2,0.931,0.8709,31.91
ISIC_0000062,0.1,0,0.9195,0.851,35.09
ISIC_0000062,0.1,1,0.9211,0.8537,33.54
ISIC_0000062,0.1,2,0.9213,0.854,38.2
ISIC_0000062,0.2,0,0.7612,0.6144,87.05
ISIC_0000062,0.2,1,0.6101,0.439,103.05
ISIC_0000062,0.2,2,0.9262,0.8625,32.0
ISIC_0000063,0.0,0,0.9763,0.9537,26.57
ISIC_0000063,0.05,0,0.9791,0.9591,23.23
ISIC_0000063,0.05,1,0.9639,0.9303,37.13
ISIC_0000063,0.05,2,0.9642,0.9309,35.36
ISIC_0000063,0.1,0,0.968,0.938,35.65
ISIC_0000063,0.1,1,0.8884,0.7992,178.49
ISIC_0000063,0.1,2,0.899,0.8166,119.4
ISIC_0000063,0.2,0,0.784,0.6448,257.01
ISIC_0000063,0.2,1,0.7949,0.6595,232.0
ISIC_0000063,0.2,2,0.9789,0.9586,22.67
ISIC_0000064,0.0,0,0.9773,0.9557,18.97
ISIC_0000064,0.05,0,0.965,0.9324,38.0
ISIC_0000064,0.05,1,0.9784,0.9577,20.52
ISIC_0000064,0.05,2,0.9701,0.9419,25.02
ISIC_0000064,0.1,0,0.953,0.9102,39.34
ISIC_0000064,0.1,1,0.94,0.8868,50.16
ISIC_0000064,0.1,2,0.949,0.903,41.44
ISIC_0000064,0.2,0,0.9592,0.9216,39.12
ISIC_0000064,0.2,1,0.7884,0.6507,180.53
ISIC_0000064,0.2,2,0.8308,0.7105,188.01
ISIC_0000065,0.0,0,0.964,0.9305,26.21
ISIC_0000065,0.05,0,0.9469,0.8992,33.54
ISIC_0000065,0.05,1,0.9556,0.915,31.3
ISIC_0000065,0.05,2,0.9442,0.8942,35.44
ISIC_0000065,0.1,0,0.9091,0.8334,44.15
ISIC_0000065,0.1,1,0.9371,0.8817,61.65
ISIC_0000065,0.1,2,0.9513,0.9072,64.68
ISIC_0000065,0.2,0,0.8492,0.7379,105.24
ISIC_0000065,0.2,1,0.8662,0.7639,175.25
ISIC_0000065,0.2,2,0.8788,0.7837,66.11
ISIC_0000066,0.0,0,0.9798,0.9603,14.87
ISIC_0000066,0.05,0,0.9734,0.9482,21.0
ISIC_0000066,0.05,1,0.9803,0.9613,15.23
ISIC_0000066,0.05,2,0.9801,0.961,15.0
ISIC_0000066,0.1,0,0.9318,0.8723,96.21
ISIC_0000066,0.1,1,0.9332,0.8748,60.0
ISIC_0000066,0.1,2,0.9279,0.8655,62.98
ISIC_0000066,0.2,0,0.8829,0.7903,116.06
ISIC_0000066,0.2,1,0.9157,0.8444,92.08
ISIC_0000066,0.2,2,0.9211,0.8537,56.57
ISIC_0000067,0.0,0,0.9488,0.9025,29.61
ISIC_0000067,0.05,0,0.9492,0.9032,27.56
ISIC_0000067,0.05,1,0.9445,0.8948,30.87
ISIC_0000067,0.05,2,0.9409,0.8885,32.33
ISIC_0000067,0.1,0,0.9465,0.8985,32.25
ISIC_0000067,0.1,1,0.9297,0.8687,46.8
ISIC_0000067,0.1,2,0.9406,0.8879,26.08
ISIC_0000067,0.2,0,0.8799,0.7855,91.08
ISIC_0000067,0.2,1,0.872,0.773,67.58
ISIC_0000067,0.2,2,0.8807,0.7868,91.25
ISIC_0000068,0.0,0,0.9831,0.9668,14.21
ISIC_0000068,0.05,0,0.9681,0.9381,20.0
ISIC_0000068,0.05,1,0.9735,0.9484,17.46
ISIC_0000068,0.05,2,0.9596,0.9224,26.0
ISIC_0000068,0.1,0,0.8932,0.807,82.44
ISIC_0000068,0.1,1,0.9513,0.9071,29.97
ISIC_0000068,0.1,2,0.56,0.3889,125.0
ISIC_0000068,0.2,0,0.9348,0.8776,31.01
ISIC_0000068,0.2,1,0.2184,0.1226,212.05
ISIC_0000068,0.2,2,0.5794,0.4078,171.94
ISIC_0000069,0.0,0,0.9576,0.9186,17.46
ISIC_0000069,0.05,0,0.9508,0.9062,21.59
ISIC_0000069,0.05,1,0.9509,0.9063,19.69
ISIC_0000069,0.05,2,0.955,0.914,23.46
ISIC_0000069,0.1,0,0.9327,0.8739,34.0
ISIC_0000069,0.1,1,0.9591,0.9213,17.03
ISIC_0000069,0.1,2,0.9458,0.8972,23.35
ISIC_0000069,0.2,0,0.7756,0.6335,98.47
ISIC_0000069,0.2,1,0.9186,0.8495,42.55
ISIC_0000069,0.2,2,0.8601,0.7545,69.12
ISIC_0000071,0.0,0,0.9097,0.8343,21.84
ISIC_0000071,0.05,0,0.8994,0.8172,31.14
ISIC_0000071,0.05,1,0.923,0.857,20.25
ISIC_0000071,0.05,2,0.905,0.8265,19.0
ISIC_0000071,0.1,0,0.8809,0.7872,37.49
ISIC_0000071,0.1,1,0.841,0.7257,58.31
ISIC_0000071,0.1,2,0.8659,0.7636,39.17
ISIC_0000071,0.2,0,0.6258,0.4553,81.47
ISIC_0000071,0.2,1,0.9277,0.8652,28.33
ISIC_0000071,0.2,2,0.7172,0.5591,68.0
ISIC_0000072,0.0,0,0.8814,0.788,31.14
ISIC_0000072,0.05,0,0.8721,0.7732,32.02
ISIC_0000072,0.05,1,0.8938,0.808,31.11
ISIC_0000072,0.05,2,0.8833,0.791,31.26
ISIC_0000072,0.1,0,0.8695,0.7692,43.42
ISIC_0000072,0.1,1,0.8663,0.7642,47.0
ISIC_0000072,0.1,2,0.7913,0.6547,67.89
ISIC_0000072,0.2,0,0.7716,0.6281,82.75
ISIC_0000072,0.2,1,0.5547,0.3838,86.42
ISIC_0000072,0.2,2,0.721,0.5637,69.05
ISIC_0000073,0.0,0,0.9598,0.9226,18.38
ISIC_0000073,0.05,0,0.9519,0.9081,28.0
ISIC_0000073,0.05,1,0.9751,0.9514,27.0
ISIC_0000073,0.05,2,0.9686,0.9392,17.97
ISIC_0000073,0.1,0,0.9573,0.9181,32.31
ISIC_0000073,0.1,1,0.9103,0.8354,41.98
ISIC_0000073,0.1,2,0.9213,0.8541,45.0
ISIC_0000073,0.2,0,0.8724,0.7737,66.99
ISIC_0000073,0.2,1,0.8631,0.7591,121.61
ISIC_0000073,0.2,2,0.8966,0.8126,63.0
ISIC_0000074,0.0,0,0.8981,0.8151,60.53
ISIC_0000074,0.05,0,0.8724,0.7736,101.05
ISIC_0000074,0.05,1,0.9102,0.8351,52.24
ISIC_0000074,0.05,2,0.8637,0.7601,175.89
ISIC_0000074,0.1,0,0.9022,0.8219,52.58
ISIC_0000074,0.1,1,0.8199,0.6948,239.78
ISIC_0000074,0.1,2,0.9039,0.8247,66.24
ISIC_0000074,0.2,0,0.7344,0.5803,231.26
ISIC_0000074,0.2,1,0.8351,0.7169,249.69
ISIC_0000074,0.2,2,0.8145,0.687,110.65
ISIC_0000075,0.0,0,0.9908,0.9817,8.25
ISIC_0000075,0.05,0,0.9565,0.9166,54.12
ISIC_0000075,0.05,1,0.9847,0.9699,20.25
ISIC_0000075,0.05,2,0.9811,0.963,39.0
ISIC_0000075,0.1,0,0.8266,0.7045,125.73
ISIC_0000075,0.1,1,0.9137,0.8411,128.0
ISIC_0000075,0.1,2,0.8023,0.6698,165.05
ISIC_0000075,0.2,0,0.9846,0.9696,149.76
ISIC_0000075,0.2,1,0.311,0.1842,260.24
ISIC_0000075,0.2,2,0.5094,0.3417,277.63
ISIC_0000077,0.0,0,0.9008,0.8194,80.95
ISIC_0000077,0.05,0,0.8924,0.8057,90.7
ISIC_0000077,0.05,1,0.9293,0.868,73.01
ISIC_0000077,0.05,2,0.8757,0.779,92.72
ISIC_0000077,0.1,0,0.7785,0.6373,148.67
ISIC_0000077,0.1,1,0.8986,0.8159,91.9
ISIC_0000077,0.1,2,0.907,0.8298,96.17
ISIC_0000077,0.2,0,0.8804,0.7863,93.12
ISIC_0000077,0.2,1,0.7663,0.6211,220.55
ISIC_0000077,0.2,2,0.7878,0.6498,190.51
ISIC_0000078,0.0,0,0.9725,0.9466,16.49
ISIC_0000078,0.05,0,0.9633,0.9292,18.6
ISIC_0000078,0.05,1,0.9333,0.875,29.02
ISIC_0000078,0.05,2,0.9647,0.9318,18.68
ISIC_0000078,0.1,0,0.9099,0.8348,51.62
ISIC_0000078,0.1,1,0.9242,0.859,41.73
ISIC_0000078,0.1,2,0.9518,0.908,25.0
ISIC_0000078,0.2,0,0.7801,0.6395,88.88
ISIC_0000078,0.2,1,0.8958,0.8112,66.12
ISIC_0000078,0.2,2,0.7474,0.5966,91.15
ISIC_0000079,0.0,0,0.9287,0.8669,27.2
ISIC_0000079,0.05,0,0.9276,0.8649,27.54
ISIC_0000079,0.05,1,0.9163,0.8455,32.16
ISIC_0000079,0.05,2,0.9119,0.8381,25.5
ISIC_0000079,0.1,0,0.8572,0.7501,68.07
ISIC_0000079,0.1,1,0.8924,0.8058,39.2
ISIC_0000079,0.1,2,0.9161,0.8451,31.38
ISIC_0000079,0.2,0,0.7281,0.5724,99.49
ISIC_0000079,0.2,1,0.8668,0.765,43.44
ISIC_0000079,0.2,2,0.8535,0.7445,70.02
ISIC_0000080,0.0,0,0.9277,0.8651,79.2
ISIC_0000080,0.05,0,0.9353,0.8785,76.06
ISIC_0000080,0.05,1,0.9588,0.9208,40.04
ISIC_0000080,0.05,2,0.9163,0.8455,101.79
ISIC_0000080,0.1,0,0.9398,0.8864,73.91
ISIC_0000080,0.1,1,0.9327,0.8739,68.69
ISIC_0000080,0.1,2,0.9124,0.8389,71.57
ISIC_0000080,0.2,0,0.7721,0.6288,268.97
ISIC_0000080,0.2,1,0.8458,0.7328,130.98
ISIC_0000080,0.2,2,0.8046,0.673,189.13
ISIC_0000081,0.0,0,0.943,0.8921,40.31
ISIC_0000081,0.05,0,0.9433,0.8927,41.12
ISIC_0000081,0.05,1,0.9426,0.8914,42.43
ISIC_0000081,0.05,2,0.9361,0.8798,46.97
ISIC_0000081,0.1,0,0.8913,0.804,83.17
ISIC_0000081,0.1,1,0.8723,0.7735,78.77
ISIC_0000081,0.1,2,0.9299,0.8691,41.76
ISIC_0000081,0.2,0,0.7931,0.6571,138.62
ISIC_0000081,0.2,1,0.7626,0.6163,154.42
ISIC_0000081,0.2,2,0.8193,0.6939,143.67
ISIC_0000082,0.0,0,0.9368,0.8811,73.4
ISIC_0000082,0.05,0,0.9252,0.8609,75.91
ISIC_0000082,0.05,1,0.7267,0.5707,250.36
ISIC_0000082,0.05,2,0.7461,0.595,273.5
ISIC_0000082,0.1,0,0.6849,0.5208,326.43
ISIC_0000082,0.1,1,0.7819,0.6419,279.15
ISIC_0000082,0.1,2,0.7712,0.6276,322.4
ISIC_0000082,0.2,0,0.843,0.7286,191.45
ISIC_0000082,0.2,1,0.7749,0.6325,188.78
ISIC_0000082,0.2,2,0.8443,0.7306,138.53
ISIC_0000085,0.0,0,0.9139,0.8415,67.68
ISIC_0000085,0.05,0,0.9105,0.8357,79.2
ISIC_0000085,0.05,1,0.9203,0.8523,66.42
ISIC_0000085,0.05,2,0.9088,0.8328,81.32
ISIC_0000085,0.1,0,0.9159,0.8448,73.45
ISIC_0000085,0.1,1,0.9073,0.8303,81.61
ISIC_0000085,0.1,2,0.9186,0.8494,74.19
ISIC_0000085,0.2,0,0.8886,0.7995,113.63
ISIC_0000085,0.2,1,0.7801,0.6394,168.27
ISIC_0000085,0.2,2,0.8449,0.7315,128.89
ISIC_0000086,0.0,0,0.9766,0.9542,27.0
ISIC_0000086,0.05,0,0.9484,0.902,165.49
ISIC_0000086,0.05,1,0.9752,0.9516,29.83
ISIC_0000086,0.05,2,0.9588,0.9208,67.92
ISIC_0000086,0.1,0,0.9007,0.8194,191.37
ISIC_0000086,0.1,1,0.9046,0.8258,138.6
ISIC_0000086,0.1,2,0.8447,0.7312,292.07
ISIC_0000086,0.2,0,0.9121,0.8385,195.5
ISIC_0000086,0.2,1,0.7922,0.6559,213.0
ISIC_0000086,0.2,2,0.79,0.6528,348.9
ISIC_0000087,0.0,0,0.9739,0.9491,38.08
ISIC_0000087,0.05,0,0.9613,0.9255,109.28
ISIC_0000087,0.05,1,0.9386,0.8844,124.0
ISIC_0000087,0.05,2,0.9432,0.8926,78.03
ISIC_0000087,0.1,0,0.947,0.8993,120.0
ISIC_0000087,0.1,1,0.9502,0.9051,117.96
ISIC_0000087,0.1,2,0.9509,0.9064,72.01
ISIC_0000087,0.2,0,0.8894,0.8009,237.0
ISIC_0000087,0.2,1,0.9498,0.9044,61.16
ISIC_0000087,0.2,2,0.8556,0.7476,205.16
ISIC_0000088,0.0,0,0.934,0.8762,68.88
ISIC_0000088,0.05,0,0.9227,0.8566,73.74
ISIC_0000088,0.05,1,0.9222,0.8556,73.57
ISIC_0000088,0.05,2,0.9248,0.8602,76.92
ISIC_0000088,0.1,0,0.8551,0.7469,176.54
ISIC_0000088,0.1,1,0.8693,0.7688,99.78
ISIC_0000088,0.1,2,0.9101,0.835,98.28
ISIC_0000088,0.2,0,0.9506,0.9058,48.0
ISIC_0000088,0.2,1,0.7366,0.583,268.59
ISIC_0000088,0.2,2,0.9191,0.8503,73.24
ISIC_0000089,0.0,0,0.9134,0.8406,53.18
ISIC_0000089,0.05,0,0.9089,0.833,55.95
ISIC_0000089,0.05,1,0.8865,0.7962,68.74
ISIC_0000089,0.05,2,0.8978,0.8146,62.75
ISIC_0000089,0.1,0,0.893,0.8067,68.0
ISIC_0000089,0.1,1,0.8686,0.7677,82.0
ISIC_0000089,0.1,2,0.8443,0.7306,89.0
ISIC_0000089,0.2,0,0.7578,0.6101,183.14
ISIC_0000089,0.2,1,0.8444,0.7307,115.55
ISIC_0000089,0.2,2,0.8567,0.7493,87.41
ISIC_0000091,0.0,0,0.9271,0.864,44.7
ISIC_0000091,0.05,0,0.9234,0.8578,45.24
ISIC_0000091,0.05,1,0.8947,0.8094,70.15
ISIC_0000091,0.05,2,0.9282,0.8661,42.5
ISIC_0000091,0.1,0,0.8697,0.7694,63.2
ISIC_0000091,0.1,1,0.8171,0.6908,108.18
ISIC_0000091,0.1,2,0.8935,0.8075,63.81
ISIC_0000091,0.2,0,0.865,0.7621,113.09
ISIC_0000091,0.2,1,0.7642,0.6184,164.22
ISIC_0000091,0.2,2,0.7516,0.602,135.34
ISIC_0000092,0.0,0,0.9654,0.9332,21.04
ISIC_0000092,0.05,0,0.9523,0.9089,32.51
ISIC_0000092,0.05,1,0.9517,0.9079,28.6
ISIC_0000092,0.05,2,0.9576,0.9187,28.0
ISIC_0000092,0.1,0,0.9249,0.8603,60.84
ISIC_0000092,0.1,1,0.9397,0.8863,46.66
ISIC_0000092,0.1,2,0.934,0.8762,52.38
ISIC_0000092,0.2,0,0.7052,0.5446,163.08
ISIC_0000092,0.2,1,0.9428,0.8919,33.12
ISIC_0000092,0.2,2,0.9649,0.9322,21.0
ISIC_0000093,0.0,0,0.9634,0.9294,33.54
ISIC_0000093,0.05,0,0.9574,0.9183,31.24
ISIC_0000093,0.05,1,0.9551,0.914,34.0
ISIC_0000093,0.05,2,0.9217,0.8549,49.35
ISIC_0000093,0.1,0,0.8815,0.7881,89.68
ISIC_0000093,0.1,1,0.9489,0.9028,33.24
ISIC_0000093,0.1,2,0.9472,0.8997,46.04
ISIC_0000093,0.2,0,0.9049,0.8263,112.08
ISIC_0000093,0.2,1,0.9076,0.8308,85.0
ISIC_0000093,0.2,2,0.7884,0.6507,128.53
ISIC_0000094,0.0,0,0.9657,0.9338,19.23
ISIC_0000094,0.05,0,0.9594,0.922,23.01
ISIC_0000094,0.05,1,0.9509,0.9063,25.94
ISIC_0000094,0.05,2,0.9634,0.9294,23.08
ISIC_0000094,0.1,0,0.8346,0.7162,101.39
ISIC_0000094,0.1,1,0.953,0.9103,37.52
ISIC_0000094,0.1,2,0.9038,0.8245,79.1
ISIC_0000094,0.2,0,0.7788,0.6378,102.24
ISIC_0000094,0.2,1,0.798,0.6639,115.99
ISIC_0000094,0.2,2,0.854,0.7452,109.33
ISIC_0000095,0.0,0,0.9063,0.8286,45.64
ISIC_0000095,0.05,0,0.9043,0.8254,49.25
ISIC_0000095,0.05,1,0.8963,0.8121,46.0
ISIC_0000095,0.05,2,0.9332,0.8748,39.99
ISIC_0000095,0.1,0,0.8724,0.7737,57.0
ISIC_0000095,0.1,1,0.9047,0.826,53.23
ISIC_0000095,0.1,2,0.8349,0.7165,65.0
ISIC_0000095,0.2,0,0.8812,0.7876,73.15
ISIC_0000095,0.2,1,0.7368,0.5832,163.99
ISIC_0000095,0.2,2,0.8908,0.8031,55.54
ISIC_0000096,0.0,0,0.8922,0.8054,107.09
ISIC_0000096,0.05,0,0.903,0.8231,94.0
ISIC_0000096,0.05,1,0.876,0.7794,118.34
ISIC_0000096,0.05,2,0.8294,0.7085,171.96
ISIC_0000096,0.1,0,0.8256,0.703,193.04
ISIC_0000096,0.1,1,0.8138,0.6861,189.2
ISIC_0000096,0.1,2,0.8157,0.6888,232.44
ISIC_0000096,0.2,0,0.8735,0.7754,154.15
ISIC_0000096,0.2,1,0.8106,0.6815,187.78
ISIC_0000096,0.2,2,0.8415,0.7263,188.0
ISIC_0000097,0.0,0,0.8339,0.7151,164.4
ISIC_0000097,0.05,0,0.8119,0.6833,170.38
ISIC_0000097,0.05,1,0.8032,0.6711,194.16
ISIC_0000097,0.05,2,0.816,0.6891,180.64
ISIC_0000097,0.1,0,0.7649,0.6193,197.33
ISIC_0000097,0.1,1,0.7405,0.588,294.91
ISIC_0000097,0.1,2,0.7673,0.6224,207.28
ISIC_0000097,0.2,0,0.7394,0.5866,240.52
ISIC_0000097,0.2,1,0.78,0.6394,219.57
ISIC_0000097,0.2,2,0.7014,0.5401,301.52
ISIC_0000098,0.0,0,0.955,0.9139,13.93
ISIC_0000098,0.05,0,0.9715,0.9447,8.54
ISIC_0000098,0.05,1,0.9094,0.8338,39.42
ISIC_0000098,0.05,2,0.9521,0.9086,16.57
ISIC_0000098,0.1,0,0.9596,0.9224,16.76
ISIC_0000098,0.1,1,0.9242,0.8591,33.0
ISIC_0000098,0.1,2,0.7785,0.6373,72.02
ISIC_0000098,0.2,0,0.7671,0.6221,59.03
ISIC_0000098,0.2,1,0.5977,0.4262,97.63
ISIC_0000098,0.2,2,0.9269,0.8637,23.85
ISIC_0000099,0.0,0,0.9219,0.8551,148.56
ISIC_0000099,0.05,0,0.9088,0.8328,117.4
ISIC_0000099,0.05,1,0.9157,0.8445,170.21
ISIC_0000099,0.05,2,0.917,0.8467,128.04
ISIC_0000099,0.1,0,0.9034,0.8239,178.57
ISIC_0000099,0.1,1,0.9263,0.8627,130.89
ISIC_0000099,0.1,2,0.919,0.8502,162.26
ISIC_0000099,0.2,0,0.6435,0.4744,377.52
ISIC_0000099,0.2,1,0.9192,0.8505,176.7
ISIC_0000099,0.2,2,0.7458,0.5947,422.4
ISIC_0000100,0.0,0,0.9292,0.8678,83.2
ISIC_0000100,0.05,0,0.9414,0.8893,77.08
ISIC_0000100,0.05,1,0.9312,0.8712,113.82
ISIC_0000100,0.05,2,0.9464,0.8982,69.78
ISIC_0000100,0.1,0,0.9011,0.8201,161.97
ISIC_0000100,0.1,1,0.9045,0.8257,136.85
ISIC_0000100,0.1,2,0.9354,0.8787,83.01
ISIC_0000100,0.2,0,0.931,0.871,130.85
ISIC_0000100,0.2,1,0.9382,0.8836,99.67
ISIC_0000100,0.2,2,0.8954,0.8107,157.41
ISIC_0000101,0.0,0,0.985,0.9705,30.06
ISIC_0000101,0.05,0,0.9779,0.9568,50.45
ISIC_0000101,0.05,1,0.9807,0.9622,43.83
ISIC_0000101,0.05,2,0.9622,0.9272,62.97
ISIC_0000101,0.1,0,0.9335,0.8753,116.0
ISIC_0000101,0.1,1,0.9816,0.9639,45.88
ISIC_0000101,0.1,2,0.9708,0.9433,51.88
ISIC_0000101,0.2,0,0.8733,0.775,210.46
ISIC_0000101,0.2,1,0.865,0.7622,246.86
ISIC_0000101,0.2,2,0.8145,0.6871,399.28
ISIC_0000102,0.0,0,0.895,0.81,32.57
ISIC_0000102,0.05,0,0.9019,0.8213,31.76
ISIC_0000102,0.05,1,0.8739,0.7761,40.45
ISIC_0000102,0.05,2,0.9007,0.8194,27.89
ISIC_0000102,0.1,0,0.8677,0.7664,37.48
ISIC_0000102,0.1,1,0.8766,0.7803,40.51
ISIC_0000102,0.1,2,0.9225,0.8561,23.19
ISIC_0000102,0.2,0,0.8495,0.7384,63.0
ISIC_0000102,0.2,1,0.7979,0.6638,75.51
ISIC_0000102,0.2,2,0.918,0.8485,30.23
ISIC_0000103,0.0,0,0.9752,0.9516,44.2
ISIC_0000103,0.05,0,0.9651,0.9325,60.35
ISIC_0000103,0.05,1,0.9713,0.9443,54.78
ISIC_0000103,0.05,2,0.9727,0.9468,44.01
ISIC_0000103,0.1,0,0.936,0.8797,125.9
ISIC_0000103,0.1,1,0.9382,0.8837,184.53
ISIC_0000103,0.1,2,0.8692,0.7686,198.34
ISIC_0000103,0.2,0,0.7033,0.5424,460.64
ISIC_0000103,0.2,1,0.8336,0.7147,278.18
ISIC_0000103,0.2,2,0.9187,0.8497,167.14
ISIC_0000104,0.0,0,0.9612,0.9252,58.25
ISIC_0000104,0.05,0,0.957,0.9176,64.33
ISIC_0000104,0.05,1,0.9453,0.8963,76.0
ISIC_0000104,0.05,2,0.9373,0.8819,64.28
ISIC_0000104,0.1,0,0.9654,0.9332,60.83
ISIC_0000104,0.1,1,0.962,0.9268,60.41
ISIC_0000104,0.1,2,0.9308,0.8706,74.97
ISIC_0000104,0.2,0,0.9272,0.8643,145.41
ISIC_0000104,0.2,1,0.8126,0.6843,232.98
ISIC_0000104,0.2,2,0.8759,0.7792,107.02
ISIC_0000105,0.0,0,0.8625,0.7582,83.19
ISIC_0000105,0.05,0,0.8729,0.7744,85.81
ISIC_0000105,0.05,1,0.8584,0.752,83.17
ISIC_0000105,0.05,2,0.8641,0.7607,83.45
ISIC_0000105,0.1,0,0.8527,0.7432,94.37
ISIC_0000105,0.1,1,0.8435,0.7293,86.45
ISIC_0000105,0.1,2,0.7682,0.6237,121.12
ISIC_0000105,0.2,0,0.8388,0.7224,104.04
ISIC_0000105,0.2,1,0.7414,0.5891,156.73
ISIC_0000105,0.2,2,0.8504,0.7398,93.98
ISIC_0000107,0.0,0,0.8858,0.7951,125.68
ISIC_0000107,0.05,0,0.8735,0.7754,145.69
ISIC_0000107,0.05,1,0.8773,0.7814,133.45
ISIC_0000107,0.05,2,0.869,0.7683,153.05
ISIC_0000107,0.1,0,0.8638,0.7602,139.23
ISIC_0000107,0.1,1,0.8691,0.7686,126.74
ISIC_0000107,0.1,2,0.904,0.8249,77.93
ISIC_0000107,0.2,0,0.7483,0.5978,224.59
ISIC_0000107,0.2,1,0.7723,0.629,227.4
ISIC_0000107,0.2,2,0.8296,0.7088,166.54
ISIC_0000108,0.0,0,0.9505,0.9057,51.99
ISIC_0000108,0.05,0,0.9416,0.8896,54.41
ISIC_0000108,0.05,1,0.9248,0.8601,62.36
ISIC_0000108,0.05,2,0.9548,0.9135,46.87
ISIC_0000108,0.1,0,0.9248,0.8601,117.39
ISIC_0000108,0.1,1,0.878,0.7826,98.6
ISIC_0000108,0.1,2,0.9218,0.8549,85.6
ISIC_0000108,0.2,0,0.8464,0.7336,119.1
ISIC_0000108,0.2,1,0.8802,0.786,96.52
ISIC_0000108,0.2,2,0.7259,0.5697,172.29
ISIC_0000109,0.0,0,0.8802,0.786,281.78
ISIC_0000109,0.05,0,0.8993,0.817,246.44
ISIC_0000109,0.05,1,0.8404,0.7247,242.27
ISIC_0000109,0.05,2,0.8881,0.7987,282.19
ISIC_0000109,0.1,0,0.7865,0.6482,277.87
ISIC_0000109,0.1,1,0.8557,0.7478,263.08
ISIC_0000109,0.1,2,0.8444,0.7308,279.82
ISIC_0000109,0.2,0,0.7821,0.6421,284.21
ISIC_0000109,0.2,1,0.8009,0.6679,312.69
ISIC_0000109,0.2,2,0.6698,0.5035,302.33
ISIC_0000110,0.0,0,0.8825,0.7897,60.73
ISIC_0000110,0.05,0,0.9387,0.8845,45.28
ISIC_0000110,0.05,1,0.8552,0.747,66.71
ISIC_0000110,0.05,2,0.8899,0.8017,62.65
ISIC_0000110,0.1,0,0.8199,0.6948,87.46
ISIC_0000110,0.1,1,0.8086,0.6788,101.25
ISIC_0000110,0.1,2,0.9036,0.8242,50.45
ISIC_0000110,0.2,0,0.8994,0.8172,55.66
ISIC_0000110,0.2,1,0.8602,0.7546,97.62
ISIC_0000110,0.2,2,0.5834,0.4119,230.59
ISIC_0000111,0.0,0,0.9735,0.9484,43.93
ISIC_0000111,0.05,0,0.9552,0.9143,64.77
ISIC_0000111,0.05,1,0.9681,0.9382,52.77
ISIC_0000111,0.05,2,0.9398,0.8864,103.03
ISIC_0000111,0.1,0,0.9589,0.921,117.02
ISIC_0000111,0.1,1,0.9668,0.9358,58.0
ISIC_0000111,0.1,2,0.913,0.84,157.0
ISIC_0000111,0.2,0,0.872,0.773,443.91
ISIC_0000111,0.2,1,0.8824,0.7896,342.23
ISIC_0000111,0.2,2,0.8139,0.6863,321.48
ISIC_0000112,0.0,0,0.9192,0.8505,65.79
ISIC_0000112,0.05,0,0.8845,0.7929,100.64
ISIC_0000112,0.05,1,0.8957,0.8111,94.97
ISIC_0000112,0.05,2,0.8936,0.8077,91.22
ISIC_0000112,0.1,0,0.8762,0.7797,89.1
ISIC_0000112,0.1,1,0.9325,0.8736,79.54
ISIC_0000112,0.1,2,0.9209,0.8534,79.23
ISIC_0000112,0.2,0,0.8052,0.6739,202.67
ISIC_0000112,0.2,1,0.8388,0.7224,130.25
ISIC_0000112,0.2,2,0.8686,0.7677,107.51
ISIC_0000113,0.0,0,0.9271,0.8641,111.62
ISIC_0000113,0.05,0,0.9372,0.8818,106.23
ISIC_0000113,0.05,1,0.8891,0.8004,131.86
ISIC_0000113,0.05,2,0.9058,0.8278,131.37
ISIC_0000113,0.1,0,0.9108,0.8362,98.0
ISIC_0000113,0.1,1,0.8974,0.8139,125.1
ISIC_0000113,0.1,2,0.814,0.6863,192.35
ISIC_0000113,0.2,0,0.739,0.586,214.31
ISIC_0000113,0.2,1,0.8256,0.703,255.16
ISIC_0000113,0.2,2,0.8378,0.7209,179.94
ISIC_0000115,0.0,0,0.886,0.7953,80.06
ISIC_0000115,0.05,0,0.885,0.7937,82.26
ISIC_0000115,0.05,1,0.8734,0.7752,84.53
ISIC_0000115,0.05,2,0.8828,0.7902,77.17
ISIC_0000115,0.1,0,0.8693,0.7689,115.0
ISIC_0000115,0.1,1,0.8622,0.7578,184.0
ISIC_0000115,0.1,2,0.8933,0.8072,78.03
ISIC_0000115,0.2,0,0.8867,0.7965,157.79
ISIC_0000115,0.2,1,0.831,0.7109,156.42
ISIC_0000115,0.2,2,0.8018,0.6692,176.43
ISIC_0000116,0.0,0,0.8969,0.8131,151.77
ISIC_0000116,0.05,0,0.9061,0.8283,177.01
ISIC_0000116,0.05,1,0.8461,0.7333,219.99
ISIC_0000116,0.05,2,0.8126,0.6844,293.92
ISIC_0000116,0.1,0,0.8494,0.7383,169.82
ISIC_0000116,0.1,1,0.7897,0.6524,339.25
ISIC_0000116,0.1,2,0.8051,0.6738,228.73
ISIC_0000116,0.2,0,0.8329,0.7137,189.44
ISIC_0000116,0.2,1,0.8053,0.674,259.06
ISIC_0000116,0.2,2,0.8441,0.7302,252.63
ISIC_0000117,0.0,0,0.927,0.864,56.71
ISIC_0000117,0.05,0,0.9254,0.8612,57.88
ISIC_0000117,0.05,1,0.927,0.8639,58.52
ISIC_0000117,0.05,2,0.9173,0.8473,61.0
ISIC_0000117,0.1,0,0.9047,0.826,122.06
ISIC_0000117,0.1,1,0.8922,0.8054,95.29
ISIC_0000117,0.1,2,0.945,0.8957,80.87
ISIC_0000117,0.2,0,0.6539,0.4857,334.06
ISIC_0000117,0.2,1,0.7393,0.5864,214.03
ISIC_0000117,0.2,2,0.7775,0.636,242.0
ISIC_0000119,0.0,0,0.94,0.8867,49.03
ISIC_0000119,0.05,0,0.9371,0.8816,59.5
ISIC_0000119,0.05,1,0.9267,0.8634,54.0
ISIC_0000119,0.05,2,0.9395,0.8859,43.66
ISIC_0000119,0.1,0,0.91,0.8348,73.82
ISIC_0000119,0.1,1,0.881,0.7873,92.12
ISIC_0000119,0.1,2,0.8842,0.7925,95.62
ISIC_0000119,0.2,0,0.7754,0.6332,167.39
ISIC_0000119,0.2,1,0.8024,0.67,225.83
ISIC_0000119,0.2,2,0.7891,0.6517,142.22
ISIC_0000120,0.0,0,0.9809,0.9626,29.53
ISIC_0000120,0.05,0,0.9802,0.9611,30.0
ISIC_0000120,0.05,1,0.9722,0.946,35.0
ISIC_0000120,0.05,2,0.9791,0.9591,34.0
ISIC_0000120,0.1,0,0.9387,0.8844,128.76
ISIC_0000120,0.1,1,0.8922,0.8054,261.52
ISIC_0000120,0.1,2,0.9665,0.9352,40.73
ISIC_0000120,0.2,0,0.7513,0.6016,309.86
ISIC_0000120,0.2,1,0.7269,0.571,376.63
ISIC_0000120,0.2,2,0.4781,0.3141,432.14
ISIC_0000121,0.0,0,0.9726,0.9467,37.34
ISIC_0000121,0.05,0,0.9524,0.9091,63.0
ISIC_0000121,0.05,1,0.9767,0.9544,29.83
ISIC_0000121,0.05,2,0.9433,0.8927,71.84
ISIC_0000121,0.1,0,0.9374,0.8822,77.08
ISIC_0000121,0.1,1,0.9356,0.8791,88.84
ISIC_0000121,0.1,2,0.9617,0.9262,72.06
ISIC_0000121,0.2,0,0.6917,0.5287,395.48
ISIC_0000121,0.2,1,0.8893,0.8007,198.19
ISIC_0000121,0.2,2,0.7597,0.6125,253.05
ISIC_0000122,0.0,0,0.9247,0.8599,114.36
ISIC_0000122,0.05,0,0.9244,0.8594,103.0
ISIC_0000122,0.05,1,0.9431,0.8924,88.51
ISIC_0000122,0.05,2,0.9035,0.8239,117.78
ISIC_0000122,0.1,0,0.9225,0.8561,97.74
ISIC_0000122,0.1,1,0.8813,0.7877,156.73
ISIC_0000122,0.1,2,0.8754,0.7784,144.54
ISIC_0000122,0.2,0,0.8054,0.6742,298.0
ISIC_0000122,0.2,1,0.8785,0.7834,222.12
ISIC_0000122,0.2,2,0.7469,0.5961,317.55
ISIC_0000123,0.0,0,0.9754,0.9519,21.1
ISIC_0000123,0.05,0,0.9541,0.9122,53.46
ISIC_0000123,0.05,1,0.9573,0.918,54.79
ISIC_0000123,0.05,2,0.9439,0.8937,66.99
ISIC_0000123,0.1,0,0.9021,0.8216,106.3
ISIC_0000123,0.1,1,0.9341,0.8764,59.39
ISIC_0000123,0.1,2,0.9615,0.9258,49.65
ISIC_0000123,0.2,0,0.9589,0.921,54.57
ISIC_0000123,0.2,1,0.7496,0.5995,230.9
ISIC_0000123,0.2,2,0.5397,0.3695,280.34
ISIC_0000124,0.0,0,0.971,0.9437,41.01
ISIC_0000124,0.05,0,0.9644,0.9313,49.0
ISIC_0000124,0.05,1,0.9628,0.9283,45.45
ISIC_0000124,0.05,2,0.9715,0.9445,38.01
ISIC_0000124,0.1,0,0.9475,0.9002,70.34
ISIC_0000124,0.1,1,0.9584,0.9201,47.41
ISIC_0000124,0.1,2,0.9413,0.8891,64.71
ISIC_0000124,0.2,0,0.8598,0.7541,150.29
ISIC_0000124,0.2,1,0.9261,0.8624,108.13
ISIC_0000124,0.2,2,0.8866,0.7962,185.62
ISIC_0000125,0.0,0,0.7779,0.6365,36.77
ISIC_0000125,0.05,0,0.7542,0.6053,40.61
ISIC_0000125,0.05,1,0.791,0.6543,34.39
ISIC_0000125,0.05,2,0.7888,0.6513,35.0
ISIC_0000125,0.1,0,0.8212,0.6966,29.73
ISIC_0000125,0.1,1,0.7762,0.6342,37.34
ISIC_0000125,0.1,2,0.7978,0.6637,31.89
ISIC_0000125,0.2,0,0.7333,0.5788,43.86
ISIC_0000125,0.2,1,0.7485,0.5981,44.4
ISIC_0000125,0.2,2,0.7227,0.5659,50.99
ISIC_0000126,0.0,0,0.9447,0.8951,72.0
ISIC_0000126,0.05,0,0.9569,0.9174,53.04
ISIC_0000126,0.05,1,0.9489,0.9029,73.96
ISIC_0000126,0.05,2,0.9455,0.8966,54.59
ISIC_0000126,0.1,0,0.8926,0.806,117.42
ISIC_0000126,0.1,1,0.9267,0.8635,86.04
ISIC_0000126,0.1,2,0.8947,0.8095,103.59
ISIC_0000126,0.2,0,0.8694,0.769,164.76
ISIC_0000126,0.2,1,0.907,0.8298,115.32
ISIC_0000126,0.2,2,0.8987,0.816,116.18
ISIC_0000127,0.0,0,0.8366,0.7191,329.89
ISIC_0000127,0.05,0,0.8649,0.7619,166.45
ISIC_0000127,0.05,1,0.8276,0.7059,333.88
ISIC_0000127,0.05,2,0.9029,0.8229,181.77
ISIC_0000127,0.1,0,0.8214,0.6969,271.31
ISIC_0000127,0.1,1,0.8276,0.7059,329.24
ISIC_0000127,0.1,2,0.873,0.7746,161.3
ISIC_0000127,0.2,0,0.7232,0.5664,483.44
ISIC_0000127,0.2,1,0.8134,0.6854,329.84
ISIC_0000127,0.2,2,0.7221,0.565,370.4
ISIC_0000128,0.0,0,0.9684,0.9387,30.41
ISIC_0000128,0.05,0,0.9662,0.9347,32.2
ISIC_0000128,0.05,1,0.9558,0.9154,44.95
ISIC_0000128,0.05,2,0.9666,0.9354,30.0
ISIC_0000128,0.1,0,0.9053,0.827,92.2
ISIC_0000128,0.1,1,0.9461,0.8977,65.0
ISIC_0000128,0.1,2,0.9715,0.9446,29.0
ISIC_0000128,0.2,0,0.7631,0.6169,256.52
ISIC_0000128,0.2,1,0.6998,0.5382,197.95
ISIC_0000128,0.2,2,0.8037,0.6719,148.48
ISIC_0000129,0.0,0,0.9543,0.9126,29.0
ISIC_0000129,0.05,0,0.95,0.9048,34.5
ISIC_0000129,0.05,1,0.9318,0.8722,39.71
ISIC_0000129,0.05,2,0.9358,0.8793,32.76
ISIC_0000129,0.1,0,0.9374,0.8821,35.12
ISIC_0000129,0.1,1,0.9493,0.9035,30.04
ISIC_0000129,0.1,2,0.9502,0.9051,30.0
ISIC_0000129,0.2,0,0.7769,0.6352,129.16
ISIC_0000129,0.2,1,0.8526,0.7431,76.16
ISIC_0000129,0.2,2,0.8591,0.753,119.34
ISIC_0000131,0.0,0,0.9826,0.9658,19.24
ISIC_0000131,0.05,0,0.9681,0.9381,31.78
ISIC_0000131,0.05,1,0.9833,0.9672,23.0
ISIC_0000131,0.05,2,0.9844,0.9693,17.89
ISIC_0000131,0.1,0,0.8017,0.669,262.66
ISIC_0000131,0.1,1,0.8696,0.7693,146.76
ISIC_0000131,0.1,2,0.8856,0.7946,106.75
ISIC_0000131,0.2,0,0.962,0.9268,73.0
ISIC_0000131,0.2,1,0.5798,0.4083,330.0
ISIC_0000131,0.2,2,0.928,0.8657,121.77
ISIC_0000132,0.0,0,0.8803,0.7862,39.66
ISIC_0000132,0.05,0,0.8809,0.7871,40.37
ISIC_0000132,0.05,1,0.8937,0.8078,41.0
ISIC_0000132,0.05,2,0.8763,0.7798,41.99
ISIC_0000132,0.1,0,0.8831,0.7907,41.0
ISIC_0000132,0.1,1,0.9079,0.8314,31.4
ISIC_0000132,0.1,2,0.917,0.8468,26.14
ISIC_0000132,0.2,0,0.7966,0.662,113.01
ISIC_0000132,0.2,1,0.5861,0.4146,132.6
ISIC_0000132,0.2,2,0.7597,0.6125,114.29
ISIC_0000133,0.0,0,0.9195,0.8511,48.51
ISIC_0000133,0.05,0,0.9184,0.849,46.32
ISIC_0000133,0.05,1,0.9268,0.8635,48.47
ISIC_0000133,0.05,2,0.9328,0.8741,44.05
ISIC_0000133,0.1,0,0.8927,0.8062,66.87
ISIC_0000133,0.1,1,0.9096,0.8343,61.91
ISIC_0000133,0.1,2,0.8666,0.7647,103.94
ISIC_0000133,0.2,0,0.7755,0.6334,175.03
ISIC_0000133,0.2,1,0.6691,0.5028,232.86
ISIC_0000133,0.2,2,0.8895,0.801,111.81
ISIC_0000134,0.0,0,0.9534,0.911,29.0
ISIC_0000134,0.05,0,0.9627,0.9281,25.3
ISIC_0000134,0.05,1,0.971,0.9437,22.0
ISIC_0000134,0.05,2,0.9141,0.8417,52.81
ISIC_0000134,0.1,0,0.807,0.6765,84.72
ISIC_0000134,0.1,1,0.9111,0.8367,51.62
ISIC_0000134,0.1,2,0.9397,0.8863,35.35
ISIC_0000134,0.2,0,0.8285,0.7071,87.97
ISIC_0000134,0.2,1,0.7643,0.6185,135.86
ISIC_0000134,0.2,2,0.7717,0.6283,139.99
ISIC_0000135,0.0,0,0.957,0.9175,26.93
ISIC_0000135,0.05,0,0.9535,0.9112,27.46
ISIC_0000135,0.05,1,0.9607,0.9244,24.04
ISIC_0000135,0.05,2,0.9437,0.8934,34.99
ISIC_0000135,0.1,0,0.8949,0.8098,56.64
ISIC_0000135,0.1,1,0.9112,0.8369,58.36
ISIC_0000135,0.1,2,0.9739,0.9491,19.1
ISIC_0000135,0.2,0,0.7999,0.6665,144.23
ISIC_0000135,0.2,1,0.8988,0.8162,120.15
ISIC_0000135,0.2,2,0.8323,0.7128,142.0
ISIC_0000136,0.0,0,0.9841,0.9688,26.0
ISIC_0000136,0.05,0,0.9766,0.9542,44.72
ISIC_0000136,0.05,1,0.969,0.94,54.16
ISIC_0000136,0.05,2,0.9819,0.9645,35.06
ISIC_0000136,0.1,0,0.9241,0.8589,134.5
ISIC_0000136,0.1,1,0.9132,0.8403,153.44
ISIC_0000136,0.1,2,0.9296,0.8685,156.89
ISIC_0000136,0.2,0,0.7228,0.5659,410.95
ISIC_0000136,0.2,1,0.8785,0.7834,179.0
ISIC_0000136,0.2,2,0.7851,0.6463,264.0
ISIC_0000137,0.0,0,0.9479,0.901,61.2
ISIC_0000137,0.05,0,0.912,0.8382,100.41
ISIC_0000137,0.05,1,0.9356,0.879,77.0
ISIC_0000137,0.05,2,0.9327,0.8739,84.45
ISIC_0000137,0.1,0,0.9229,0.8569,104.04
ISIC_0000137,0.1,1,0.9197,0.8514,132.97
ISIC_0000137,0.1,2,0.9345,0.877,100.9
ISIC_0000137,0.2,0,0.6252,0.4547,250.45
ISIC_0000137,0.2,1,0.9448,0.8954,74.98
ISIC_0000137,0.2,2,0.8825,0.7898,253.7
ISIC_0000138,0.0,0,0.9295,0.8682,51.24
ISIC_0000138,0.05,0,0.9334,0.8751,51.47
ISIC_0000138,0.05,1,0.936,0.8798,53.43
ISIC_0000138,0.05,2,0.9415,0.8896,48.72
ISIC_0000138,0.1,0,0.9202,0.8522,90.1
ISIC_0000138,0.1,1,0.9355,0.8789,69.0
ISIC_0000138,0.1,2,0.8502,0.7394,122.78
ISIC_0000138,0.2,0,0.7399,0.5872,172.38
ISIC_0000138,0.2,1,0.8721,0.7732,153.58
ISIC_0000138,0.2,2,0.8572,0.7501,172.22
ISIC_0000139,0.0,0,0.9525,0.9094,79.86
ISIC_0000139,0.05,0,0.9503,0.9053,83.22
ISIC_0000139,0.05,1,0.9634,0.9294,48.16
ISIC_0000139,0.05,2,0.8909,0.8032,306.48
ISIC_0000139,0.1,0,0.9566,0.9168,98.77
ISIC_0000139,0.1,1,0.8771,0.7812,280.97
ISIC_0000139,0.1,2,0.9579,0.9192,62.67
ISIC_0000139,0.2,0,0.808,0.6779,339.56
ISIC_0000139,0.2,1,0.7008,0.5394,321.93
ISIC_0000139,0.2,2,0.6768,0.5115,355.04
ISIC_0000140,0.0,0,0.9806,0.962,44.91
ISIC_0000140,0.05,0,0.9783,0.9575,46.1
ISIC_0000140,0.05,1,0.8294,0.7085,447.58
ISIC_0000140,0.05,2,0.9752,0.9516,60.61
ISIC_0000140,0.1,0,0.9245,0.8596,195.81
ISIC_0000140,0.1,1,0.7503,0.6004,448.36
ISIC_0000140,0.1,2,0.8881,0.7987,281.41
ISIC_0000140,0.2,0,0.7324,0.5777,397.37
ISIC_0000140,0.2,1,0.88,0.7857,445.42
ISIC_0000140,0.2,2,0.8892,0.8005,534.48
ISIC_0000141,0.0,0,0.951,0.9066,51.0
ISIC_0000141,0.05,0,0.9459,0.8974,51.57
ISIC_0000141,0.05,1,0.9381,0.8835,53.24
ISIC_0000141,0.05,2,0.8557,0.7477,123.23
ISIC_0000141,0.1,0,0.9206,0.8528,76.06
ISIC_0000141,0.1,1,0.8748,0.7774,115.74
ISIC_0000141,0.1,2,0.7951,0.66,170.47
ISIC_0000141,0.2,0,0.9074,0.8305,73.17
ISIC_0000141,0.2,1,0.8537,0.7448,108.19
ISIC_0000141,0.2,2,0.7858,0.6471,155.99
ISIC_0000142,0.0,0,0.8971,0.8133,91.0
ISIC_0000142,0.05,0,0.8705,0.7707,130.48
ISIC_0000142,0.05,1,0.917,0.8467,74.52
ISIC_0000142,0.05,2,0.9238,0.8585,71.42
ISIC_0000142,0.1,0,0.8978,0.8145,137.09
ISIC_0000142,0.1,1,0.885,0.7937,103.0
ISIC_0000142,0.1,2,0.9285,0.8665,70.21
ISIC_0000142,0.2,0,0.618,0.4472,413.88
ISIC_0000142,0.2,1,0.9073,0.8304,163.45
ISIC_0000142,0.2,2,0.7658,0.6204,301.96
ISIC_0000143,0.0,0,0.9343,0.8767,72.59
ISIC_0000143,0.05,0,0.9066,0.8291,95.42
ISIC_0000143,0.05,1,0.9427,0.8917,71.42
ISIC_0000143,0.05,2,0.9309,0.8707,92.56
ISIC_0000143,0.1,0,0.9157,0.8445,106.22
ISIC_0000143,0.1,1,0.9133,0.8404,130.0
ISIC_0000143,0.1,2,0.9408,0.8883,71.85
ISIC_0000143,0.2,0,0.9142,0.8419,184.17
ISIC_0000143,0.2,1,0.9013,0.8204,203.37
ISIC_0000143,0.2,2,0.9041,0.825,159.45
ISIC_0000145,0.0,0,0.9822,0.965,24.12
ISIC_0000145,0.05,0,0.9802,0.9612,27.64
ISIC_0000145,0.05,1,0.9603,0.9236,78.51
ISIC_0000145,0.05,2,0.9589,0.9211,69.92
ISIC_0000145,0.1,0,0.859,0.7529,169.04
ISIC_0000145,0.1,1,0.9379,0.8831,113.04
ISIC_0000145,0.1,2,0.9402,0.8872,92.25
ISIC_0000145,0.2,0,0.8345,0.7161,239.98
ISIC_0000145,0.2,1,0.8805,0.7865,167.57
ISIC_0000145,0.2,2,0.8691,0.7685,192.39
ISIC_0000146,0.0,0,0.9517,0.9078,93.15
ISIC_0000146,0.05,0,0.9681,0.9382,59.03
ISIC_0000146,0.05,1,0.9542,0.9124,81.0
ISIC_0000146,0.05,2,0.9424,0.891,63.79
ISIC_0000146,0.1,0,0.898,0.8149,141.37
ISIC_0000146,0.1,1,0.9066,0.8291,158.82
ISIC_0000146,0.1,2,0.9184,0.8491,143.17
ISIC_0000146,0.2,0,0.8928,0.8064,217.36
ISIC_0000146,0.2,1,0.688,0.5244,351.25
ISIC_0000146,0.2,2,0.7527,0.6034,339.64
ISIC_0000147,0.0,0,0.907,0.8299,92.09
ISIC_0000147,0.05,0,0.8889,0.8,103.08
ISIC_0000147,0.05,1,0.869,0.7683,117.55
ISIC_0000147,0.05,2,0.9098,0.8345,95.45
ISIC_0000147,0.1,0,0.8898,0.8014,108.32
ISIC_0000147,0.1,1,0.8503,0.7395,172.97
ISIC_0000147,0.1,2,0.9014,0.8205,98.98
ISIC_0000147,0.2,0,0.8836,0.7915,177.24
ISIC_0000147,0.2,1,0.8012,0.6684,234.78
ISIC_0000147,0.2,2,0.9023,0.822,98.52
ISIC_0000148,0.0,0,0.8959,0.8114,114.46
ISIC_0000148,0.05,0,0.9079,0.8313,77.78
ISIC_0000148,0.05,1,0.8849,0.7936,130.81
ISIC_0000148,0.05,2,0.8894,0.8009,124.92
ISIC_0000148,0.1,0,0.8871,0.7971,100.97
ISIC_0000148,0.1,1,0.9131,0.8401,128.97
ISIC_0000148,0.1,2,0.9053,0.827,114.91
ISIC_0000148,0.2,0,0.8644,0.7612,157.06
ISIC_0000148,0.2,1,0.9564,0.9165,81.15
ISIC_0000148,0.2,2,0.735,0.581,270.38
ISIC_0000149,0.0,0,0.9433,0.8926,75.14
ISIC_0000149,0.05,0,0.9385,0.8841,81.0
ISIC_0000149,0.05,1,0.9645,0.9315,45.35
ISIC_0000149,0.05,2,0.941,0.8886,94.29
ISIC_0000149,0.1,0,0.9264,0.8629,92.42
ISIC_0000149,0.1,1,0.917,0.8468,94.04
ISIC_0000149,0.1,2,0.8773,0.7815,175.01
ISIC_0000149,0.2,0,0.7707,0.6269,433.15
ISIC_0000149,0.2,1,0.6774,0.5122,492.6
ISIC_0000149,0.2,2,0.9073,0.8304,151.0
ISIC_0000150,0.0,0,0.9331,0.8746,103.58
ISIC_0000150,0.05,0,0.921,0.8536,229.29
ISIC_0000150,0.05,1,0.8991,0.8167,236.74
ISIC_0000150,0.05,2,0.9284,0.8664,85.93
ISIC_0000150,0.1,0,0.8273,0.7055,248.94
ISIC_0000150,0.1,1,0.8603,0.7549,177.56
ISIC_0000150,0.1,2,0.9011,0.8201,254.84
ISIC_0000150,0.2,0,0.6758,0.5104,319.04
ISIC_0000150,0.2,1,0.7178,0.5599,188.24
ISIC_0000150,0.2,2,0.7738,0.6311,244.9
ISIC_0000151,0.0,0,0.9193,0.8506,49.23
ISIC_0000151,0.05,0,0.9239,0.8585,48.75
ISIC_0000151,0.05,1,0.9236,0.8581,48.95
ISIC_0000151,0.05,2,0.9272,0.8643,48.27
ISIC_0000151,0.1,0,0.9225,0.8561,50.22
ISIC_0000151,0.1,1,0.9387,0.8845,47.0
ISIC_0000151,0.1,2,0.9275,0.8648,49.47
ISIC_0000151,0.2,0,0.8333,0.7142,133.05
ISIC_0000151,0.2,1,0.8174,0.6912,135.19
ISIC_0000151,0.2,2,0.8019,0.6692,99.35
ISIC_0000152,0.0,0,0.983,0.9665,23.41
ISIC_0000152,0.05,0,0.9764,0.9538,29.61
ISIC_0000152,0.05,1,0.9773,0.9557,32.56
ISIC_0000152,0.05,2,0.9749,0.9511,36.0
ISIC_0000152,0.1,0,0.7551,0.6065,223.13
ISIC_0000152,0.1,1,0.9696,0.9409,48.33
ISIC_0000152,0.1,2,0.9788,0.9585,30.36
ISIC_0000152,0.2,0,0.8446,0.731,214.81
ISIC_0000152,0.2,1,0.7137,0.5548,341.58
ISIC_0000152,0.2,2,0.8251,0.7022,218.28
ISIC_0000153,0.0,0,0.9614,0.9257,61.07
ISIC_0000153,0.05,0,0.9621,0.927,67.01
ISIC_0000153,0.05,1,0.9523,0.9089,68.27
ISIC_0000153,0.05,2,0.958,0.9194,74.22
ISIC_0000153,0.1,0,0.9514,0.9074,77.28
ISIC_0000153,0.1,1,0.8946,0.8094,142.96
ISIC_0000153,0.1,2,0.909,0.8332,116.16
ISIC_0000153,0.2,0,0.8591,0.753,208.01
ISIC_0000153,0.2,1,0.9148,0.843,137.93
ISIC_0000153,0.2,2,0.8839,0.792,222.79
ISIC_0000154,0.0,0,0.9512,0.9069,35.41
ISIC_0000154,0.05,0,0.8912,0.8037,100.46
ISIC_0000154,0.05,1,0.9509,0.9063,35.0
ISIC_0000154,0.05,2,0.9234,0.8577,76.0
ISIC_0000154,0.1,0,0.926,0.8623,52.84
ISIC_0000154,0.1,1,0.9473,0.8999,43.43
ISIC_0000154,0.1,2,0.9517,0.9079,34.19
ISIC_0000154,0.2,0,0.9164,0.8458,83.14
ISIC_0000154,0.2,1,0.7462,0.5952,174.61
ISIC_0000154,0.2,2,0.9272,0.8642,55.51
ISIC_0000155,0.0,0,0.9847,0.9698,28.74
ISIC_0000155,0.05,0,0.9771,0.9552,59.19
ISIC_0000155,0.05,1,0.9775,0.9561,53.0
ISIC_0000155,0.05,2,0.9861,0.9726,32.8
ISIC_0000155,0.1,0,0.9025,0.8223,149.12
ISIC_0000155,0.1,1,0.986,0.9724,33.11
ISIC_0000155,0.1,2,0.952,0.9083,159.11
ISIC_0000155,0.2,0,0.9563,0.9162,164.0
ISIC_0000155,0.2,1,0.8207,0.696,282.43
ISIC_0000155,0.2,2,0.8905,0.8027,262.62
ISIC_0000156,0.0,0,0.9476,0.9004,112.45
ISIC_0000156,0.05,0,0.9342,0.8765,92.26
ISIC_0000156,0.05,1,0.9243,0.8593,83.86
ISIC_0000156,0.05,2,0.8921,0.8051,144.03
ISIC_0000156,0.1,0,0.9071,0.83,117.18
ISIC_0000156,0.1,1,0.853,0.7436,196.0
ISIC_0000156,0.1,2,0.8179,0.6919,266.92
ISIC_0000156,0.2,0,0.7853,0.6465,280.43
ISIC_0000156,0.2,1,0.777,0.6353,301.12
ISIC_0000156,0.2,2,0.6634,0.4963,289.35
ISIC_0000157,0.0,0,0.9194,0.8508,47.8
ISIC_0000157,0.05,0,0.9238,0.8584,47.8
ISIC_0000157,0.05,1,0.9109,0.8363,47.08
ISIC_0000157,0.05,2,0.8506,0.7401,115.28
ISIC_0000157,0.1,0,0.9076,0.8308,46.87
ISIC_0000157,0.1,1,0.9161,0.8451,48.99
ISIC_0000157,0.1,2,0.8929,0.8065,48.21
ISIC_0000157,0.2,0,0.9027,0.8227,57.85
ISIC_0000157,0.2,1,0.8992,0.8168,60.11
ISIC_0000157,0.2,2,0.8337,0.7149,124.34
ISIC_0000159,0.0,0,0.9647,0.9319,25.96
ISIC_0000159,0.05,0,0.9357,0.8792,46.65
ISIC_0000159,0.05,1,0.9496,0.904,34.0
ISIC_0000159,0.05,2,0.9562,0.9162,29.91
ISIC_0000159,0.1,0,0.6713,0.5052,146.36
ISIC_0000159,0.1,1,0.8701,0.7701,100.72
ISIC_0000159,0.1,2,0.9539,0.9119,30.87
ISIC_0000159,0.2,0,0.7847,0.6457,139.98
ISIC_0000159,0.2,1,0.858,0.7513,131.24
ISIC_0000159,0.2,2,0.9547,0.9134,51.31
ISIC_0000160,0.0,0,0.9048,0.8261,111.32
ISIC_0000160,0.05,0,0.8971,0.8134,108.02
ISIC_0000160,0.05,1,0.894,0.8082,69.0
ISIC_0000160,0.05,2,0.9256,0.8616,57.51
ISIC_0000160,0.1,0,0.8563,0.7487,87.19
ISIC_0000160,0.1,1,0.8424,0.7277,129.26
ISIC_0000160,0.1,2,0.8839,0.792,89.05
ISIC_0000160,0.2,0,0.8429,0.7285,138.23
ISIC_0000160,0.2,1,0.8229,0.6991,149.0
ISIC_0000160,0.2,2,0.8764,0.7799,104.92
ISIC_0000161,0.0,0,0.9635,0.9295,32.04
ISIC_0000161,0.05,0,0.9487,0.9024,56.55
ISIC_0000161,0.05,1,0.958,0.9194,36.12
ISIC_0000161,0.05,2,0.9671,0.9364,28.6
ISIC_0000161,0.1,0,0.918,0.8484,65.96
ISIC_0000161,0.1,1,0.9299,0.869,59.37
ISIC_0000161,0.1,2,0.9175,0.8475,58.68
ISIC_0000161,0.2,0,0.7608,0.614,128.02
ISIC_0000161,0.2,1,0.9514,0.9073,44.0
ISIC_0000161,0.2,2,0.9506,0.9058,39.56
ISIC_0000162,0.0,0,0.9698,0.9414,14.14
ISIC_0000162,0.05,0,0.9612,0.9254,17.46
ISIC_0000162,0.05,1,0.9734,0.9482,13.6
ISIC_0000162,0.05,2,0.974,0.9494,15.58
ISIC_0000162,0.1,0,0.9719,0.9453,18.79
ISIC_0000162,0.1,1,0.9486,0.9023,51.99
ISIC_0000162,0.1,2,0.7251,0.5687,101.52
ISIC_0000162,0.2,0,0.9505,0.9056,41.78
ISIC_0000162,0.2,1,0.7965,0.6618,164.17
ISIC_0000162,0.2,2,0.7691,0.6248,126.9
ISIC_0000163,0.0,0,0.8631,0.7591,56.09
ISIC_0000163,0.05,0,0.8549,0.7465,60.68
ISIC_0000163,0.05,1,0.8547,0.7463,55.69
ISIC_0000163,0.05,2,0.8486,0.7369,59.29
ISIC_0000163,0.1,0,0.8641,0.7607,61.4
ISIC_0000163,0.1,1,0.8419,0.7269,56.04
ISIC_0000163,0.1,2,0.7846,0.6456,67.77
ISIC_0000163,0.2,0,0.7917,0.6552,74.7
ISIC_0000163,0.2,1,0.7912,0.6545,69.86
ISIC_0000163,0.2,2,0.7167,0.5584,180.6
ISIC_0000164,0.0,0,0.829,0.7079,107.35
ISIC_0000164,0.05,0,0.8641,0.7607,78.93
ISIC_0000164,0.05,1,0.8566,0.7492,82.08
ISIC_0000164,0.05,2,0.8122,0.6838,123.0
ISIC_0000164,0.1,0,0.7877,0.6497,109.13
ISIC_0000164,0.1,1,0.8336,0.7147,84.37
ISIC_0000164,0.1,2,0.8591,0.753,84.15
ISIC_0000164,0.2,0,0.6933,0.5306,130.73
ISIC_0000164,0.2,1,0.7507,0.6009,193.71
ISIC_0000164,0.2,2,0.7957,0.6608,113.23
ISIC_0000165,0.0,0,0.8715,0.7723,30.19
ISIC_0000165,0.05,0,0.8746,0.7772,30.08
ISIC_0000165,0.05,1,0.8655,0.763,31.0
ISIC_0000165,0.05,2,0.869,0.7683,30.23
ISIC_0000165,0.1,0,0.8169,0.6905,34.92
ISIC_0000165,0.1,1,0.8646,0.7615,30.41
ISIC_0000165,0.1,2,0.8901,0.802,31.19
ISIC_0000165,0.2,0,0.8765,0.7802,25.0
ISIC_0000165,0.2,1,0.7897,0.6524,65.27
ISIC_0000165,0.2,2,0.7747,0.6323,63.34
ISIC_0000166,0.0,0,0.9738,0.949,13.89
ISIC_0000166,0.05,0,0.9606,0.9242,20.25
ISIC_0000166,0.05,1,0.9711,0.9438,14.76
ISIC_0000166,0.05,2,0.9769,0.9549,12.65
ISIC_0000166,0.1,0,0.9478,0.9008,41.97
ISIC_0000166,0.1,1,0.9374,0.8821,44.03
ISIC_0000166,0.1,2,0.9302,0.8695,44.0
ISIC_0000166,0.2,0,0.9156,0.8444,86.78
ISIC_0000166,0.2,1,0.4754,0.3118,169.72
ISIC_0000166,0.2,2,0.7398,0.587,142.35
ISIC_0000167,0.0,0,0.9276,0.8649,46.0
ISIC_0000167,0.05,0,0.9014,0.8206,55.35
ISIC_0000167,0.05,1,0.9263,0.8628,48.32
ISIC_0000167,0.05,2,0.9286,0.8666,43.18
ISIC_0000167,0.1,0,0.7554,0.607,114.47
ISIC_0000167,0.1,1,0.7954,0.6603,90.05
ISIC_0000167,0.1,2,0.9228,0.8567,47.15
ISIC_0000167,0.2,0,0.645,0.476,167.11
ISIC_0000167,0.2,1,0.8875,0.7978,53.75
ISIC_0000167,0.2,2,0.6567,0.4889,156.95
ISIC_0000169,0.0,0,0.8767,0.7805,58.54
ISIC_0000169,0.05,0,0.8619,0.7574,59.25
ISIC_0000169,0.05,1,0.8801,0.7859,57.58
ISIC_0000169,0.05,2,0.8837,0.7916,57.32
ISIC_0000169,0.1,0,0.8915,0.8042,77.37
ISIC_0000169,0.1,1,0.8265,0.7044,60.05
ISIC_0000169,0.1,2,0.8751,0.7779,77.79
ISIC_0000169,0.2,0,0.7317,0.577,99.1
ISIC_0000169,0.2,1,0.8168,0.6903,61.0
ISIC_0000169,0.2,2,0.7991,0.6654,86.98
ISIC_0000170,0.0,0,0.9352,0.8782,26.4
ISIC_0000170,0.05,0,0.8926,0.806,92.64
ISIC_0000170,0.05,1,0.93,0.8692,28.23
ISIC_0000170,0.05,2,0.8688,0.768,86.32
ISIC_0000170,0.1,0,0.8991,0.8167,77.0
ISIC_0000170,0.1,1,0.8314,0.7115,84.0
ISIC_0000170,0.1,2,0.7631,0.6169,103.72
ISIC_0000170,0.2,0,0.7186,0.5608,121.41
ISIC_0000170,0.2,1,0.782,0.6421,106.29
ISIC_0000170,0.2,2,0.3263,0.195,189.45
ISIC_0000171,0.0,0,0.9719,0.9453,16.97
ISIC_0000171,0.05,0,0.9651,0.9325,22.14
ISIC_0000171,0.05,1,0.9602,0.9234,25.94
ISIC_0000171,0.05,2,0.9721,0.9458,17.0
ISIC_0000171,0.1,0,0.9242,0.8591,54.86
ISIC_0000171,0.1,1,0.9119,0.838,60.4
ISIC_0000171,0.1,2,0.921,0.8535,55.74
ISIC_0000171,0.2,0,0.6423,0.4731,221.21
ISIC_0000171,0.2,1,0.8974,0.8139,94.14
ISIC_0000171,0.2,2,0.5993,0.4278,233.52
ISIC_0000172,0.0,0,0.9031,0.8233,40.62
ISIC_0000172,0.05,0,0.8887,0.7996,52.2
ISIC_0000172,0.05,1,0.8912,0.8038,54.12
ISIC_0000172,0.05,2,0.8919,0.8048,53.7
ISIC_0000172,0.1,0,0.9049,0.8263,41.44
ISIC_0000172,0.1,1,0.9098,0.8346,44.91
ISIC_0000172,0.1,2,0.8456,0.7324,53.33
ISIC_0000172,0.2,0,0.7587,0.6112,132.23
ISIC_0000172,0.2,1,0.7422,0.5901,151.15
ISIC_0000172,0.2,2,0.8476,0.7355,168.84
ISIC_0000173,0.0,0,0.7456,0.5944,120.0
ISIC_0000173,0.05,0,0.7311,0.5762,119.93
ISIC_0000173,0.05,1,0.7514,0.6018,119.15
ISIC_0000173,0.05,2,0.7508,0.601,119.02
ISIC_0000173,0.1,0,0.7541,0.6053,118.42
ISIC_0000173,0.1,1,0.7631,0.617,118.97
ISIC_0000173,0.1,2,0.7343,0.5802,119.16
ISIC_0000173,0.2,0,0.6697,0.5034,135.81
ISIC_0000173,0.2,1,0.5214,0.3527,177.76
ISIC_0000173,0.2,2,0.7571,0.6091,115.18
ISIC_0000175,0.0,0,0.9623,0.9273,18.38
ISIC_0000175,0.05,0,0.9592,0.9217,17.68
ISIC_0000175,0.05,1,0.9558,0.9153,20.25
ISIC_0000175,0.05,2,0.8914,0.804,97.04
ISIC_0000175,0.1,0,0.9617,0.9263,19.1
ISIC_0000175,0.1,1,0.9638,0.9302,19.01
ISIC_0000175,0.1,2,0.8722,0.7733,74.73
ISIC_0000175,0.2,0,0.6711,0.505,135.06
ISIC_0000175,0.2,1,0.9417,0.8898,43.16
ISIC_0000175,0.2,2,0.8219,0.6977,82.28
ISIC_0000176,0.0,0,0.9474,0.9,30.07
ISIC_0000176,0.05,0,0.923,0.8569,53.07
ISIC_0000176,0.05,1,0.9089,0.8331,67.99
ISIC_0000176,0.05,2,0.937,0.8814,38.01
ISIC_0000176,0.1,0,0.8752,0.778,74.84
ISIC_0000176,0.1,1,0.8176,0.6915,81.84
ISIC_0000176,0.1,2,0.9027,0.8227,54.59
ISIC_0000176,0.2,0,0.8414,0.7263,116.35
ISIC_0000176,0.2,1,0.7232,0.5664,100.56
ISIC_0000176,0.2,2,0.9026,0.8225,55.01
ISIC_0000177,0.0,0,0.9296,0.8685,24.1
ISIC_0000177,0.05,0,0.9365,0.8806,21.21
ISIC_0000177,0.05,1,0.9486,0.9021,16.49
ISIC_0000177,0.05,2,0.9377,0.8826,18.0
ISIC_0000177,0.1,0,0.9524,0.9092,24.07
ISIC_0000177,0.1,1,0.953,0.9101,16.28
ISIC_0000177,0.1,2,0.9133,0.8404,50.0
ISIC_0000177,0.2,0,0.9054,0.8272,61.52
ISIC_0000177,0.2,1,0.7885,0.6508,64.03
ISIC_0000177,0.2,2,0.749,0.5987,105.38
ISIC_0000179,0.0,0,0.9138,0.8413,84.0
ISIC_0000179,0.05,0,0.9061,0.8282,83.02
ISIC_0000179,0.05,1,0.8848,0.7934,110.34
ISIC_0000179,0.05,2,0.8852,0.794,96.22
ISIC_0000179,0.1,0,0.9004,0.8188,95.19
ISIC_0000179,0.1,1,0.8757,0.7789,123.82
ISIC_0000179,0.1,2,0.8348,0.7164,136.49
ISIC_0000179,0.2,0,0.7623,0.6159,189.78
ISIC_0000179,0.2,1,0.7202,0.5628,228.82
ISIC_0000179,0.2,2,0.9121,0.8384,75.01
ISIC_0000181,0.0,0,0.9512,0.907,40.0
ISIC_0000181,0.05,0,0.9123,0.8388,83.35
ISIC_0000181,0.05,1,0.964,0.9306,30.0
ISIC_0000181,0.05,2,0.9331,0.8745,49.24
ISIC_0000181,0.1,0,0.7989,0.6651,94.43
ISIC_0000181,0.1,1,0.9523,0.909,40.79
ISIC_0000181,0.1,2,0.9425,0.8913,36.4
ISIC_0000181,0.2,0,0.8611,0.7561,103.7
ISIC_0000181,0.2,1,0.9205,0.8528,66.85
ISIC_0000181,0.2,2,0.8271,0.7051,144.19
ISIC_0000182,0.0,0,0.9742,0.9497,16.12
ISIC_0000182,0.05,0,0.9635,0.9296,22.09
ISIC_0000182,0.05,1,0.9477,0.9006,37.0
ISIC_0000182,0.05,2,0.9839,0.9682,12.6
ISIC_0000182,0.1,0,0.8877,0.798,91.55
ISIC_0000182,0.1,1,0.9446,0.8951,42.2
ISIC_0000182,0.1,2,0.9672,0.9366,31.06
ISIC_0000182,0.2,0,0.9067,0.8293,75.0
ISIC_0000182,0.2,1,0.865,0.7621,125.39
ISIC_0000182,0.2,2,0.8323,0.7128,103.7
ISIC_0000183,0.0,0,0.9659,0.934,24.6
ISIC_0000183,0.05,0,0.9617,0.9262,26.93
ISIC_0000183,0.05,1,0.9599,0.923,29.83
ISIC_0000183,0.05,2,0.9641,0.9307,27.51
ISIC_0000183,0.1,0,0.8502,0.7394,147.77
ISIC_0000183,0.1,1,0.9382,0.8837,58.0
ISIC_0000183,0.1,2,0.9164,0.8457,59.0
ISIC_0000183,0.2,0,0.825,0.7021,152.0
ISIC_0000183,0.2,1,0.9483,0.9016,65.3
ISIC_0000183,0.2,2,0.9043,0.8253,78.26
ISIC_0000184,0.0,0,0.9595,0.9221,36.0
ISIC_0000184,0.05,0,0.957,0.9176,45.12
ISIC_0000184,0.05,1,0.9537,0.9116,36.24
ISIC_0000184,0.05,2,0.9546,0.9131,31.22
ISIC_0000184,0.1,0,0.9064,0.8289,97.8
ISIC_0000184,0.1,1,0.9258,0.8619,50.57
ISIC_0000184,0.1,2,0.9124,0.839,60.0
ISIC_0000184,0.2,0,0.867,0.7653,112.35
ISIC_0000184,0.2,1,0.8178,0.6918,125.22
ISIC_0000184,0.2,2,0.6689,0.5025,230.03
ISIC_0000185,0.0,0,0.964,0.9305,17.72
ISIC_0000185,0.05,0,0.9206,0.8529,42.22
ISIC_0000185,0.05,1,0.8295,0.7087,87.08
ISIC_0000185,0.05,2,0.9536,0.9114,25.18
ISIC_0000185,0.1,0,0.7886,0.6509,98.61
ISIC_0000185,0.1,1,0.8967,0.8127,59.09
ISIC_0000185,0.1,2,0.84,0.7241,77.41
ISIC_0000185,0.2,0,0.8232,0.6995,89.92
ISIC_0000185,0.2,1,0.8566,0.7492,69.34
ISIC_0000185,0.2,2,0.8708,0.7712,60.42
ISIC_0000186,0.0,0,0.903,0.8232,26.87
ISIC_0000186,0.05,0,0.9332,0.8747,19.8
ISIC_0000186,0.05,1,0.9575,0.9185,15.26
ISIC_0000186,0.05,2,0.798,0.664,42.06
ISIC_0000186,0.1,0,0.9268,0.8636,28.16
ISIC_0000186,0.1,1,0.8776,0.7819,36.67
ISIC_0000186,0.1,2,0.9152,0.8437,29.82
ISIC_0000186,0.2,0,0.7713,0.6278,68.94
ISIC_0000186,0.2,1,0.7572,0.6092,71.0
ISIC_0000186,0.2,2,0.7244,0.5679,64.03
ISIC_0000187,0.0,0,0.948,0.9011,35.51
ISIC_0000187,0.05,0,0.942,0.8903,35.0
ISIC_0000187,0.05,1,0.9154,0.844,47.0
ISIC_0000187,0.05,2,0.9238,0.8584,51.0
ISIC_0000187,0.1,0,0.9213,0.8541,54.0
ISIC_0000187,0.1,1,0.9053,0.827,87.0
ISIC_0000187,0.1,2,0.7125,0.5534,146.19
ISIC_0000187,0.2,0,0.8987,0.8161,90.18
ISIC_0000187,0.2,1,0.5825,0.411,217.98
ISIC_0000187,0.2,2,0.9324,0.8734,45.0
ISIC_0000188,0.0,0,0.9559,0.9155,54.89
ISIC_0000188,0.05,0,0.9325,0.8736,73.0
ISIC_0000188,0.05,1,0.9535,0.9111,59.87
ISIC_0000188,0.05,2,0.9114,0.8372,73.34
ISIC_0000188,0.1,0,0.9023,0.8219,92.21
ISIC_0000188,0.1,1,0.8871,0.7972,113.12
ISIC_0000188,0.1,2,0.8756,0.7788,137.0
ISIC_0000188,0.2,0,0.8122,0.6838,223.51
ISIC_0000188,0.2,1,0.8875,0.7977,219.97
ISIC_0000188,0.2,2,0.762,0.6155,218.3
ISIC_0000189,0.0,0,0.9424,0.891,96.0
ISIC_0000189,0.05,0,0.9185,0.8493,95.81
ISIC_0000189,0.05,1,0.9357,0.8791,98.98
ISIC_0000189,0.05,2,0.9095,0.834,93.52
ISIC_0000189,0.1,0,0.9037,0.8244,97.05
ISIC_0000189,0.1,1,0.9328,0.8741,99.88
ISIC_0000189,0.1,2,0.8841,0.7924,114.0
ISIC_0000189,0.2,0,0.9224,0.8559,99.82
ISIC_0000189,0.2,1,0.911,0.8366,153.67
ISIC_0000189,0.2,2,0.759,0.6116,189.11
ISIC_0000190,0.0,0,0.9627,0.928,27.51
ISIC_0000190,0.05,0,0.9473,0.8999,34.15
ISIC_0000190,0.05,1,0.9587,0.9208,29.12
ISIC_0000190,0.05,2,0.9772,0.9555,24.0
ISIC_0000190,0.1,0,0.8821,0.789,59.79
ISIC_0000190,0.1,1,0.954,0.9121,26.57
ISIC_0000190,0.1,2,0.9511,0.9068,33.94
ISIC_0000190,0.2,0,0.8373,0.7201,114.39
ISIC_0000190,0.2,1,0.8789,0.784,112.04
ISIC_0000190,0.2,2,0.7716,0.6281,100.0
ISIC_0000191,0.0,0,0.9555,0.9148,29.41
ISIC_0000191,0.05,0,0.9596,0.9223,29.41
ISIC_0000191,0.05,1,0.92,0.8518,44.57
ISIC_0000191,0.05,2,0.8904,0.8024,51.0
ISIC_0000191,0.1,0,0.9364,0.8803,32.56
ISIC_0000191,0.1,1,0.9578,0.919,26.65
ISIC_0000191,0.1,2,0.8551,0.747,65.97
ISIC_0000191,0.2,0,0.8498,0.7388,96.08
ISIC_0000191,0.2,1,0.9331,0.8746,39.34
ISIC_0000191,0.2,2,0.8169,0.6904,100.76
ISIC_0000192,0.0,0,0.8277,0.706,164.09
ISIC_0000192,0.05,0,0.7904,0.6534,216.11
ISIC_0000192,0.05,1,0.8183,0.6925,154.96
ISIC_0000192,0.05,2,0.7951,0.6598,193.41
ISIC_0000192,0.1,0,0.8263,0.704,212.92
ISIC_0000192,0.1,1,0.8361,0.7184,201.33
ISIC_0000192,0.1,2,0.8609,0.7558,190.44
ISIC_0000192,0.2,0,0.6778,0.5127,272.11
ISIC_0000192,0.2,1,0.758,0.6102,213.38
ISIC_0000192,0.2,2,0.6984,0.5365,310.0
ISIC_0000193,0.0,0,0.891,0.8035,50.99
ISIC_0000193,0.05,0,0.9089,0.833,44.27
ISIC_0000193,0.05,1,0.8014,0.6687,71.17
ISIC_0000193,0.05,2,0.8855,0.7946,56.0
ISIC_0000193,0.1,0,0.8976,0.8142,45.49
ISIC_0000193,0.1,1,0.8746,0.7771,54.2
ISIC_0000193,0.1,2,0.8711,0.7716,51.4
ISIC_0000193,0.2,0,0.8994,0.8172,48.01
ISIC_0000193,0.2,1,0.8791,0.7843,75.89
ISIC_0000193,0.2,2,0.8276,0.7059,98.45
ISIC_0000196,0.0,0,0.9703,0.9423,25.06
ISIC_0000196,0.05,0,0.9673,0.9367,26.25
ISIC_0000196,0.05,1,0.9509,0.9063,44.55
ISIC_0000196,0.05,2,0.9499,0.9045,34.83
ISIC_0000196,0.1,0,0.9252,0.8608,73.25
ISIC_0000196,0.1,1,0.9629,0.9285,30.26
ISIC_0000196,0.1,2,0.9082,0.8318,98.01
ISIC_0000196,0.2,0,0.7864,0.648,180.42
ISIC_0000196,0.2,1,0.7281,0.5724,271.79
ISIC_0000196,0.2,2,0.9335,0.8753,79.77
ISIC_0000197,0.0,0,0.9755,0.9521,23.73
ISIC_0000197,0.05,0,0.9758,0.9528,24.04
ISIC_0000197,0.05,1,0.9735,0.9484,27.67
ISIC_0000197,0.05,2,0.9697,0.9412,27.07
ISIC_0000197,0.1,0,0.9602,0.9235,44.27
ISIC_0000197,0.1,1,0.9456,0.8967,48.0
ISIC_0000197,0.1,2,0.95,0.9047,49.73
ISIC_0000197,0.2,0,0.8521,0.7423,108.56
ISIC_0000197,0.2,1,0.7029,0.5419,249.58
ISIC_0000197,0.2,2,0.9117,0.8378,94.39
ISIC_0000198,0.0,0,0.9818,0.9643,5.83
ISIC_0000198,0.05,0,0.9772,0.9554,7.07
ISIC_0000198,0.05,1,0.9637,0.93,15.17
ISIC_0000198,0.05,2,0.9843,0.9691,5.39
ISIC_0000198,0.1,0,0.9637,0.93,25.71
ISIC_0000198,0.1,1,0.9545,0.9129,35.0
ISIC_0000198,0.1,2,0.9473,0.8999,37.0
ISIC_0000198,0.2,0,0.9127,0.8394,59.82
ISIC_0000198,0.2,1,0.8348,0.7164,62.39
ISIC_0000198,0.2,2,0.9062,0.8286,45.24
ISIC_0000199,0.0,0,0.9144,0.8423,20.61
ISIC_0000199,0.05,0,0.9386,0.8843,17.46
ISIC_0000199,0.05,1,0.9285,0.8666,18.79
ISIC_0000199,0.05,2,0.9283,0.8662,18.87
ISIC_0000199,0.1,0,0.8655,0.7628,41.44
ISIC_0000199,0.1,1,0.8719,0.7729,40.01
ISIC_0000199,0.1,2,0.9051,0.8266,29.15
ISIC_0000199,0.2,0,0.8405,0.7248,62.34
ISIC_0000199,0.2,1,0.8694,0.7689,60.41
ISIC_0000199,0.2,2,0.7726,0.6294,101.23
ISIC_0000200,0.0,0,0.9102,0.8352,38.9
ISIC_0000200,0.05,0,0.8912,0.8037,43.6
ISIC_0000200,0.05,1,0.9203,0.8523,38.9
ISIC_0000200,0.05,2,0.8937,0.8079,35.36
ISIC_0000200,0.1,0,0.9491,0.9032,24.04
ISIC_0000200,0.1,1,0.9227,0.8564,36.88
ISIC_0000200,0.1,2,0.8543,0.7457,67.56
ISIC_0000200,0.2,0,0.8535,0.7444,80.78
ISIC_0000200,0.2,1,0.9243,0.8592,41.23
ISIC_0000200,0.2,2,0.7344,0.5802,115.26
ISIC_0000201,0.0,0,0.9247,0.8599,27.45
ISIC_0000201,0.05,0,0.8997,0.8176,40.0
ISIC_0000201,0.05,1,0.9405,0.8877,23.54
ISIC_0000201,0.05,2,0.9229,0.8568,26.91
ISIC_0000201,0.1,0,0.8955,0.8108,43.05
ISIC_0000201,0.1,1,0.9489,0.9028,22.34
ISIC_0000201,0.1,2,0.9019,0.8214,45.16
ISIC_0000201,0.2,0,0.8746,0.7772,58.28
ISIC_0000201,0.2,1,0.8114,0.6826,67.36
ISIC_0000201,0.2,2,0.8873,0.7974,45.51
ISIC_0000202,0.0,0,0.9449,0.8956,59.46
ISIC_0000202,0.05,0,0.9394,0.8858,106.52
ISIC_0000202,0.05,1,0.9378,0.8829,74.11
ISIC_0000202,0.05,2,0.9445,0.8949,67.87
ISIC_0000202,0.1,0,0.9595,0.9222,51.76
ISIC_0000202,0.1,1,0.9595,0.9222,51.76
ISIC_0000202,0.1,2,0.5827,0.4111,468.78
ISIC_0000202,0.2,0,0.8672,0.7656,197.0
ISIC_0000202,0.2,1,0.897,0.8133,235.5
ISIC_0000202,0.2,2,0.9313,0.8714,70.84
ISIC_0000203,0.0,0,0.9651,0.9325,107.41
ISIC_0000203,0.05,0,0.6578,0.4901,426.0
ISIC_0000203,0.05,1,0.8611,0.7562,184.29
ISIC_0000203,0.05,2,0.7698,0.6258,444.0
ISIC_0000203,0.1,0,0.8851,0.7939,192.98
ISIC_0000203,0.1,1,0.8189,0.6934,329.0
ISIC_0000203,0.1,2,0.8364,0.7187,178.36
ISIC_0000203,0.2,0,0.6534,0.4852,522.77
ISIC_0000203,0.2,1,0.5308,0.3613,554.6
ISIC_0000203,0.2,2,0.9648,0.932,105.41
ISIC_0000204,0.0,0,0.9729,0.9472,26.93
ISIC_0000204,0.05,0,0.9484,0.9019,42.06
ISIC_0000204,0.05,1,0.9521,0.9085,39.0
ISIC_0000204,0.05,2,0.9594,0.922,33.94
ISIC_0000204,0.1,0,0.9463,0.898,74.33
ISIC_0000204,0.1,1,0.9128,0.8396,135.3
ISIC_0000204,0.1,2,0.9676,0.9372,40.72
ISIC_0000204,0.2,0,0.8979,0.8148,103.0
ISIC_0000204,0.2,1,0.9559,0.9156,88.14
ISIC_0000204,0.2,2,0.9674,0.9369,36.24
ISIC_0000205,0.0,0,0.9601,0.9232,44.28
ISIC_0000205,0.05,0,0.9232,0.8573,97.87
ISIC_0000205,0.05,1,0.9531,0.9104,50.99
ISIC_0000205,0.05,2,0.9483,0.9017,45.35
ISIC_0000205,0.1,0,0.9763,0.9536,31.78
ISIC_0000205,0.1,1,0.9152,0.8437,98.85
ISIC_0000205,0.1,2,0.7211,0.5638,259.0
ISIC_0000205,0.2,0,0.4863,0.3213,303.86
ISIC_0000205,0.2,1,0.9438,0.8935,99.15
ISIC_0000205,0.2,2,0.8943,0.8088,156.95
ISIC_0000206,0.0,0,0.956,0.9157,41.75
ISIC_0000206,0.05,0,0.954,0.9121,31.82
ISIC_0000206,0.05,1,0.9531,0.9104,32.75
ISIC_0000206,0.05,2,0.9507,0.906,32.45
ISIC_0000206,0.1,0,0.9447,0.8953,38.18
ISIC_0000206,0.1,1,0.9473,0.8999,38.91
ISIC_0000206,0.1,2,0.9475,0.9002,48.02
ISIC_0000206,0.2,0,0.8275,0.7057,125.54
ISIC_0000206,0.2,1,0.8189,0.6933,130.21
ISIC_0000206,0.2,2,0.8659,0.7635,88.6
ISIC_0000207,0.0,0,0.9223,0.8558,128.0
ISIC_0000207,0.05,0,0.9014,0.8205,125.22
ISIC_0000207,0.05,1,0.924,0.8588,127.4
ISIC_0000207,0.05,2,0.8883,0.799,164.76
ISIC_0000207,0.1,0,0.8995,0.8174,127.32
ISIC_0000207,0.1,1,0.8046,0.673,188.71
ISIC_0000207,0.1,2,0.9209,0.8534,161.0
ISIC_0000207,0.2,0,0.796,0.6612,231.39
ISIC_0000207,0.2,1,0.9432,0.8925,68.03
ISIC_0000207,0.2,2,0.8926,0.806,117.0
ISIC_0000208,0.0,0,0.9803,0.9614,63.33
ISIC_0000208,0.05,0,0.9043,0.8254,258.0
ISIC_0000208,0.05,1,0.9524,0.9092,88.23
ISIC_0000208,0.05,2,0.8148,0.6875,241.21
ISIC_0000208,0.1,0,0.8092,0.6795,265.0
ISIC_0000208,0.1,1,0.9782,0.9573,57.65
ISIC_0000208,0.1,2,0.625,0.4545,366.0
ISIC_0000208,0.2,0,0.823,0.6992,255.0
ISIC_0000208,0.2,1,0.7791,0.6382,327.62
ISIC_0000208,0.2,2,0.7472,0.5964,372.73
ISIC_0000209,0.0,0,0.9192,0.8504,58.66
ISIC_0000209,0.05,0,0.8984,0.8156,77.42
ISIC_0000209,0.05,1,0.9357,0.8791,35.98
ISIC_0000209,0.05,2,0.914,0.8416,35.68
ISIC_0000209,0.1,0,0.9176,0.8477,61.4
ISIC_0000209,0.1,1,0.8986,0.8158,57.84
ISIC_0000209,0.1,2,0.8168,0.6904,78.9
ISIC_0000209,0.2,0,0.7827,0.6429,129.25
ISIC_0000209,0.2,1,0.8321,0.7124,122.12
ISIC_0000209,0.2,2,0.6908,0.5276,207.66
ISIC_0000210,0.0,0,0.9129,0.8398,15.19
ISIC_0000210,0.05,0,0.9061,0.8283,13.89
ISIC_0000210,0.05,1,0.8758,0.779,17.3
ISIC_0000210,0.05,2,0.9109,0.8365,17.0
ISIC_0000210,0.1,0,0.8811,0.7875,20.04
ISIC_0000210,0.1,1,0.9085,0.8323,17.4
ISIC_0000210,0.1,2,0.9025,0.8223,17.0
ISIC_0000210,0.2,0,0.7619,0.6154,51.0
ISIC_0000210,0.2,1,0.8007,0.6677,51.0
ISIC_0000210,0.2,2,0.8683,0.7673,37.0
ISIC_0000211,0.0,0,0.9154,0.844,32.57
ISIC_0000211,0.05,0,0.9281,0.8659,24.19
ISIC_0000211,0.05,1,0.9518,0.9081,17.72
ISIC_0000211,0.05,2,0.9279,0.8655,26.0
ISIC_0000211,0.1,0,0.874,0.7762,38.0
ISIC_0000211,0.1,1,0.8154,0.6883,40.22
ISIC_0000211,0.1,2,0.8091,0.6794,38.47
ISIC_0000211,0.2,0,0.7955,0.6604,96.66
ISIC_0000211,0.2,1,0.8495,0.7383,53.34
ISIC_0000211,0.2,2,0.8802,0.786,60.45
ISIC_0000212,0.0,0,0.6326,0.4626,199.0
ISIC_0000212,0.05,0,0.8606,0.7553,107.5
ISIC_0000212,0.05,1,0.8928,0.8063,77.99
ISIC_0000212,0.05,2,0.9076,0.8308,59.17
ISIC_0000212,0.1,0,0.9077,0.831,71.97
ISIC_0000212,0.1,1,0.8356,0.7177,111.67
ISIC_0000212,0.1,2,0.878,0.7825,76.27
ISIC_0000212,0.2,0,0.7417,0.5895,176.2
ISIC_0000212,0.2,1,0.8287,0.7075,127.28
ISIC_0000212,0.2,2,0.8561,0.7485,99.86
ISIC_0000213,0.0,0,0.9748,0.9508,11.0
ISIC_0000213,0.05,0,0.9378,0.8828,22.84
ISIC_0000213,0.05,1,0.9651,0.9326,13.6
ISIC_0000213,0.05,2,0.8993,0.8171,49.37
ISIC_0000213,0.1,0,0.9649,0.9322,34.03
ISIC_0000213,0.1,1,0.9649,0.9321,18.03
ISIC_0000213,0.1,2,0.8492,0.738,125.03
ISIC_0000213,0.2,0,0.5785,0.407,140.05
ISIC_0000213,0.2,1,0.5917,0.4202,160.7
ISIC_0000213,0.2,2,0.0543,0.0279,227.65
ISIC_0000214,0.0,0,0.9548,0.9136,19.39
ISIC_0000214,0.05,0,0.9444,0.8946,24.0
ISIC_0000214,0.05,1,0.9492,0.9033,22.0
ISIC_0000214,0.05,2,0.9418,0.8899,25.62
ISIC_0000214,0.1,0,0.9438,0.8935,30.0
ISIC_0000214,0.1,1,0.9239,0.8586,42.43
ISIC_0000214,0.1,2,0.9515,0.9075,21.1
ISIC_0000214,0.2,0,0.8667,0.7647,90.95
ISIC_0000214,0.2,1,0.8818,0.7886,81.0
ISIC_0000214,0.2,2,0.9001,0.8184,59.43
ISIC_0000215,0.0,0,0.9509,0.9063,35.85
ISIC_0000215,0.05,0,0.9177,0.8479,52.41
ISIC_0000215,0.05,1,0.8957,0.8111,59.0
ISIC_0000215,0.05,2,0.9458,0.8971,38.0
ISIC_0000215,0.1,0,0.9134,0.8407,87.0
ISIC_0000215,0.1,1,0.913,0.8399,67.0
ISIC_0000215,0.1,2,0.9104,0.8356,123.0
ISIC_0000215,0.2,0,0.7222,0.5652,219.49
ISIC_0000215,0.2,1,0.422,0.2674,244.68
ISIC_0000215,0.2,2,0.7935,0.6576,211.12
ISIC_0000216,0.0,0,0.9857,0.9719,9.0
ISIC_0000216,0.05,0,0.9808,0.9623,11.0
ISIC_0000216,0.05,1,0.9338,0.8758,35.82
ISIC_0000216,0.05,2,0.9837,0.9678,9.85
ISIC_0000216,0.1,0,0.9445,0.8948,41.48
ISIC_0000216,0.1,1,0.97,0.9418,35.36
ISIC_0000216,0.1,2,0.9766,0.9543,14.56
ISIC_0000216,0.2,0,0.8347,0.7163,97.73
ISIC_0000216,0.2,1,0.8226,0.6986,116.79
ISIC_0000216,0.2,2,0.8763,0.7799,110.61
ISIC_0000217,0.0,0,0.9722,0.9459,22.59
ISIC_0000217,0.05,0,0.9813,0.9633,17.89
ISIC_0000217,0.05,1,0.9673,0.9366,23.01
ISIC_0000217,0.05,2,0.9572,0.9178,29.65
ISIC_0000217,0.1,0,0.9429,0.892,38.0
ISIC_0000217,0.1,1,0.9314,0.8716,51.48
ISIC_0000217,0.1,2,0.9567,0.9171,30.0
ISIC_0000217,0.2,0,0.9172,0.8471,81.57
ISIC_0000217,0.2,1,0.6795,0.5146,185.46
ISIC_0000217,0.2,2,0.8764,0.78,111.0
ISIC_0000218,0.0,0,0.9359,0.8795,39.82
ISIC_0000218,0.05,0,0.9185,0.8492,44.55
ISIC_0000218,0.05,1,0.943,0.8921,35.44
ISIC_0000218,0.05,2,0.9151,0.8435,52.2
ISIC_0000218,0.1,0,0.8767,0.7805,57.7
ISIC_0000218,0.1,1,0.9311,0.8711,50.54
ISIC_0000218,0.1,2,0.9197,0.8514,63.6
ISIC_0000218,0.2,0,0.7193,0.5617,147.94
ISIC_0000218,0.2,1,0.6892,0.5258,171.69
ISIC_0000218,0.2,2,0.6583,0.4906,198.37
ISIC_0000219,0.0,0,0.9476,0.9004,45.91
ISIC_0000219,0.05,0,0.9179,0.8482,51.88
ISIC_0000219,0.05,1,0.947,0.8994,44.94
ISIC_0000219,0.05,2,0.6054,0.4341,174.76
ISIC_0000219,0.1,0,0.6879,0.5243,170.09
ISIC_0000219,0.1,1,0.6959,0.5336,152.52
ISIC_0000219,0.1,2,0.723,0.5661,159.63
ISIC_0000219,0.2,0,0.4984,0.3319,189.66
ISIC_0000219,0.2,1,0.6501,0.4816,162.08
ISIC_0000219,0.2,2,0.565,0.3937,191.17
ISIC_0000220,0.0,0,0.9514,0.9072,13.0
ISIC_0000220,0.05,0,0.9682,0.9384,10.12
ISIC_0000220,0.05,1,0.9583,0.9199,13.0
ISIC_0000220,0.05,2,0.9537,0.9114,12.08
ISIC_0000220,0.1,0,0.8998,0.8178,23.77
ISIC_0000220,0.1,1,0.9544,0.9127,18.03
ISIC_0000220,0.1,2,0.9595,0.9222,14.56
ISIC_0000220,0.2,0,0.9413,0.8892,18.79
ISIC_0000220,0.2,1,0.9652,0.9328,12.37
ISIC_0000220,0.2,2,0.7472,0.5965,59.51
ISIC_0000221,0.0,0,0.9375,0.8823,18.79
ISIC_0000221,0.05,0,0.9237,0.8583,21.94
ISIC_0000221,0.05,1,0.9189,0.8499,22.14
ISIC_0000221,0.05,2,0.9184,0.8492,23.71
ISIC_0000221,0.1,0,0.8792,0.7844,37.03
ISIC_0000221,0.1,1,0.9601,0.9233,15.52
ISIC_0000221,0.1,2,0.8559,0.7481,47.38
ISIC_0000221,0.2,0,0.8739,0.776,56.14
ISIC_0000221,0.2,1,0.9115,0.8374,39.0
ISIC_0000221,0.2,2,0.9194,0.8509,36.67
ISIC_0000222,0.0,0,0.982,0.9646,13.34
ISIC_0000222,0.05,0,0.9663,0.9347,25.18
ISIC_0000222,0.05,1,0.978,0.957,15.65
ISIC_0000222,0.05,2,0.9705,0.9426,21.0
ISIC_0000222,0.1,0,0.9651,0.9325,24.0
ISIC_0000222,0.1,1,0.8966,0.8126,223.41
ISIC_0000222,0.1,2,0.7968,0.6623,227.98
ISIC_0000222,0.2,0,0.8413,0.726,136.34
ISIC_0000222,0.2,1,0.8653,0.7626,137.65
ISIC_0000222,0.2,2,0.9673,0.9367,23.02
ISIC_0000223,0.0,0,0.9676,0.9373,22.0
ISIC_0000223,0.05,0,0.9596,0.9223,22.85
ISIC_0000223,0.05,1,0.9623,0.9274,22.0
ISIC_0000223,0.05,2,0.9628,0.9283,23.77
ISIC_0000223,0.1,0,0.9485,0.9021,45.71
ISIC_0000223,0.1,1,0.9176,0.8477,51.37
ISIC_0000223,0.1,2,0.9665,0.9352,22.02
ISIC_0000223,0.2,0,0.7414,0.589,163.45
ISIC_0000223,0.2,1,0.8351,0.717,161.79
ISIC_0000223,0.2,2,0.8829,0.7903,84.92
ISIC_0000224,0.0,0,0.9856,0.9716,11.0
ISIC_0000224,0.05,0,0.9669,0.9358,26.41
ISIC_0000224,0.05,1,0.9602,0.9235,66.0
ISIC_0000224,0.05,2,0.8377,0.7208,143.6
ISIC_0000224,0.1,0,0.9317,0.8722,68.25
ISIC_0000224,0.1,1,0.9692,0.9402,40.0
ISIC_0000224,0.1,2,0.8187,0.6931,162.34
ISIC_0000224,0.2,0,0.7318,0.577,176.58
ISIC_0000224,0.2,1,0.7837,0.6443,174.99
ISIC_0000224,0.2,2,0.9612,0.9253,35.9
ISIC_0000225,0.0,0,0.9523,0.9089,15.23
ISIC_0000225,0.05,0,0.9208,0.8533,22.72
ISIC_0000225,0.05,1,0.9274,0.8646,20.0
ISIC_0000225,0.05,2,0.9123,0.8388,21.87
ISIC_0000225,0.1,0,0.9271,0.8642,21.9
ISIC_0000225,0.1,1,0.9123,0.8387,27.57
ISIC_0000225,0.1,2,0.9244,0.8594,23.19
ISIC_0000225,0.2,0,0.8755,0.7786,53.45
ISIC_0000225,0.2,1,0.8074,0.677,68.17
ISIC_0000225,0.2,2,0.8898,0.8015,49.74
ISIC_0000226,0.0,0,0.9213,0.854,49.34
ISIC_0000226,0.05,0,0.9056,0.8275,53.3
ISIC_0000226,0.05,1,0.9261,0.8624,46.96
ISIC_0000226,0.05,2,0.9143,0.8422,51.26
ISIC_0000226,0.1,0,0.8926,0.8061,54.38
ISIC_0000226,0.1,1,0.8728,0.7743,64.78
ISIC_0000226,0.1,2,0.8967,0.8128,72.98
ISIC_0000226,0.2,0,0.9258,0.8619,68.22
ISIC_0000226,0.2,1,0.726,0.5699,120.35
ISIC_0000226,0.2,2,0.8527,0.7433,70.0
ISIC_0000227,0.0,0,0.9643,0.9311,14.87
ISIC_0000227,0.05,0,0.9625,0.9278,20.11
ISIC_0000227,0.05,1,0.9081,0.8316,27.0
ISIC_0000227,0.05,2,0.9514,0.9072,20.59
ISIC_0000227,0.1,0,0.922,0.8553,26.93
ISIC_0000227,0.1,1,0.9615,0.9258,20.59
ISIC_0000227,0.1,2,0.9585,0.9202,21.21
ISIC_0000227,0.2,0,0.8779,0.7823,71.47
ISIC_0000227,0.2,1,0.8198,0.6946,88.22
ISIC_0000227,0.2,2,0.8706,0.7708,66.64
ISIC_0000228,0.0,0,0.9798,0.9605,13.45
ISIC_0000228,0.05,0,0.9593,0.9218,21.93
ISIC_0000228,0.05,1,0.9741,0.9494,16.35
ISIC_0000228,0.05,2,0.9647,0.9318,22.67
ISIC_0000228,0.1,0,0.9211,0.8538,64.01
ISIC_0000228,0.1,1,0.9668,0.9357,22.36
ISIC_0000228,0.1,2,0.9667,0.9356,25.0
ISIC_0000228,0.2,0,0.9582,0.9198,27.89
ISIC_0000228,0.2,1,0.9325,0.8735,45.61
ISIC_0000228,0.2,2,0.8782,0.7829,101.44
ISIC_0000229,0.0,0,0.9399,0.8866,29.29
ISIC_0000229,0.05,0,0.9187,0.8496,37.18
ISIC_0000229,0.05,1,0.9385,0.8841,28.16
ISIC_0000229,0.05,2,0.9534,0.911,28.0
ISIC_0000229,0.1,0,0.9133,0.8404,59.0
ISIC_0000229,0.1,1,0.9384,0.884,35.47
ISIC_0000229,0.1,2,0.8009,0.6679,88.76
ISIC_0000229,0.2,0,0.8662,0.764,83.36
ISIC_0000229,0.2,1,0.9047,0.8261,58.72
ISIC_0000229,0.2,2,0.8866,0.7963,82.23
ISIC_0000230,0.0,0,0.9689,0.9397,25.71
ISIC_0000230,0.05,0,0.957,0.9176,33.0
ISIC_0000230,0.05,1,0.9684,0.9387,31.4
ISIC_0000230,0.05,2,0.9631,0.9289,30.0
ISIC_0000230,0.1,0,0.7068,0.5465,170.55
ISIC_0000230,0.1,1,0.9533,0.9108,44.01
ISIC_0000230,0.1,2,0.9158,0.8447,86.12
ISIC_0000230,0.2,0,0.6897,0.5264,197.7
ISIC_0000230,0.2,1,0.6926,0.5297,186.77
ISIC_0000230,0.2,2,0.7384,0.5853,188.32
ISIC_0000231,0.0,0,0.9852,0.9709,9.22
ISIC_0000231,0.05,0,0.9845,0.9695,10.63
ISIC_0000231,0.05,1,0.987,0.9743,7.21
ISIC_0000231,0.05,2,0.9849,0.9702,9.43
ISIC_0000231,0.1,0,0.8539,0.745,65.0
ISIC_0000231,0.1,1,0.98,0.9608,14.0
ISIC_0000231,0.1,2,0.8842,0.7924,65.22
ISIC_0000231,0.2,0,0.8965,0.8124,107.94
ISIC_0000231,0.2,1,0.9855,0.9714,9.43
ISIC_0000231,0.2,2,0.8058,0.6748,136.55
ISIC_0000232,0.0,0,0.9671,0.9363,12.17
ISIC_0000232,0.05,0,0.9621,0.927,15.7
ISIC_0000232,0.05,1,0.9683,0.9386,14.21
ISIC_0000232,0.05,2,0.9738,0.9489,10.3
ISIC_0000232,0.1,0,0.9447,0.8952,24.24
ISIC_0000232,0.1,1,0.9767,0.9544,9.22
ISIC_0000232,0.1,2,0.8746,0.7771,66.49
ISIC_0000232,0.2,0,0.9313,0.8714,33.2
ISIC_0000232,0.2,1,0.8547,0.7462,88.59
ISIC_0000232,0.2,2,0.8826,0.7899,48.05
ISIC_0000233,0.0,0,0.9779,0.9567,20.81
ISIC_0000233,0.05,0,0.9751,0.9514,28.64
ISIC_0000233,0.05,1,0.9731,0.9475,45.12
ISIC_0000233,0.05,2,0.98,0.9608,23.72
ISIC_0000233,0.1,0,0.9746,0.9505,27.0
ISIC_0000233,0.1,1,0.9501,0.905,96.9
ISIC_0000233,0.1,2,0.9765,0.9541,22.14
ISIC_0000233,0.2,0,0.8374,0.7203,145.6
ISIC_0000233,0.2,1,0.8374,0.7203,145.6
ISIC_0000233,0.2,2,0.6558,0.4878,191.37
ISIC_0000234,0.0,0,0.9503,0.9053,29.97
ISIC_0000234,0.05,0,0.9594,0.9219,26.83
ISIC_0000234,0.05,1,0.9201,0.852,38.33
ISIC_0000234,0.05,2,0.9532,0.9106,25.46
ISIC_0000234,0.1,0,0.9353,0.8785,39.34
ISIC_0000234,0.1,1,0.9014,0.8206,53.94
ISIC_0000234,0.1,2,0.9057,0.8277,45.01
ISIC_0000234,0.2,0,0.8581,0.7515,118.79
ISIC_0000234,0.2,1,0.7122,0.553,152.58
ISIC_0000234,0.2,2,0.9005,0.819,90.59
ISIC_0000235,0.0,0,0.8831,0.7907,63.14
ISIC_0000235,0.05,0,0.8629,0.7589,71.24
ISIC_0000235,0.05,1,0.8818,0.7886,64.55
ISIC_0000235,0.05,2,0.8648,0.7618,71.58
ISIC_0000235,0.1,0,0.9078,0.8311,55.08
ISIC_0000235,0.1,1,0.878,0.7825,68.43
ISIC_0000235,0.1,2,0.8138,0.6861,111.93
ISIC_0000235,0.2,0,0.8115,0.6828,114.79
ISIC_0000235,0.2,1,0.8151,0.688,141.65
ISIC_0000235,0.2,2,0.7355,0.5817,95.45
ISIC_0000236,0.0,0,0.9871,0.9746,14.21
ISIC_0000236,0.05,0,0.9675,0.937,32.0
ISIC_0000236,0.05,1,0.9791,0.959,18.44
ISIC_0000236,0.05,2,0.9543,0.9126,30.18
ISIC_0000236,0.1,0,0.926,0.8622,85.21
ISIC_0000236,0.1,1,0.8815,0.7882,89.94
ISIC_0000236,0.1,2,0.8623,0.7579,142.3
ISIC_0000236,0.2,0,0.9018,0.8212,86.89
ISIC_0000236,0.2,1,0.8982,0.8153,131.0
ISIC_0000236,0.2,2,0.9378,0.8829,38.6
ISIC_0000239,0.0,0,0.9732,0.9478,16.76
ISIC_0000239,0.05,0,0.9523,0.9089,28.18
ISIC_0000239,0.05,1,0.8702,0.7703,64.07
ISIC_0000239,0.05,2,0.9712,0.9439,23.0
ISIC_0000239,0.1,0,0.9479,0.901,71.62
ISIC_0000239,0.1,1,0.9396,0.8861,66.46
ISIC_0000239,0.1,2,0.9149,0.8432,67.67
ISIC_0000239,0.2,0,0.8006,0.6675,199.49
ISIC_0000239,0.2,1,0.7735,0.6306,143.14
ISIC_0000239,0.2,2,0.934,0.8761,69.69
ISIC_0000240,0.0,0,0.9608,0.9246,22.14
ISIC_0000240,0.05,0,0.9331,0.8746,28.3
ISIC_0000240,0.05,1,0.9534,0.911,19.31
ISIC_0000240,0.05,2,0.9574,0.9182,26.4
ISIC_0000240,0.1,0,0.8413,0.726,61.96
ISIC_0000240,0.1,1,0.9116,0.8375,56.05
ISIC_0000240,0.1,2,0.9293,0.868,35.9
ISIC_0000240,0.2,0,0.7263,0.5702,90.45
ISIC_0000240,0.2,1,0.7544,0.6056,88.23
ISIC_0000240,0.2,2,0.9134,0.8406,49.18
ISIC_0000242,0.0,0,0.9078,0.8312,87.01
ISIC_0000242,0.05,0,0.892,0.8051,100.32
ISIC_0000242,0.05,1,0.8548,0.7464,157.77
ISIC_0000242,0.05,2,0.9076,0.8308,74.11
ISIC_0000242,0.1,0,0.8316,0.7118,161.0
ISIC_0000242,0.1,1,0.8357,0.7178,159.25
ISIC_0000242,0.1,2,0.8504,0.7397,145.68
ISIC_0000242,0.2,0,0.8098,0.6804,210.0
ISIC_0000242,0.2,1,0.9126,0.8392,56.04
ISIC_0000242,0.2,2,0.8746,0.7771,120.97
ISIC_0000243,0.0,0,0.9759,0.9529,13.24
ISIC_0000243,0.05,0,0.9707,0.9431,16.12
ISIC_0000243,0.05,1,0.9674,0.9369,16.16
ISIC_0000243,0.05,2,0.9539,0.9118,28.57
ISIC_0000243,0.1,0,0.9411,0.8887,40.01
ISIC_0000243,0.1,1,0.9343,0.8768,69.41
ISIC_0000243,0.1,2,0.9367,0.8809,36.72
ISIC_0000243,0.2,0,0.9404,0.8875,37.11
ISIC_0000243,0.2,1,0.699,0.5373,163.49
ISIC_0000243,0.2,2,0.6224,0.4518,190.48
ISIC_0000244,0.0,0,0.9462,0.8979,34.81
ISIC_0000244,0.05,0,0.9429,0.8919,31.24
ISIC_0000244,0.05,1,0.9215,0.8545,42.72
ISIC_0000244,0.05,2,0.927,0.8639,40.44
ISIC_0000244,0.1,0,0.8287,0.7075,107.62
ISIC_0000244,0.1,1,0.8981,0.8151,56.85
ISIC_0000244,0.1,2,0.8514,0.7412,78.1
ISIC_0000244,0.2,0,0.8165,0.6899,93.01
ISIC_0000244,0.2,1,0.7461,0.595,119.22
ISIC_0000244,0.2,2,0.804,0.6723,86.03
ISIC_0000245,0.0,0,0.9053,0.8269,59.14
ISIC_0000245,0.05,0,0.6955,0.5332,197.33
ISIC_0000245,0.05,1,0.9072,0.8302,62.8
ISIC_0000245,0.05,2,0.8698,0.7696,68.01
ISIC_0000245,0.1,0,0.8789,0.784,69.2
ISIC_0000245,0.1,1,0.7531,0.6039,153.13
ISIC_0000245,0.1,2,0.8212,0.6966,141.3
ISIC_0000245,0.2,0,0.7888,0.6513,181.02
ISIC_0000245,0.2,1,0.4785,0.3145,215.24
ISIC_0000245,0.2,2,0.6194,0.4486,208.39
ISIC_0000246,0.0,0,0.9602,0.9234,35.35
ISIC_0000246,0.05,0,0.9583,0.92,36.01
ISIC_0000246,0.05,1,0.9481,0.9013,45.04
ISIC_0000246,0.05,2,0.9696,0.9411,27.73
ISIC_0000246,0.1,0,0.942,0.8904,45.0
ISIC_0000246,0.1,1,0.948,0.9012,47.43
ISIC_0000246,0.1,2,0.9282,0.866,53.85
ISIC_0000246,0.2,0,0.6685,0.5021,244.65
ISIC_0000246,0.2,1,0.4941,0.3281,258.77
ISIC_0000246,0.2,2,0.9158,0.8447,60.21
ISIC_0000247,0.0,0,0.8851,0.794,31.91
ISIC_0000247,0.05,0,0.8639,0.7604,32.57
ISIC_0000247,0.05,1,0.8995,0.8173,29.7
ISIC_0000247,0.05,2,0.9131,0.84,25.5
ISIC_0000247,0.1,0,0.8783,0.783,35.81
ISIC_0000247,0.1,1,0.7808,0.6405,45.94
ISIC_0000247,0.1,2,0.9133,0.8404,29.61
ISIC_0000247,0.2,0,0.874,0.7762,89.21
ISIC_0000247,0.2,1,0.9075,0.8307,30.77
ISIC_0000247,0.2,2,0.851,0.7406,48.09
ISIC_0000249,0.0,0,0.9665,0.9352,21.3
ISIC_0000249,0.05,0,0.9479,0.9009,25.0
ISIC_0000249,0.05,1,0.9449,0.8956,25.95
ISIC_0000249,0.05,2,0.9501,0.9049,29.08
ISIC_0000249,0.1,0,0.892,0.8051,61.22
ISIC_0000249,0.1,1,0.9429,0.8919,23.35
ISIC_0000249,0.1,2,0.9751,0.9514,11.4
ISIC_0000249,0.2,0,0.447,0.2878,178.89
ISIC_0000249,0.2,1,0.8872,0.7972,37.8
ISIC_0000249,0.2,2,0.8981,0.815,39.03
ISIC_0000250,0.0,0,0.9476,0.9004,32.34
ISIC_0000250,0.05,0,0.9398,0.8864,34.44
ISIC_0000250,0.05,1,0.9595,0.9221,31.04
ISIC_0000250,0.05,2,0.9334,0.8751,43.97
ISIC_0000250,0.1,0,0.956,0.9158,32.09
ISIC_0000250,0.1,1,0.8644,0.7612,99.63
ISIC_0000250,0.1,2,0.9419,0.8902,45.18
ISIC_0000250,0.2,0,0.9208,0.8531,66.26
ISIC_0000250,0.2,1,0.9423,0.8908,42.06
ISIC_0000250,0.2,2,0.6512,0.4828,216.75
ISIC_0000251,0.0,0,0.8674,0.7658,38.98
ISIC_0000251,0.05,0,0.8071,0.6766,43.04
ISIC_0000251,0.05,1,0.8304,0.71,41.77
ISIC_0000251,0.05,2,0.8246,0.7016,43.46
ISIC_0000251,0.1,0,0.8707,0.7711,41.77
ISIC_0000251,0.1,1,0.8656,0.763,40.71
ISIC_0000251,0.1,2,0.8467,0.7342,39.58
ISIC_0000251,0.2,0,0.774,0.6313,56.21
ISIC_0000251,0.2,1,0.8519,0.7421,67.57
ISIC_0000251,0.2,2,0.7409,0.5884,66.2
ISIC_0000252,0.0,0,0.9378,0.8829,20.25
ISIC_0000252,0.05,0,0.9201,0.852,27.57
ISIC_0000252,0.05,1,0.8911,0.8036,27.86
ISIC_0000252,0.05,2,0.8464,0.7337,41.0
ISIC_0000252,0.1,0,0.868,0.7668,48.4
ISIC_0000252,0.1,1,0.9382,0.8836,20.02
ISIC_0000252,0.1,2,0.8648,0.7618,49.04
ISIC_0000252,0.2,0,0.8145,0.687,81.22
ISIC_0000252,0.2,1,0.6976,0.5357,88.82
ISIC_0000252,0.2,2,0.6996,0.538,86.4
ISIC_0000253,0.0,0,0.9142,0.8419,16.71
ISIC_0000253,0.05,0,0.9249,0.8602,17.89
ISIC_0000253,0.05,1,0.8976,0.8141,20.62
ISIC_0000253,0.05,2,0.9021,0.8216,19.0
ISIC_0000253,0.1,0,0.942,0.8904,14.42
ISIC_0000253,0.1,1,0.8568,0.7494,26.67
ISIC_0000253,0.1,2,0.8792,0.7845,22.02
ISIC_0000253,0.2,0,0.9006,0.8192,23.35
ISIC_0000253,0.2,1,0.9142,0.8419,23.01
ISIC_0000253,0.2,2,0.8352,0.717,31.4
ISIC_0000254,0.0,0,0.9224,0.856,37.0
ISIC_0000254,0.05,0,0.946,0.8976,28.18
ISIC_0000254,0.05,1,0.9406,0.8878,29.84
ISIC_0000254,0.05,2,0.9424,0.8911,28.09
ISIC_0000254,0.1,0,0.937,0.8815,26.68
ISIC_0000254,0.1,1,0.791,0.6542,97.68
ISIC_0000254,0.1,2,0.8228,0.6989,73.24
ISIC_0000254,0.2,0,0.6963,0.5341,114.28
ISIC_0000254,0.2,1,0.5486,0.378,193.25
ISIC_0000254,0.2,2,0.7694,0.6252,109.61
ISIC_0000255,0.0,0,0.9617,0.9262,17.72
ISIC_0000255,0.05,0,0.9457,0.897,25.43
ISIC_0000255,0.05,1,0.9421,0.8905,24.44
ISIC_0000255,0.05,2,0.9448,0.8954,26.17
ISIC_0000255,0.1,0,0.3288,0.1967,114.04
ISIC_0000255,0.1,1,0.8936,0.8077,39.05
ISIC_0000255,0.1,2,0.9323,0.8732,31.86
ISIC_0000255,0.2,0,0.1355,0.0727,98.31
ISIC_0000255,0.2,1,0.7793,0.6384,85.97
ISIC_0000255,0.2,2,0.9235,0.8578,39.05
ISIC_0000256,0.0,0,0.893,0.8067,24.2
ISIC_0000256,0.05,0,0.8683,0.7673,34.02
ISIC_0000256,0.05,1,0.9072,0.8301,21.95
ISIC_0000256,0.05,2,0.9084,0.8322,19.65
ISIC_0000256,0.1,0,0.885,0.7937,23.02
ISIC_0000256,0.1,1,0.8389,0.7225,43.19
ISIC_0000256,0.1,2,0.8671,0.7654,30.0
ISIC_0000256,0.2,0,0.9035,0.824,21.1
ISIC_0000256,0.2,1,0.8008,0.6678,69.04
ISIC_0000256,0.2,2,0.7504,0.6006,53.08
ISIC_0000258,0.0,0,0.9218,0.8549,44.72
ISIC_0000258,0.05,0,0.9056,0.8275,56.22
ISIC_0000258,0.05,1,0.9055,0.8274,51.62
ISIC_0000258,0.05,2,0.9028,0.8228,51.83
ISIC_0000258,0.1,0,0.8665,0.7645,89.08
ISIC_0000258,0.1,1,0.821,0.6964,84.1
ISIC_0000258,0.1,2,0.927,0.864,68.47
ISIC_0000258,0.2,0,0.8528,0.7433,88.54
ISIC_0000258,0.2,1,0.8387,0.7222,144.27
ISIC_0000258,0.2,2,0.8098,0.6804,153.84
ISIC_0000259,0.0,0,0.9649,0.9322,66.05
ISIC_0000259,0.05,0,0.9514,0.9073,70.49
ISIC_0000259,0.05,1,0.936,0.8796,57.28
ISIC_0000259,0.05,2,0.9645,0.9315,67.25
ISIC_0000259,0.1,0,0.9016,0.8208,138.93
ISIC_0000259,0.1,1,0.8405,0.7249,146.0
ISIC_0000259,0.1,2,0.9211,0.8537,127.58
ISIC_0000259,0.2,0,0.7564,0.6082,297.0
ISIC_0000259,0.2,1,0.4971,0.3308,371.1
ISIC_0000259,0.2,2,0.7902,0.6532,257.02
ISIC_0000260,0.0,0,0.9685,0.9388,15.81
ISIC_0000260,0.05,0,0.9584,0.9201,19.0
ISIC_0000260,0.05,1,0.9639,0.9304,17.47
ISIC_0000260,0.05,2,0.9658,0.9338,17.0
ISIC_0000260,0.1,0,0.8102,0.681,100.38
ISIC_0000260,0.1,1,0.9407,0.8881,29.0
ISIC_0000260,0.1,2,0.9123,0.8387,76.42
ISIC_0000260,0.2,0,0.7902,0.6531,118.13
ISIC_0000260,0.2,1,0.9551,0.9141,21.21
ISIC_0000260,0.2,2,0.8401,0.7244,110.52
ISIC_0000261,0.0,0,0.8962,0.8119,27.0
ISIC_0000261,0.05,0,0.9058,0.8278,20.4
ISIC_0000261,0.05,1,0.9077,0.831,24.0
ISIC_0000261,0.05,2,0.9126,0.8392,19.03
ISIC_0000261,0.1,0,0.8043,0.6727,42.95
ISIC_0000261,0.1,1,0.9223,0.8557,22.85
ISIC_0000261,0.1,2,0.8419,0.727,33.96
ISIC_0000261,0.2,0,0.8884,0.7992,29.7
ISIC_0000261,0.2,1,0.8704,0.7706,37.14
ISIC_0000261,0.2,2,0.8943,0.8087,24.0
ISIC_0000262,0.0,0,0.904,0.8247,22.19
ISIC_0000262,0.05,0,0.903,0.8231,24.08
ISIC_0000262,0.05,1,0.8421,0.7272,28.0
ISIC_0000262,0.05,2,0.8693,0.7688,27.61
ISIC_0000262,0.1,0,0.8189,0.6933,30.81
ISIC_0000262,0.1,1,0.7728,0.6298,33.84
ISIC_0000262,0.1,2,0.9088,0.8328,17.0
ISIC_0000262,0.2,0,0.8074,0.677,36.01
ISIC_0000262,0.2,1,0.7694,0.6253,37.38
ISIC_0000262,0.2,2,0.8069,0.6763,33.06
ISIC_0000263,0.0,0,0.9715,0.9447,11.7
ISIC_0000263,0.05,0,0.9579,0.9191,15.65
ISIC_0000263,0.05,1,0.9493,0.9035,19.7
ISIC_0000263,0.05,2,0.9684,0.9388,17.72
ISIC_0000263,0.1,0,0.9563,0.9163,19.0
ISIC_0000263,0.1,1,0.9467,0.8988,34.93
ISIC_0000263,0.1,2,0.9093,0.8336,55.63
ISIC_0000263,0.2,0,0.695,0.5326,108.96
ISIC_0000263,0.2,1,0.9384,0.884,38.13
ISIC_0000263,0.2,2,0.6869,0.5231,138.21
ISIC_0000264,0.0,0,0.9617,0.9262,23.26
ISIC_0000264,0.05,0,0.9557,0.9151,25.18
ISIC_0000264,0.05,1,0.9485,0.902,26.92
ISIC_0000264,0.05,2,0.9694,0.9406,23.0
ISIC_0000264,0.1,0,0.114,0.0605,188.15
ISIC_0000264,0.1,1,0.9572,0.918,42.12
ISIC_0000264,0.1,2,0.8526,0.7431,161.4
ISIC_0000264,0.2,0,0.9714,0.9443,26.61
ISIC_0000264,0.2,1,0.8931,0.8068,141.9
ISIC_0000264,0.2,2,0.3581,0.2181,217.06
ISIC_0000265,0.0,0,0.9168,0.8464,45.18
ISIC_0000265,0.05,0,0.9187,0.8496,44.93
ISIC_0000265,0.05,1,0.9219,0.855,44.65
ISIC_0000265,0.05,2,0.9181,0.8487,43.38
ISIC_0000265,0.1,0,0.912,0.8382,44.99
ISIC_0000265,0.1,1,0.8641,0.7607,58.82
ISIC_0000265,0.1,2,0.9129,0.8397,46.67
ISIC_0000265,0.2,0,0.7614,0.6148,92.5
ISIC_0000265,0.2,1,0.7839,0.6447,83.02
ISIC_0000265,0.2,2,0.7471,0.5964,138.79
ISIC_0000268,0.0,0,0.9642,0.9309,35.81
ISIC_0000268,0.05,0,0.939,0.8849,60.03
ISIC_0000268,0.05,1,0.9514,0.9074,50.78
ISIC_0000268,0.05,2,0.9266,0.8633,91.92
ISIC_0000268,0.1,0,0.789,0.6516,138.91
ISIC_0000268,0.1,1,0.9301,0.8693,69.0
ISIC_0000268,0.1,2,0.9395,0.8858,49.07
ISIC_0000268,0.2,0,0.8226,0.6987,111.08
ISIC_0000268,0.2,1,0.7056,0.5451,198.49
ISIC_0000268,0.2,2,0.6696,0.5033,184.23
ISIC_0000269,0.0,0,0.9572,0.9179,13.38
ISIC_0000269,0.05,0,0.9479,0.9009,21.39
ISIC_0000269,0.05,1,0.9354,0.8786,32.02
ISIC_0000269,0.05,2,0.9133,0.8404,35.85
ISIC_0000269,0.1,0,0.9284,0.8664,26.43
ISIC_0000269,0.1,1,0.9197,0.8513,38.11
ISIC_0000269,0.1,2,0.929,0.8675,24.15
ISIC_0000269,0.2,0,0.3848,0.2383,84.97
ISIC_0000269,0.2,1,0.7816,0.6414,65.51
ISIC_0000269,0.2,2,0.8224,0.6984,58.6
ISIC_0000271,0.0,0,0.8812,0.7877,47.41
ISIC_0000271,0.05,0,0.8511,0.7407,48.27
ISIC_0000271,0.05,1,0.8979,0.8147,47.17
ISIC_0000271,0.05,2,0.9119,0.8381,38.01
ISIC_0000271,0.1,0,0.8221,0.698,65.73
ISIC_0000271,0.1,1,0.8361,0.7183,50.8
ISIC_0000271,0.1,2,0.9501,0.905,27.27
ISIC_0000271,0.2,0,0.8606,0.7553,50.59
ISIC_0000271,0.2,1,0.734,0.5797,87.55
ISIC_0000271,0.2,2,0.704,0.5433,124.86
ISIC_0000274,0.0,0,0.9339,0.8759,57.25
ISIC_0000274,0.05,0,0.9287,0.8669,57.57
ISIC_0000274,0.05,1,0.8574,0.7503,41.61
ISIC_0000274,0.05,2,0.8517,0.7417,121.84
ISIC_0000274,0.1,0,0.8923,0.8055,78.49
ISIC_0000274,0.1,1,0.8263,0.704,134.94
ISIC_0000274,0.1,2,0.8049,0.6736,149.35
ISIC_0000274,0.2,0,0.838,0.7212,110.69
ISIC_0000274,0.2,1,0.7116,0.5523,191.07
ISIC_0000274,0.2,2,0.8473,0.7351,140.69
ISIC_0000275,0.0,0,0.9203,0.8523,24.74
ISIC_0000275,0.05,0,0.8966,0.8125,30.0
ISIC_0000275,0.05,1,0.8833,0.791,32.0
ISIC_0000275,0.05,2,0.9164,0.8457,26.25
ISIC_0000275,0.1,0,0.9043,0.8253,25.71
ISIC_0000275,0.1,1,0.893,0.8067,37.01
ISIC_0000275,0.1,2,0.9366,0.8807,21.34
ISIC_0000275,0.2,0,0.8502,0.7394,37.03
ISIC_0000275,0.2,1,0.8357,0.7177,81.87
ISIC_0000275,0.2,2,0.8161,0.6894,76.69
ISIC_0000276,0.0,0,0.9821,0.9649,14.32
ISIC_0000276,0.05,0,0.9817,0.9641,13.0
ISIC_0000276,0.05,1,0.9773,0.9557,18.03
ISIC_0000276,0.05,2,0.9702,0.9422,24.0
ISIC_0000276,0.1,0,0.9552,0.9143,34.93
ISIC_0000276,0.1,1,0.9601,0.9232,31.14
ISIC_0000276,0.1,2,0.976,0.9532,18.79
ISIC_0000276,0.2,0,0.9404,0.8874,100.35
ISIC_0000276,0.2,1,0.7349,0.5809,215.74
ISIC_0000276,0.2,2,0.7522,0.6029,199.83
ISIC_0000277,0.0,0,0.9635,0.9296,23.02
ISIC_0000277,0.05,0,0.9656,0.9335,21.0
ISIC_0000277,0.05,1,0.9611,0.9251,29.0
ISIC_0000277,0.05,2,0.9336,0.8754,35.51
ISIC_0000277,0.1,0,0.9147,0.8427,59.5
ISIC_0000277,0.1,1,0.9169,0.8465,58.0
ISIC_0000277,0.1,2,0.8936,0.8076,64.63
ISIC_0000277,0.2,0,0.8998,0.8179,69.18
ISIC_0000277,0.2,1,0.8946,0.8094,81.05
ISIC_0000277,0.2,2,0.8832,0.7908,116.28
ISIC_0000278,0.0,0,0.9167,0.8462,64.92
ISIC_0000278,0.05,0,0.9022,0.8218,75.45
ISIC_0000278,0.05,1,0.9029,0.823,77.03
ISIC_0000278,0.05,2,0.8605,0.7551,79.4
ISIC_0000278,0.1,0,0.8008,0.6678,117.1
ISIC_0000278,0.1,1,0.8559,0.7481,102.73
ISIC_0000278,0.1,2,0.8409,0.7254,106.36
ISIC_0000278,0.2,0,0.7801,0.6395,151.61
ISIC_0000278,0.2,1,0.7704,0.6266,182.95
ISIC_0000278,0.2,2,0.8523,0.7426,90.79
ISIC_0000279,0.0,0,0.9364,0.8804,79.64
ISIC_0000279,0.05,0,0.9297,0.8687,66.29
ISIC_0000279,0.05,1,0.8766,0.7804,121.03
ISIC_0000279,0.05,2,0.948,0.9011,65.03
ISIC_0000279,0.1,0,0.8699,0.7698,132.19
ISIC_0000279,0.1,1,0.8214,0.697,141.48
ISIC_0000279,0.1,2,0.9211,0.8538,77.43
ISIC_0000279,0.2,0,0.8628,0.7587,147.05
ISIC_0000279,0.2,1,0.8002,0.6669,167.53
ISIC_0000279,0.2,2,0.8479,0.7359,159.29
ISIC_0000281,0.0,0,0.9713,0.9441,18.79
ISIC_0000281,0.05,0,0.97,0.9417,20.12
ISIC_0000281,0.05,1,0.9671,0.9364,28.88
ISIC_0000281,0.05,2,0.9702,0.942,16.07
ISIC_0000281,0.1,0,0.8797,0.7853,79.98
ISIC_0000281,0.1,1,0.7856,0.6469,90.46
ISIC_0000281,0.1,2,0.9332,0.8748,53.15
ISIC_0000281,0.2,0,0.7037,0.5428,151.35
ISIC_0000281,0.2,1,0.8959,0.8114,86.38
ISIC_0000281,0.2,2,0.7101,0.5505,170.51
ISIC_0000282,0.0,0,0.9636,0.9298,28.28
ISIC_0000282,0.05,0,0.9582,0.9197,30.48
ISIC_0000282,0.05,1,0.9354,0.8786,46.0
ISIC_0000282,0.05,2,0.9504,0.9055,41.36
ISIC_0000282,0.1,0,0.9219,0.855,67.49
ISIC_0000282,0.1,1,0.8937,0.8078,75.19
ISIC_0000282,0.1,2,0.9278,0.8653,56.06
ISIC_0000282,0.2,0,0.7943,0.6588,175.48
ISIC_0000282,0.2,1,0.9613,0.9254,27.76
ISIC_0000282,0.2,2,0.7353,0.5814,141.16
ISIC_0000283,0.0,0,0.9358,0.8793,21.3
ISIC_0000283,0.05,0,0.9171,0.8468,27.49
ISIC_0000283,0.05,1,0.9311,0.8712,25.35
ISIC_0000283,0.05,2,0.8248,0.7019,57.29
ISIC_0000283,0.1,0,0.7898,0.6527,62.08
ISIC_0000283,0.1,1,0.9409,0.8883,24.7
ISIC_0000283,0.1,2,0.8539,0.745,40.01
ISIC_0000283,0.2,0,0.8964,0.8122,38.97
ISIC_0000283,0.2,1,0.8252,0.7025,84.31
ISIC_0000283,0.2,2,0.7406,0.588,91.28
ISIC_0000287,0.0,0,0.9526,0.9094,38.0
ISIC_0000287,0.05,0,0.9518,0.9081,36.25
ISIC_0000287,0.05,1,0.9503,0.9053,36.06
ISIC_0000287,0.05,2,0.9521,0.9085,36.24
ISIC_0000287,0.1,0,0.9415,0.8895,34.23
ISIC_0000287,0.1,1,0.945,0.8958,36.63
ISIC_0000287,0.1,2,0.9345,0.8771,33.54
ISIC_0000287,0.2,0,0.9028,0.8228,55.01
ISIC_0000287,0.2,1,0.8374,0.7204,84.49
ISIC_0000287,0.2,2,0.8438,0.7299,92.2
ISIC_0000288,0.0,0,0.9693,0.9404,28.02
ISIC_0000288,0.05,0,0.9701,0.942,27.44
ISIC_0000288,0.05,1,0.9248,0.8601,99.0
ISIC_0000288,0.05,2,0.9595,0.9221,33.24
ISIC_0000288,0.1,0,0.9564,0.9165,33.41
ISIC_0000288,0.1,1,0.9696,0.941,27.78
ISIC_0000288,0.1,2,0.9121,0.8383,98.08
ISIC_0000288,0.2,0,0.9701,0.942,27.44
ISIC_0000288,0.2,1,0.9352,0.8782,119.04
ISIC_0000288,0.2,2,0.4308,0.2745,350.96
ISIC_0000290,0.0,0,0.8844,0.7928,78.72
ISIC_0000290,0.05,0,0.8978,0.8145,73.54
ISIC_0000290,0.05,1,0.8951,0.8102,74.33
ISIC_0000290,0.05,2,0.8917,0.8045,75.77
ISIC_0000290,0.1,0,0.8252,0.7025,97.17
ISIC_0000290,0.1,1,0.8684,0.7674,75.17
ISIC_0000290,0.1,2,0.8114,0.6827,82.49
ISIC_0000290,0.2,0,0.7629,0.6167,123.83
ISIC_0000290,0.2,1,0.8311,0.711,116.64
ISIC_0000290,0.2,2,0.6982,0.5364,120.21
ISIC_0000292,0.0,0,0.9594,0.9219,38.07
ISIC_0000292,0.05,0,0.8954,0.8105,104.5
ISIC_0000292,0.05,1,0.9505,0.9057,51.32
ISIC_0000292,0.05,2,0.9003,0.8187,103.41
ISIC_0000292,0.1,0,0.9412,0.889,55.44
ISIC_0000292,0.1,1,0.9063,0.8287,100.84
ISIC_0000292,0.1,2,0.8891,0.8004,101.04
ISIC_0000292,0.2,0,0.8515,0.7415,112.06
ISIC_0000292,0.2,1,0.778,0.6366,163.27
ISIC_0000292,0.2,2,0.9033,0.8237,102.25
ISIC_0000293,0.0,0,0.9737,0.9488,56.05
ISIC_0000293,0.05,0,0.7213,0.5641,332.05
ISIC_0000293,0.05,1,0.7984,0.6644,312.0
ISIC_0000293,0.05,2,0.726,0.5698,333.04
ISIC_0000293,0.1,0,0.6123,0.4412,315.0
ISIC_0000293,0.1,1,0.7558,0.6074,178.0
ISIC_0000293,0.1,2,0.9722,0.9459,57.14
ISIC_0000293,0.2,0,0.7178,0.5599,348.0
ISIC_0000293,0.2,1,0.6187,0.4479,256.0
ISIC_0000293,0.2,2,0.6063,0.435,348.85
ISIC_0000294,0.0,0,0.9405,0.8877,64.63
ISIC_0000294,0.05,0,0.9237,0.8581,73.95
ISIC_0000294,0.05,1,0.9032,0.8235,104.98
ISIC_0000294,0.05,2,0.9212,0.8539,60.41
ISIC_0000294,0.1,0,0.8108,0.6819,195.58
ISIC_0000294,0.1,1,0.8708,0.7712,129.0
ISIC_0000294,0.1,2,0.7652,0.6196,188.0
ISIC_0000294,0.2,0,0.5688,0.3974,277.04
ISIC_0000294,0.2,1,0.7616,0.615,202.32
ISIC_0000294,0.2,2,0.8918,0.8047,148.49
ISIC_0000295,0.0,0,0.9195,0.8509,48.1
ISIC_0000295,0.05,0,0.877,0.781,61.52
ISIC_0000295,0.05,1,0.8873,0.7974,60.21
ISIC_0000295,0.05,2,0.9211,0.8538,47.49
ISIC_0000295,0.1,0,0.8801,0.7859,57.37
ISIC_0000295,0.1,1,0.7767,0.6349,100.0
ISIC_0000295,0.1,2,0.8641,0.7607,66.02
ISIC_0000295,0.2,0,0.8791,0.7843,109.12
ISIC_0000295,0.2,1,0.9176,0.8478,52.01
ISIC_0000295,0.2,2,0.8421,0.7272,120.2
ISIC_0000297,0.0,0,0.8978,0.8145,20.35
ISIC_0000297,0.05,0,0.8991,0.8167,21.0
ISIC_0000297,0.05,1,0.8641,0.7608,23.77
ISIC_0000297,0.05,2,0.8731,0.7748,23.09
ISIC_0000297,0.1,0,0.9584,0.9201,12.65
ISIC_0000297,0.1,1,0.8144,0.6869,43.01
ISIC_0000297,0.1,2,0.83,0.7094,36.67
ISIC_0000297,0.2,0,0.8638,0.7602,54.24
ISIC_0000297,0.2,1,0.8234,0.6998,41.01
ISIC_0000297,0.2,2,0.8115,0.6827,49.0
ISIC_0000298,0.0,0,0.966,0.9343,7.21
ISIC_0000298,0.05,0,0.9654,0.933,7.62
ISIC_0000298,0.05,1,0.9637,0.9299,8.74
ISIC_0000298,0.05,2,0.9641,0.9307,8.25
ISIC_0000298,0.1,0,0.9539,0.9119,12.0
ISIC_0000298,0.1,1,0.9013,0.8204,38.0
ISIC_0000298,0.1,2,0.9443,0.8945,13.0
ISIC_0000298,0.2,0,0.8431,0.7287,55.07
ISIC_0000298,0.2,1,0.9009,0.8197,29.0
ISIC_0000298,0.2,2,0.8407,0.7252,40.0
ISIC_0000299,0.0,0,0.9399,0.8865,35.34
ISIC_0000299,0.05,0,0.9062,0.8286,45.1
ISIC_0000299,0.05,1,0.9319,0.8726,37.45
ISIC_0000299,0.05,2,0.9186,0.8494,53.49
ISIC_0000299,0.1,0,0.8569,0.7497,79.2
ISIC_0000299,0.1,1,0.8622,0.7577,94.8
ISIC_0000299,0.1,2,0.9097,0.8344,81.74
ISIC_0000299,0.2,0,0.7831,0.6435,114.15
ISIC_0000299,0.2,1,0.9138,0.8412,67.13
ISIC_0000299,0.2,2,0.7214,0.5643,176.68
ISIC_0000300,0.0,0,0.9241,0.859,68.89
ISIC_0000300,0.05,0,0.9168,0.8464,29.41
ISIC_0000300,0.05,1,0.8778,0.7821,39.05
ISIC_0000300,0.05,2,0.8602,0.7547,43.65
ISIC_0000300,0.1,0,0.9054,0.8272,54.09
ISIC_0000300,0.1,1,0.8816,0.7883,89.63
ISIC_0000300,0.1,2,0.8569,0.7496,101.78
ISIC_0000300,0.2,0,0.7146,0.5559,122.06
ISIC_0000300,0.2,1,0.8621,0.7577,94.45
ISIC_0000300,0.2,2,0.7632,0.6171,81.06
ISIC_0000301,0.0,0,0.9409,0.8884,99.9
ISIC_0000301,0.05,0,0.9375,0.8824,67.13
ISIC_0000301,0.05,1,0.9296,0.8684,52.57
ISIC_0000301,0.05,2,0.9405,0.8877,97.33
ISIC_0000301,0.1,0,0.9405,0.8877,97.33
ISIC_0000301,0.1,1,0.878,0.7825,86.0
ISIC_0000301,0.1,2,0.8946,0.8092,68.06
ISIC_0000301,0.2,0,0.9481,0.9013,62.0
ISIC_0000301,0.2,1,0.9367,0.8809,101.24
ISIC_0000301,0.2,2,0.9017,0.821,70.21
ISIC_0000303,0.0,0,0.7883,0.6505,180.27
ISIC_0000303,0.05,0,0.7818,0.6417,149.0
ISIC_0000303,0.05,1,0.8122,0.6838,146.0
ISIC_0000303,0.05,2,0.7881,0.6503,144.53
ISIC_0000303,0.1,0,0.7808,0.6404,142.0
ISIC_0000303,0.1,1,0.7867,0.6485,182.48
ISIC_0000303,0.1,2,0.7626,0.6162,176.0
ISIC_0000303,0.2,0,0.7351,0.5812,204.44
ISIC_0000303,0.2,1,0.6917,0.5287,138.0
ISIC_0000303,0.2,2,0.579,0.4074,232.57
ISIC_0000306,0.0,0,0.9652,0.9328,11.66
ISIC_0000306,0.05,0,0.9602,0.9235,13.93
ISIC_0000306,0.05,1,0.9649,0.9322,10.82
ISIC_0000306,0.05,2,0.9414,0.8893,22.0
ISIC_0000306,0.1,0,0.9317,0.8722,24.34
ISIC_0000306,0.1,1,0.9615,0.9258,14.0
ISIC_0000306,0.1,2,0.9153,0.8438,23.0
ISIC_0000306,0.2,0,0.91,0.8348,35.19
ISIC_0000306,0.2,1,0.8467,0.7341,53.73
ISIC_0000306,0.2,2,0.8637,0.7601,45.71
ISIC_0000307,0.0,0,0.9003,0.8187,100.3
ISIC_0000307,0.05,0,0.9024,0.8221,114.15
ISIC_0000307,0.05,1,0.8058,0.6747,188.0
ISIC_0000307,0.05,2,0.9134,0.8406,61.93
ISIC_0000307,0.1,0,0.8018,0.6691,149.06
ISIC_0000307,0.1,1,0.8354,0.7174,151.14
ISIC_0000307,0.1,2,0.8014,0.6686,187.0
ISIC_0000307,0.2,0,0.7461,0.595,166.96
ISIC_0000307,0.2,1,0.833,0.7137,132.02
ISIC_0000307,0.2,2,0.7107,0.5513,191.0
ISIC_0000310,0.0,0,0.9387,0.8844,36.67
ISIC_0000310,0.05,0,0.9229,0.8568,77.58
ISIC_0000310,0.05,1,0.9131,0.8401,45.54
ISIC_0000310,0.05,2,0.9221,0.8555,43.16
ISIC_0000310,0.1,0,0.8928,0.8063,49.06
ISIC_0000310,0.1,1,0.8666,0.7647,85.71
ISIC_0000310,0.1,2,0.8096,0.6801,103.25
ISIC_0000310,0.2,0,0.8492,0.738,105.0
ISIC_0000310,0.2,1,0.8207,0.6959,126.59
ISIC_0000310,0.2,2,0.7153,0.5568,132.66
ISIC_0000311,0.0,0,0.9255,0.8613,68.88
ISIC_0000311,0.05,0,0.8723,0.7735,86.1
ISIC_0000311,0.05,1,0.8721,0.7733,94.86
ISIC_0000311,0.05,2,0.9244,0.8594,79.59
ISIC_0000311,0.1,0,0.2035,0.1133,240.0
ISIC_0000311,0.1,1,0.7561,0.6078,166.06
ISIC_0000311,0.1,2,0.8678,0.7665,85.02
ISIC_0000311,0.2,0,0.9324,0.8734,83.46
ISIC_0000311,0.2,1,0.6714,0.5054,214.12
ISIC_0000311,0.2,2,0.6742,0.5085,234.2
ISIC_0000313,0.0,0,0.9354,0.8786,25.47
ISIC_0000313,0.05,0,0.9271,0.8641,28.02
ISIC_0000313,0.05,1,0.9308,0.8705,26.4
ISIC_0000313,0.05,2,0.9389,0.8849,29.83
ISIC_0000313,0.1,0,0.8531,0.7438,39.65
ISIC_0000313,0.1,1,0.9203,0.8524,22.47
ISIC_0000313,0.1,2,0.8951,0.8102,30.81
ISIC_0000313,0.2,0,0.7403,0.5877,133.55
ISIC_0000313,0.2,1,0.7252,0.5689,82.64
ISIC_0000313,0.2,2,0.9236,0.8581,32.0
ISIC_0000314,0.0,0,0.9739,0.9492,13.0
ISIC_0000314,0.05,0,0.9613,0.9255,26.91
ISIC_0000314,0.05,1,0.9331,0.8746,25.32
ISIC_0000314,0.05,2,0.9688,0.9396,14.0
ISIC_0000314,0.1,0,0.9385,0.8841,29.99
ISIC_0000314,0.1,1,0.8787,0.7837,112.45
ISIC_0000314,0.1,2,0.8988,0.8162,45.71
ISIC_0000314,0.2,0,0.6517,0.4833,114.12
ISIC_0000314,0.2,1,0.9163,0.8455,48.84
ISIC_0000314,0.2,2,0.7615,0.6149,78.79
ISIC_0000315,0.0,0,0.9224,0.856,16.28
ISIC_0000315,0.05,0,0.9611,0.9251,12.53
ISIC_0000315,0.05,1,0.9085,0.8324,18.0
ISIC_0000315,0.05,2,0.9287,0.8669,16.12
ISIC_0000315,0.1,0,0.886,0.7953,31.58
ISIC_0000315,0.1,1,0.8293,0.7083,35.78
ISIC_0000315,0.1,2,0.8344,0.7158,38.01
ISIC_0000315,0.2,0,0.6904,0.5272,98.16
ISIC_0000315,0.2,1,0.7476,0.597,70.32
ISIC_0000315,0.2,2,0.815,0.6877,69.22
ISIC_0000316,0.0,0,0.9,0.8182,46.26
ISIC_0000316,0.05,0,0.9052,0.8268,42.95
ISIC_0000316,0.05,1,0.8879,0.7985,48.0
ISIC_0000316,0.05,2,0.8839,0.7919,53.0
ISIC_0000316,0.1,0,0.8245,0.7014,58.86
ISIC_0000316,0.1,1,0.8457,0.7327,65.23
ISIC_0000316,0.1,2,0.8421,0.7273,116.07
ISIC_0000316,0.2,0,0.8842,0.7924,64.88
ISIC_0000316,0.2,1,0.7638,0.6178,108.22
ISIC_0000316,0.2,2,0.862,0.7575,59.09
ISIC_0000317,0.0,0,0.8544,0.7458,16.29
ISIC_0000317,0.05,0,0.8415,0.7263,17.66
ISIC_0000317,0.05,1,0.8785,0.7834,14.32
ISIC_0000317,0.05,2,0.8697,0.7694,16.13
ISIC_0000317,0.1,0,0.8089,0.6791,17.0
ISIC_0000317,0.1,1,0.8605,0.7551,13.42
ISIC_0000317,0.1,2,0.8737,0.7757,14.42
ISIC_0000317,0.2,0,0.702,0.5409,37.22
ISIC_0000317,0.2,1,0.9068,0.8295,16.08
ISIC_0000317,0.2,2,0.7424,0.5904,36.64
ISIC_0000319,0.0,0,0.896,0.8115,22.94
ISIC_0000319,0.05,0,0.909,0.8332,21.93
ISIC_0000319,0.05,1,0.8989,0.8163,23.26
ISIC_0000319,0.05,2,0.8972,0.8136,23.27
ISIC_0000319,0.1,0,0.8562,0.7486,45.18
ISIC_0000319,0.1,1,0.908,0.8316,22.92
ISIC_0000319,0.1,2,0.9114,0.8372,19.42
ISIC_0000319,0.2,0,0.921,0.8536,19.65
ISIC_0000319,0.2,1,0.7796,0.6388,50.6
ISIC_0000319,0.2,2,0.9151,0.8434,19.01
ISIC_0000320,0.0,0,0.9249,0.8603,26.96
ISIC_0000320,0.05,0,0.9243,0.8592,25.38
ISIC_0000320,0.05,1,0.9579,0.9191,18.36
ISIC_0000320,0.05,2,0.9441,0.8941,19.24
ISIC_0000320,0.1,0,0.8331,0.714,142.26
ISIC_0000320,0.1,1,0.8732,0.7749,76.16
ISIC_0000320,0.1,2,0.8939,0.8081,67.21
ISIC_0000320,0.2,0,0.6496,0.481,161.41
ISIC_0000320,0.2,1,0.9588,0.9208,19.03
ISIC_0000320,0.2,2,0.7924,0.6561,116.07
ISIC_0000321,0.0,0,0.8953,0.8105,48.8
ISIC_0000321,0.05,0,0.7928,0.6567,75.81
ISIC_0000321,0.05,1,0.8353,0.7172,60.0
ISIC_0000321,0.05,2,0.9268,0.8636,32.2
ISIC_0000321,0.1,0,0.8511,0.7407,55.53
ISIC_0000321,0.1,1,0.8167,0.6902,67.47
ISIC_0000321,0.1,2,0.8969,0.8131,46.65
ISIC_0000321,0.2,0,0.7547,0.606,99.91
ISIC_0000321,0.2,1,0.5127,0.3447,160.0
ISIC_0000321,0.2,2,0.87,0.7698,74.41
ISIC_0000322,0.0,0,0.8381,0.7213,72.56
ISIC_0000322,0.05,0,0.8291,0.7081,70.0
ISIC_0000322,0.05,1,0.8426,0.7279,70.08
ISIC_0000322,0.05,2,0.8222,0.698,77.95
ISIC_0000322,0.1,0,0.895,0.8099,38.0
ISIC_0000322,0.1,1,0.8279,0.7063,74.73
ISIC_0000322,0.1,2,0.7301,0.575,74.33
ISIC_0000322,0.2,0,0.7586,0.6111,70.69
ISIC_0000322,0.2,1,0.8452,0.7319,63.47
ISIC_0000322,0.2,2,0.7925,0.6564,69.3
ISIC_0000323,0.0,0,0.9011,0.82,30.0
ISIC_0000323,0.05,0,0.8869,0.7967,33.0
ISIC_0000323,0.05,1,0.9164,0.8457,23.32
ISIC_0000323,0.05,2,0.8825,0.7897,29.0
ISIC_0000323,0.1,0,0.8669,0.765,25.5
ISIC_0000323,0.1,1,0.8242,0.701,36.65
ISIC_0000323,0.1,2,0.8322,0.7126,36.06
ISIC_0000323,0.2,0,0.7803,0.6397,52.88
ISIC_0000323,0.2,1,0.7637,0.6177,60.29
ISIC_0000323,0.2,2,0.6469,0.4781,67.09
ISIC_0000324,0.0,0,0.8824,0.7896,53.27
ISIC_0000324,0.05,0,0.8493,0.738,58.54
ISIC_0000324,0.05,1,0.8694,0.7689,58.37
ISIC_0000324,0.05,2,0.8882,0.7989,54.57
ISIC_0000324,0.1,0,0.8177,0.6917,93.83
ISIC_0000324,0.1,1,0.8742,0.7764,68.88
ISIC_0000324,0.1,2,0.835,0.7167,71.0
ISIC_0000324,0.2,0,0.7888,0.6513,96.17
ISIC_0000324,0.2,1,0.7953,0.6602,98.76
ISIC_0000324,0.2,2,0.8165,0.6899,92.12
ISIC_0000325,0.0,0,0.9711,0.9438,10.82
ISIC_0000325,0.05,0,0.9793,0.9595,9.85
ISIC_0000325,0.05,1,0.9596,0.9224,15.13
ISIC_0000325,0.05,2,0.9544,0.9127,14.14
ISIC_0000325,0.1,0,0.8867,0.7964,45.97
ISIC_0000325,0.1,1,0.951,0.9066,35.87
ISIC_0000325,0.1,2,0.968,0.938,15.24
ISIC_0000325,0.2,0,0.8252,0.7024,84.33
ISIC_0000325,0.2,1,0.8354,0.7173,84.18
ISIC_0000325,0.2,2,0.9448,0.8954,40.16
ISIC_0000326,0.0,0,0.931,0.8708,27.86
ISIC_0000326,0.05,0,0.9053,0.827,22.86
ISIC_0000326,0.05,1,0.9294,0.8682,19.42
ISIC_0000326,0.05,2,0.93,0.8691,30.76
ISIC_0000326,0.1,0,0.8782,0.7828,28.32
ISIC_0000326,0.1,1,0.8616,0.7568,29.07
ISIC_0000326,0.1,2,0.9192,0.8505,31.98
ISIC_0000326,0.2,0,0.7646,0.6189,74.86
ISIC_0000326,0.2,1,0.8927,0.8061,41.0
ISIC_0000326,0.2,2,0.8977,0.8143,37.7
ISIC_0000327,0.0,0,0.8931,0.8068,33.26
ISIC_0000327,0.05,0,0.8893,0.8006,33.95
ISIC_0000327,0.05,1,0.8808,0.787,36.21
ISIC_0000327,0.05,2,0.8815,0.7882,34.89
ISIC_0000327,0.1,0,0.882,0.7889,33.25
ISIC_0000327,0.1,1,0.9041,0.825,34.37
ISIC_0000327,0.1,2,0.7443,0.5928,62.65
ISIC_0000327,0.2,0,0.8374,0.7203,74.15
ISIC_0000327,0.2,1,0.7663,0.6211,66.58
ISIC_0000327,0.2,2,0.7619,0.6153,77.8
ISIC_0000328,0.0,0,0.8913,0.8039,46.01
ISIC_0000328,0.05,0,0.8811,0.7875,55.5
ISIC_0000328,0.05,1,0.8761,0.7795,56.02
ISIC_0000328,0.05,2,0.868,0.7668,57.52
ISIC_0000328,0.1,0,0.8122,0.6838,145.53
ISIC_0000328,0.1,1,0.8988,0.8162,65.57
ISIC_0000328,0.1,2,0.9266,0.8632,39.83
ISIC_0000328,0.2,0,0.7547,0.6061,104.1
ISIC_0000328,0.2,1,0.8409,0.7254,72.56
ISIC_0000328,0.2,2,0.8278,0.7062,119.53
ISIC_0000329,0.0,0,0.9169,0.8466,17.46
ISIC_0000329,0.05,0,0.8979,0.8147,21.03
ISIC_0000329,0.05,1,0.877,0.781,25.0
ISIC_0000329,0.05,2,0.874,0.7763,24.04
ISIC_0000329,0.1,0,0.8964,0.8122,35.0
ISIC_0000329,0.1,1,0.8767,0.7805,27.0
ISIC_0000329,0.1,2,0.9458,0.8972,13.89
ISIC_0000329,0.2,0,0.9252,0.8608,41.87
ISIC_0000329,0.2,1,0.9367,0.881,27.8
ISIC_0000329,0.2,2,0.8991,0.8167,38.9
ISIC_0000330,0.0,0,0.898,0.815,26.63
ISIC_0000330,0.05,0,0.8726,0.774,29.48
ISIC_0000330,0.05,1,0.9245,0.8596,20.28
ISIC_0000330,0.05,2,0.8821,0.7891,28.84
ISIC_0000330,0.1,0,0.8778,0.7822,37.48
ISIC_0000330,0.1,1,0.9357,0.8792,22.02
ISIC_0000330,0.1,2,0.8822,0.7892,29.93
ISIC_0000330,0.2,0,0.9205,0.8528,24.19
ISIC_0000330,0.2,1,0.9029,0.823,27.78
ISIC_0000330,0.2,2,0.8315,0.7116,71.07
ISIC_0000331,0.0,0,0.8837,0.7916,35.61
ISIC_0000331,0.05,0,0.9073,0.8304,33.53
ISIC_0000331,0.05,1,0.886,0.7954,36.26
ISIC_0000331,0.05,2,0.9019,0.8213,34.21
ISIC_0000331,0.1,0,0.8994,0.8173,34.89
ISIC_0000331,0.1,1,0.8893,0.8007,37.0
ISIC_0000331,0.1,2,0.8779,0.7824,42.0
ISIC_0000331,0.2,0,0.8022,0.6698,56.43
ISIC_0000331,0.2,1,0.9086,0.8326,38.24
ISIC_0000331,0.2,2,0.8485,0.7369,71.47
ISIC_0000332,0.0,0,0.9483,0.9017,18.37
ISIC_0000332,0.05,0,0.9512,0.907,17.99
ISIC_0000332,0.05,1,0.9467,0.8988,17.0
ISIC_0000332,0.05,2,0.938,0.8832,20.52
ISIC_0000332,0.1,0,0.9229,0.8568,22.02
ISIC_0000332,0.1,1,0.9173,0.8472,24.66
ISIC_0000332,0.1,2,0.9497,0.9042,15.62
ISIC_0000332,0.2,0,0.905,0.8264,26.27
ISIC_0000332,0.2,1,0.9045,0.8256,30.31
ISIC_0000332,0.2,2,0.5961,0.4246,91.57
ISIC_0000336,0.0,0,0.8249,0.702,35.36
ISIC_0000336,0.05,0,0.8043,0.6727,36.8
ISIC_0000336,0.05,1,0.8463,0.7336,34.21
ISIC_0000336,0.05,2,0.8275,0.7057,34.54
ISIC_0000336,0.1,0,0.7701,0.6262,40.36
ISIC_0000336,0.1,1,0.7707,0.6269,38.9
ISIC_0000336,0.1,2,0.7802,0.6397,40.36
ISIC_0000336,0.2,0,0.6725,0.5065,59.94
ISIC_0000336,0.2,1,0.8036,0.6717,37.62
ISIC_0000336,0.2,2,0.7145,0.5559,83.52
ISIC_0000337,0.0,0,0.9157,0.8446,50.45
ISIC_0000337,0.05,0,0.9173,0.8472,52.95
ISIC_0000337,0.05,1,0.8613,0.7563,108.8
ISIC_0000337,0.05,2,0.9353,0.8785,41.76
ISIC_0000337,0.1,0,0.8139,0.6863,105.25
ISIC_0000337,0.1,1,0.8229,0.6991,113.43
ISIC_0000337,0.1,2,0.8499,0.739,111.26
ISIC_0000337,0.2,0,0.7428,0.5908,134.99
ISIC_0000337,0.2,1,0.7758,0.6337,139.02
ISIC_0000337,0.2,2,0.7001,0.5385,122.78
ISIC_0000338,0.0,0,0.9757,0.9525,6.71
ISIC_0000338,0.05,0,0.9775,0.956,7.07
ISIC_0000338,0.05,1,0.962,0.9269,10.0
ISIC_0000338,0.05,2,0.9782,0.9573,6.0
ISIC_0000338,0.1,0,0.953,0.9102,15.0
ISIC_0000338,0.1,1,0.8784,0.7831,27.01
ISIC_0000338,0.1,2,0.9168,0.8463,24.0
ISIC_0000338,0.2,0,0.7319,0.5771,60.41
ISIC_0000338,0.2,1,0.8419,0.727,66.15
ISIC_0000338,0.2,2,0.6811,0.5164,73.81
ISIC_0000339,0.0,0,0.8476,0.7355,38.33
ISIC_0000339,0.05,0,0.8061,0.6752,48.08
ISIC_0000339,0.05,1,0.8813,0.7878,29.53
ISIC_0000339,0.05,2,0.8187,0.693,63.09
ISIC_0000339,0.1,0,0.8399,0.7239,44.0
ISIC_0000339,0.1,1,0.8346,0.7162,46.55
ISIC_0000339,0.1,2,0.909,0.8332,22.36
ISIC_0000339,0.2,0,0.7746,0.6321,71.02
ISIC_0000339,0.2,1,0.8022,0.6697,73.64
ISIC_0000339,0.2,2,0.7921,0.6558,74.72
ISIC_0000340,0.0,0,0.9365,0.8805,16.76
ISIC_0000340,0.05,0,0.907,0.8298,20.4
ISIC_0000340,0.05,1,0.9463,0.8981,17.03
ISIC_0000340,0.05,2,0.9081,0.8317,21.01
ISIC_0000340,0.1,0,0.9043,0.8253,26.97
ISIC_0000340,0.1,1,0.9272,0.8643,19.03
ISIC_0000340,0.1,2,0.9512,0.9069,13.62
ISIC_0000340,0.2,0,0.9461,0.8977,23.19
ISIC_0000340,0.2,1,0.9119,0.8381,41.01
ISIC_0000340,0.2,2,0.933,0.8744,22.44
ISIC_0000341,0.0,0,0.9406,0.8879,16.76
ISIC_0000341,0.05,0,0.9498,0.9043,14.76
ISIC_0000341,0.05,1,0.9022,0.8219,22.47
ISIC_0000341,0.05,2,0.9365,0.8805,18.38
ISIC_0000341,0.1,0,0.9208,0.8533,25.0
ISIC_0000341,0.1,1,0.8995,0.8173,32.05
ISIC_0000341,0.1,2,0.8765,0.7802,38.01
ISIC_0000341,0.2,0,0.93,0.8691,27.66
ISIC_0000341,0.2,1,0.9082,0.8318,40.83
ISIC_0000341,0.2,2,0.6421,0.4728,108.17
ISIC_0000342,0.0,0,0.9393,0.8856,24.74
ISIC_0000342,0.05,0,0.8889,0.8,36.0
ISIC_0000342,0.05,1,0.9324,0.8734,25.8
ISIC_0000342,0.05,2,0.9021,0.8217,28.5
ISIC_0000342,0.1,0,0.8716,0.7724,34.77
ISIC_0000342,0.1,1,0.8601,0.7546,35.09
ISIC_0000342,0.1,2,0.875,0.7777,41.04
ISIC_0000342,0.2,0,0.875,0.7777,51.43
ISIC_0000342,0.2,1,0.7481,0.5976,72.02
ISIC_0000342,0.2,2,0.7558,0.6074,83.18
ISIC_0000343,0.0,0,0.9064,0.8288,36.35
ISIC_0000343,0.05,0,0.9075,0.8307,45.27
ISIC_0000343,0.05,1,0.8945,0.8091,85.42
ISIC_0000343,0.05,2,0.9147,0.8429,35.01
ISIC_0000343,0.1,0,0.8965,0.8124,90.3
ISIC_0000343,0.1,1,0.9062,0.8285,85.23
ISIC_0000343,0.1,2,0.8347,0.7162,97.05
ISIC_0000343,0.2,0,0.7827,0.643,123.45
ISIC_0000343,0.2,1,0.6552,0.4872,207.17
ISIC_0000343,0.2,2,0.7512,0.6016,103.6
ISIC_0000344,0.0,0,0.9009,0.8196,46.73
ISIC_0000344,0.05,0,0.9216,0.8546,44.66
ISIC_0000344,0.05,1,0.8794,0.7848,52.37
ISIC_0000344,0.05,2,0.9148,0.8429,44.25
ISIC_0000344,0.1,0,0.8617,0.757,53.6
ISIC_0000344,0.1,1,0.8726,0.774,52.97
ISIC_0000344,0.1,2,0.9046,0.8258,48.01
ISIC_0000344,0.2,0,0.9117,0.8377,53.89
ISIC_0000344,0.2,1,0.6895,0.5262,181.81
ISIC_0000344,0.2,2,0.8393,0.7231,99.7
ISIC_0000345,0.0,0,0.7422,0.5901,30.81
ISIC_0000345,0.05,0,0.7414,0.589,30.76
ISIC_0000345,0.05,1,0.7559,0.6076,29.28
ISIC_0000345,0.05,2,0.7516,0.602,30.88
ISIC_0000345,0.1,0,0.7155,0.557,32.21
ISIC_0000345,0.1,1,0.8097,0.6802,26.08
ISIC_0000345,0.1,2,0.7691,0.6248,30.36
ISIC_0000345,0.2,0,0.8306,0.7103,23.0
ISIC_0000345,0.2,1,0.7013,0.54,33.24
ISIC_0000345,0.2,2,0.6558,0.4879,38.6
ISIC_0000346,0.0,0,0.9429,0.892,19.02
ISIC_0000346,0.05,0,0.9457,0.897,20.06
ISIC_0000346,0.05,1,0.9302,0.8695,21.02
ISIC_0000346,0.05,2,0.9171,0.8469,23.35
ISIC_0000346,0.1,0,0.9028,0.8228,29.0
ISIC_0000346,0.1,1,0.9096,0.8343,33.07
ISIC_0000346,0.1,2,0.8141,0.6865,53.71
ISIC_0000346,0.2,0,0.8652,0.7624,60.44
ISIC_0000346,0.2,1,0.8382,0.7215,88.39
ISIC_0000346,0.2,2,0.7898,0.6526,80.0
ISIC_0000348,0.0,0,0.9428,0.8917,20.58
ISIC_0000348,0.05,0,0.9322,0.8731,26.17
ISIC_0000348,0.05,1,0.8707,0.771,36.24
ISIC_0000348,0.05,2,0.9164,0.8457,31.83
ISIC_0000348,0.1,0,0.9251,0.8607,25.46
ISIC_0000348,0.1,1,0.8357,0.7177,57.31
ISIC_0000348,0.1,2,0.8747,0.7773,60.23
ISIC_0000348,0.2,0,0.7662,0.621,89.2
ISIC_0000348,0.2,1,0.8263,0.704,69.23
ISIC_0000348,0.2,2,0.8826,0.7899,50.06
ISIC_0000349,0.0,0,0.9359,0.8795,18.97
ISIC_0000349,0.05,0,0.9427,0.8916,17.0
ISIC_0000349,0.05,1,0.943,0.8921,18.72
ISIC_0000349,0.05,2,0.9592,0.9216,13.0
ISIC_0000349,0.1,0,0.9221,0.8555,21.2
ISIC_0000349,0.1,1,0.9195,0.851,20.24
ISIC_0000349,0.1,2,0.8503,0.7395,43.12
ISIC_0000349,0.2,0,0.653,0.4848,75.29
ISIC_0000349,0.2,1,0.7876,0.6496,49.0
ISIC_0000349,0.2,2,0.8203,0.6953,36.88
ISIC_0000350,0.0,0,0.962,0.9268,14.14
ISIC_0000350,0.05,0,0.9564,0.9165,15.0
ISIC_0000350,0.05,1,0.9507,0.906,14.32
ISIC_0000350,0.05,2,0.9452,0.8961,20.01
ISIC_0000350,0.1,0,0.9382,0.8836,26.15
ISIC_0000350,0.1,1,0.9682,0.9384,11.22
ISIC_0000350,0.1,2,0.905,0.8264,36.0
ISIC_0000350,0.2,0,0.8304,0.71,86.33
ISIC_0000350,0.2,1,0.933,0.8743,27.0
ISIC_0000350,0.2,2,0.8625,0.7582,58.68
ISIC_0000351,0.0,0,0.9127,0.8394,31.9
ISIC_0000351,0.05,0,0.8954,0.8106,34.19
ISIC_0000351,0.05,1,0.9133,0.8404,29.63
ISIC_0000351,0.05,2,0.8352,0.717,39.39
ISIC_0000351,0.1,0,0.9079,0.8314,27.82
ISIC_0000351,0.1,1,0.772,0.6287,43.46
ISIC_0000351,0.1,2,0.7653,0.6199,40.81
ISIC_0000351,0.2,0,0.6842,0.52,75.59
ISIC_0000351,0.2,1,0.772,0.6286,46.4
ISIC_0000351,0.2,2,0.7666,0.6216,76.98
ISIC_0000352,0.0,0,0.8834,0.7912,25.0
ISIC_0000352,0.05,0,0.8943,0.8088,22.76
ISIC_0000352,0.05,1,0.8977,0.8144,22.36
ISIC_0000352,0.05,2,0.8968,0.813,22.67
ISIC_0000352,0.1,0,0.8786,0.7835,25.96
ISIC_0000352,0.1,1,0.8741,0.7763,24.02
ISIC_0000352,0.1,2,0.9007,0.8193,26.08
ISIC_0000352,0.2,0,0.8032,0.6711,44.35
ISIC_0000352,0.2,1,0.7532,0.6041,67.48
ISIC_0000352,0.2,2,0.8535,0.7444,39.29
ISIC_0000353,0.0,0,0.8756,0.7788,41.05
ISIC_0000353,0.05,0,0.8942,0.8087,40.5
ISIC_0000353,0.05,1,0.8566,0.7492,44.0
ISIC_0000353,0.05,2,0.877,0.7809,41.68
ISIC_0000353,0.1,0,0.8602,0.7547,41.62
ISIC_0000353,0.1,1,0.8577,0.7508,43.01
ISIC_0000353,0.1,2,0.9034,0.8238,39.16
ISIC_0000353,0.2,0,0.7167,0.5584,92.47
ISIC_0000353,0.2,1,0.7961,0.6612,102.94
ISIC_0000353,0.2,2,0.6435,0.4743,98.41
ISIC_0000354,0.0,0,0.9554,0.9146,21.03
ISIC_0000354,0.05,0,0.9177,0.848,41.0
ISIC_0000354,0.05,1,0.952,0.9085,27.17
ISIC_0000354,0.05,2,0.9492,0.9033,29.21
ISIC_0000354,0.1,0,0.7043,0.5436,98.52
ISIC_0000354,0.1,1,0.9349,0.8778,33.06
ISIC_0000354,0.1,2,0.9305,0.87,36.11
ISIC_0000354,0.2,0,0.8529,0.7436,97.0
ISIC_0000354,0.2,1,0.918,0.8484,50.03
ISIC_0000354,0.2,2,0.8421,0.7272,102.0
ISIC_0000355,0.0,0,0.9437,0.8934,23.32
ISIC_0000355,0.05,0,0.9576,0.9187,20.25
ISIC_0000355,0.05,1,0.9309,0.8707,26.4
ISIC_0000355,0.05,2,0.9142,0.8419,31.89
ISIC_0000355,0.1,0,0.9442,0.8943,35.0
ISIC_0000355,0.1,1,0.339,0.2041,147.11
ISIC_0000355,0.1,2,0.7792,0.6383,120.3
ISIC_0000355,0.2,0,0.1366,0.0733,246.26
ISIC_0000355,0.2,1,0.1938,0.1073,238.23
ISIC_0000355,0.2,2,0.3293,0.1971,125.57
ISIC_0000357,0.0,0,0.9153,0.8438,21.0
ISIC_0000357,0.05,0,0.9023,0.8219,21.1
ISIC_0000357,0.05,1,0.8867,0.7964,23.0
ISIC_0000357,0.05,2,0.9294,0.8682,18.96
ISIC_0000357,0.1,0,0.8827,0.79,40.19
ISIC_0000357,0.1,1,0.91,0.8349,20.59
ISIC_0000357,0.1,2,0.934,0.8762,18.6
ISIC_0000357,0.2,0,0.8911,0.8037,37.34
ISIC_0000357,0.2,1,0.8813,0.7878,34.01
ISIC_0000357,0.2,2,0.8687,0.7679,39.82
ISIC_0000358,0.0,0,0.9124,0.839,22.02
ISIC_0000358,0.05,0,0.9094,0.8339,22.83
ISIC_0000358,0.05,1,0.8955,0.8108,25.5
ISIC_0000358,0.05,2,0.9405,0.8877,19.02
ISIC_0000358,0.1,0,0.2872,0.1677,128.77
ISIC_0000358,0.1,1,0.9034,0.8238,26.84
ISIC_0000358,0.1,2,0.6159,0.445,128.07
ISIC_0000358,0.2,0,0.8528,0.7433,55.03
ISIC_0000358,0.2,1,0.7514,0.6017,60.44
ISIC_0000358,0.2,2,0.7246,0.5681,81.0
ISIC_0000359,0.0,0,0.9599,0.9228,71.85
ISIC_0000359,0.05,0,0.9407,0.888,81.68
ISIC_0000359,0.05,1,0.9133,0.8404,79.91
ISIC_0000359,0.05,2,0.9236,0.8581,44.94
ISIC_0000359,0.1,0,0.8903,0.8022,57.01
ISIC_0000359,0.1,1,0.8703,0.7704,114.21
ISIC_0000359,0.1,2,0.8992,0.8168,55.64
ISIC_0000359,0.2,0,0.883,0.7905,57.27
ISIC_0000359,0.2,1,0.7206,0.5632,157.07
ISIC_0000359,0.2,2,0.897,0.8132,62.32
ISIC_0000360,0.0,0,0.8686,0.7677,21.93
ISIC_0000360,0.05,0,0.8858,0.795,21.01
ISIC_0000360,0.05,1,0.869,0.7684,22.01
ISIC_0000360,0.05,2,0.877,0.7809,21.92
ISIC_0000360,0.1,0,0.8647,0.7616,28.44
ISIC_0000360,0.1,1,0.851,0.7406,23.83
ISIC_0000360,0.1,2,0.8209,0.6962,32.11
ISIC_0000360,0.2,0,0.7866,0.6483,46.18
ISIC_0000360,0.2,1,0.8368,0.7194,36.5
ISIC_0000360,0.2,2,0.8682,0.7671,25.29
ISIC_0000361,0.0,0,0.9314,0.8716,41.11
ISIC_0000361,0.05,0,0.9342,0.8766,36.98
ISIC_0000361,0.05,1,0.934,0.8761,39.04
ISIC_0000361,0.05,2,0.9327,0.8739,38.19
ISIC_0000361,0.1,0,0.8929,0.8065,60.0
ISIC_0000361,0.1,1,0.9377,0.8827,39.82
ISIC_0000361,0.1,2,0.8777,0.782,47.73
ISIC_0000361,0.2,0,0.8184,0.6926,74.25
ISIC_0000361,0.2,1,0.7989,0.6652,92.04
ISIC_0000361,0.2,2,0.8874,0.7975,110.09
ISIC_0000363,0.0,0,0.9266,0.8633,23.05
ISIC_0000363,0.05,0,0.9416,0.8896,22.0
ISIC_0000363,0.05,1,0.94,0.8867,20.25
ISIC_0000363,0.05,2,0.9256,0.8615,23.0
ISIC_0000363,0.1,0,0.8704,0.7705,32.0
ISIC_0000363,0.1,1,0.826,0.7036,58.68
ISIC_0000363,0.1,2,0.9274,0.8647,34.0
ISIC_0000363,0.2,0,0.9436,0.8933,19.31
ISIC_0000363,0.2,1,0.81,0.6806,99.25
ISIC_0000363,0.2,2,0.4879,0.3227,112.43
ISIC_0000364,0.0,0,0.8818,0.7886,52.34
ISIC_0000364,0.05,0,0.8573,0.7503,65.9
ISIC_0000364,0.05,1,0.8826,0.7899,54.99
ISIC_0000364,0.05,2,0.8753,0.7782,52.0
ISIC_0000364,0.1,0,0.8605,0.7552,56.08
ISIC_0000364,0.1,1,0.8577,0.7508,74.71
ISIC_0000364,0.1,2,0.5892,0.4176,144.39
ISIC_0000364,0.2,0,0.7897,0.6525,97.71
ISIC_0000364,0.2,1,0.7591,0.6117,112.04
ISIC_0000364,0.2,2,0.8345,0.716,92.35
ISIC_0000365,0.0,0,0.927,0.864,18.74
ISIC_0000365,0.05,0,0.9165,0.8459,20.62
ISIC_0000365,0.05,1,0.919,0.8501,21.42
ISIC_0000365,0.05,2,0.9336,0.8755,19.1
ISIC_0000365,0.1,0,0.9153,0.8438,24.58
ISIC_0000365,0.1,1,0.9193,0.8506,20.86
ISIC_0000365,0.1,2,0.887,0.7969,30.24
ISIC_0000365,0.2,0,0.8637,0.7601,35.75
ISIC_0000365,0.2,1,0.8607,0.7554,58.52
ISIC_0000365,0.2,2,0.8914,0.804,39.0
ISIC_0000366,0.0,0,0.9201,0.8521,16.74
ISIC_0000366,0.05,0,0.9051,0.8266,17.8
ISIC_0000366,0.05,1,0.8964,0.8123,18.11
ISIC_0000366,0.05,2,0.9442,0.8944,12.0
ISIC_0000366,0.1,0,0.8567,0.7493,23.55
ISIC_0000366,0.1,1,0.9344,0.8769,14.0
ISIC_0000366,0.1,2,0.8819,0.7888,20.04
ISIC_0000366,0.2,0,0.808,0.6778,45.97
ISIC_0000366,0.2,1,0.9141,0.8419,18.0
ISIC_0000366,0.2,2,0.9247,0.86,16.51
ISIC_0000367,0.0,0,0.9159,0.8448,36.24
ISIC_0000367,0.05,0,0.9251,0.8606,35.78
ISIC_0000367,0.05,1,0.9231,0.8571,34.92
ISIC_0000367,0.05,2,0.8885,0.7993,50.63
ISIC_0000367,0.1,0,0.8068,0.6761,79.91
ISIC_0000367,0.1,1,0.9236,0.8581,40.15
ISIC_0000367,0.1,2,0.8041,0.6724,77.98
ISIC_0000367,0.2,0,0.691,0.5279,98.36
ISIC_0000367,0.2,1,0.8136,0.6858,80.67
ISIC_0000367,0.2,2,0.5935,0.4219,116.67
ISIC_0000368,0.0,0,0.9021,0.8217,55.43
ISIC_0000368,0.05,0,0.8873,0.7975,58.71
ISIC_0000368,0.05,1,0.8799,0.7855,60.83
ISIC_0000368,0.05,2,0.9027,0.8227,57.86
ISIC_0000368,0.1,0,0.9086,0.8324,60.07
ISIC_0000368,0.1,1,0.925,0.8605,54.0
ISIC_0000368,0.1,2,0.8584,0.7519,64.47
ISIC_0000368,0.2,0,0.7746,0.6321,101.6
ISIC_0000368,0.2,1,0.7935,0.6577,99.3
ISIC_0000368,0.2,2,0.7822,0.6423,136.93
ISIC_0000370,0.0,0,0.9017,0.8209,47.63
ISIC_0000370,0.05,0,0.9548,0.9136,24.92
ISIC_0000370,0.05,1,0.9425,0.8912,34.54
ISIC_0000370,0.05,2,0.909,0.8332,41.73
ISIC_0000370,0.1,0,0.6526,0.4843,141.37
ISIC_0000370,0.1,1,0.9262,0.8626,33.24
ISIC_0000370,0.1,2,0.9204,0.8525,39.32
ISIC_0000370,0.2,0,0.5075,0.34,148.7
ISIC_0000370,0.2,1,0.5923,0.4208,156.54
ISIC_0000370,0.2,2,0.6263,0.4559,152.15
ISIC_0000372,0.0,0,0.8941,0.8084,32.09
ISIC_0000372,0.05,0,0.9087,0.8327,30.41
ISIC_0000372,0.05,1,0.8992,0.8169,35.69
ISIC_0000372,0.05,2,0.9001,0.8183,31.0
ISIC_0000372,0.1,0,0.8448,0.7314,52.45
ISIC_0000372,0.1,1,0.9228,0.8567,29.55
ISIC_0000372,0.1,2,0.8233,0.6997,83.73
ISIC_0000372,0.2,0,0.8553,0.7471,65.0
ISIC_0000372,0.2,1,0.8751,0.778,51.24
ISIC_0000372,0.2,2,0.7813,0.6411,94.37
ISIC_0000374,0.0,0,0.9527,0.9097,13.94
ISIC_0000374,0.05,0,0.9299,0.869,17.0
ISIC_0000374,0.05,1,0.8956,0.811,19.24
ISIC_0000374,0.05,2,0.9534,0.911,14.14
ISIC_0000374,0.1,0,0.9474,0.9001,15.62
ISIC_0000374,0.1,1,0.8949,0.8098,57.7
ISIC_0000374,0.1,2,0.9045,0.8256,22.02
ISIC_0000374,0.2,0,0.9669,0.9358,9.0
ISIC_0000374,0.2,1,0.6753,0.5098,95.55
ISIC_0000374,0.2,2,0.1709,0.0935,152.19
ISIC_0000376,0.0,0,0.9577,0.9188,63.87
ISIC_0000376,0.05,0,0.9565,0.9167,72.84
ISIC_0000376,0.05,1,0.9415,0.8895,92.89
ISIC_0000376,0.05,2,0.9433,0.8927,82.81
ISIC_0000376,0.1,0,0.9372,0.8818,104.36
ISIC_0000376,0.1,1,0.9338,0.8759,104.26
ISIC_0000376,0.1,2,0.9389,0.8848,82.01
ISIC_0000376,0.2,0,0.9081,0.8316,128.89
ISIC_0000376,0.2,1,0.9271,0.8641,113.57
ISIC_0000376,0.2,2,0.8356,0.7176,187.62
ISIC_0000377,0.0,0,0.9655,0.9334,70.21
ISIC_0000377,0.05,0,0.9652,0.9328,54.78
ISIC_0000377,0.05,1,0.9625,0.9278,71.75
ISIC_0000377,0.05,2,0.9649,0.9322,63.25
ISIC_0000377,0.1,0,0.9193,0.8507,132.77
ISIC_0000377,0.1,1,0.8912,0.8038,221.94
ISIC_0000377,0.1,2,0.964,0.9305,69.64
ISIC_0000377,0.2,0,0.6092,0.438,264.45
ISIC_0000377,0.2,1,0.7934,0.6576,202.63
ISIC_0000377,0.2,2,0.8392,0.723,215.86
ISIC_0000378,0.0,0,0.9275,0.8649,130.02
ISIC_0000378,0.05,0,0.9284,0.8664,125.14
ISIC_0000378,0.05,1,0.9344,0.8768,118.44
ISIC_0000378,0.05,2,0.9327,0.8739,116.21
ISIC_0000378,0.1,0,0.875,0.7777,205.88
ISIC_0000378,0.1,1,0.8854,0.7944,177.0
ISIC_0000378,0.1,2,0.7424,0.5903,573.9
ISIC_0000378,0.2,0,0.9157,0.8445,115.34
ISIC_0000378,0.2,1,0.9069,0.8296,191.5
ISIC_0000378,0.2,2,0.8757,0.7788,242.64
ISIC_0000379,0.0,0,0.9647,0.9318,86.23
ISIC_0000379,0.05,0,0.9434,0.8928,147.34
ISIC_0000379,0.05,1,0.955,0.9139,107.2
ISIC_0000379,0.05,2,0.962,0.9268,99.09
ISIC_0000379,0.1,0,0.9386,0.8844,124.26
ISIC_0000379,0.1,1,0.9537,0.9115,136.84
ISIC_0000379,0.1,2,0.9304,0.8698,182.11
ISIC_0000379,0.2,0,0.7601,0.6131,442.01
ISIC_0000379,0.2,1,0.598,0.4265,714.15
ISIC_0000379,0.2,2,0.6122,0.4411,634.74
ISIC_0000380,0.0,0,0.9535,0.9111,98.98
ISIC_0000380,0.05,0,0.9554,0.9146,84.4
ISIC_0000380,0.05,1,0.9503,0.9053,105.1
ISIC_0000380,0.05,2,0.9478,0.9007,122.33
ISIC_0000380,0.1,0,0.8785,0.7833,216.98
ISIC_0000380,0.1,1,0.9016,0.8209,193.33
ISIC_0000380,0.1,2,0.876,0.7793,184.84
ISIC_0000380,0.2,0,0.9057,0.8277,317.25
ISIC_0000380,0.2,1,0.9015,0.8207,180.7
ISIC_0000380,0.2,2,0.8669,0.7651,199.31
ISIC_0000381,0.0,0,0.9454,0.8964,69.82
ISIC_0000381,0.05,0,0.931,0.8709,89.28
ISIC_0000381,0.05,1,0.9291,0.8676,80.99
ISIC_0000381,0.05,2,0.9424,0.891,79.26
ISIC_0000381,0.1,0,0.8762,0.7798,120.42
ISIC_0000381,0.1,1,0.8984,0.8155,125.73
ISIC_0000381,0.1,2,0.8966,0.8126,136.89
ISIC_0000381,0.2,0,0.908,0.8315,115.69
ISIC_0000381,0.2,1,0.744,0.5924,370.15
ISIC_0000381,0.2,2,0.8571,0.7499,169.85
ISIC_0000382,0.0,0,0.8503,0.7396,211.43
ISIC_0000382,0.05,0,0.802,0.6695,221.02
ISIC_0000382,0.05,1,0.866,0.7636,188.31
ISIC_0000382,0.05,2,0.8321,0.7124,190.62
ISIC_0000382,0.1,0,0.752,0.6025,277.5
ISIC_0000382,0.1,1,0.8625,0.7583,220.54
ISIC_0000382,0.1,2,0.8177,0.6916,259.74
ISIC_0000382,0.2,0,0.8034,0.6714,300.98
ISIC_0000382,0.2,1,0.717,0.5588,252.45
ISIC_0000382,0.2,2,0.6783,0.5132,472.36
ISIC_0000383,0.0,0,0.9664,0.9349,46.04
ISIC_0000383,0.05,0,0.9623,0.9274,50.22
ISIC_0000383,0.05,1,0.9688,0.9395,41.01
ISIC_0000383,0.05,2,0.9495,0.9039,64.88
ISIC_0000383,0.1,0,0.9033,0.8237,144.75
ISIC_0000383,0.1,1,0.9551,0.9141,72.07
ISIC_0000383,0.1,2,0.9429,0.892,63.85
ISIC_0000383,0.2,0,0.8862,0.7956,202.22
ISIC_0000383,0.2,1,0.9177,0.8479,149.0
ISIC_0000383,0.2,2,0.8541,0.7454,197.43
ISIC_0000384,0.0,0,0.9579,0.9193,31.06
ISIC_0000384,0.05,0,0.9556,0.9149,29.07
ISIC_0000384,0.05,1,0.9312,0.8713,43.01
ISIC_0000384,0.05,2,0.9274,0.8646,47.17
ISIC_0000384,0.1,0,0.9333,0.8749,44.27
ISIC_0000384,0.1,1,0.8679,0.7667,71.42
ISIC_0000384,0.1,2,0.9034,0.8238,58.69
ISIC_0000384,0.2,0,0.8045,0.6729,129.25
ISIC_0000384,0.2,1,0.8523,0.7426,97.18
ISIC_0000384,0.2,2,0.7667,0.6217,97.94
ISIC_0000385,0.0,0,0.9822,0.965,25.04
ISIC_0000385,0.05,0,0.9652,0.9328,67.16
ISIC_0000385,0.05,1,0.947,0.8994,78.6
ISIC_0000385,0.05,2,0.975,0.9511,34.13
ISIC_0000385,0.1,0,0.9161,0.8452,136.12
ISIC_0000385,0.1,1,0.9347,0.8773,87.27
ISIC_0000385,0.1,2,0.9312,0.8712,86.0
ISIC_0000385,0.2,0,0.4907,0.3251,385.03
ISIC_0000385,0.2,1,0.8425,0.7279,206.4
ISIC_0000385,0.2,2,0.9175,0.8476,139.59
ISIC_0000386,0.0,0,0.9729,0.9472,49.5
ISIC_0000386,0.05,0,0.9705,0.9427,46.1
ISIC_0000386,0.05,1,0.972,0.9456,38.61
ISIC_0000386,0.05,2,0.9755,0.9522,41.5
ISIC_0000386,0.1,0,0.9586,0.9204,56.89
ISIC_0000386,0.1,1,0.9146,0.8426,86.02
ISIC_0000386,0.1,2,0.9549,0.9137,55.03
ISIC_0000386,0.2,0,0.8686,0.7677,174.47
ISIC_0000386,0.2,1,0.911,0.8366,104.24
ISIC_0000386,0.2,2,0.9144,0.8422,101.13
ISIC_0000387,0.0,0,0.9458,0.8973,55.46
ISIC_0000387,0.05,0,0.9302,0.8696,63.65
ISIC_0000387,0.05,1,0.9398,0.8864,55.57
ISIC_0000387,0.05,2,0.9294,0.868,64.8
ISIC_0000387,0.1,0,0.9109,0.8363,77.38
ISIC_0000387,0.1,1,0.9551,0.9141,49.24
ISIC_0000387,0.1,2,0.934,0.8761,65.39
ISIC_0000387,0.2,0,0.7945,0.6591,247.15
ISIC_0000387,0.2,1,0.8332,0.714,271.54
ISIC_0000387,0.2,2,0.8213,0.6968,496.47
ISIC_0000388,0.0,0,0.912,0.8382,68.59
ISIC_0000388,0.05,0,0.9329,0.8743,57.28
ISIC_0000388,0.05,1,0.9259,0.8621,62.94
ISIC_0000388,0.05,2,0.8963,0.812,78.23
ISIC_0000388,0.1,0,0.8942,0.8086,74.8
ISIC_0000388,0.1,1,0.8657,0.7632,100.72
ISIC_0000388,0.1,2,0.8502,0.7394,101.12
ISIC_0000388,0.2,0,0.8964,0.8122,72.07
ISIC_0000388,0.2,1,0.2296,0.1297,313.19
ISIC_0000388,0.2,2,0.9088,0.8329,140.52
ISIC_0000390,0.0,0,0.9422,0.8908,106.85
ISIC_0000390,0.05,0,0.9232,0.8574,139.8
ISIC_0000390,0.05,1,0.9535,0.9111,93.01
ISIC_0000390,0.05,2,0.9381,0.8834,107.01
ISIC_0000390,0.1,0,0.9528,0.9098,100.34
ISIC_0000390,0.1,1,0.8648,0.7618,409.95
ISIC_0000390,0.1,2,0.9531,0.9105,93.79
ISIC_0000390,0.2,0,0.865,0.7622,344.2
ISIC_0000390,0.2,1,0.8027,0.6705,387.04
ISIC_0000390,0.2,2,0.7685,0.6241,414.32
ISIC_0000391,0.0,0,0.9294,0.8681,149.82
ISIC_0000391,0.05,0,0.9385,0.8841,125.64
ISIC_0000391,0.05,1,0.9153,0.8438,170.96
ISIC_0000391,0.05,2,0.9073,0.8303,150.29
ISIC_0000391,0.1,0,0.9215,0.8545,153.39
ISIC_0000391,0.1,1,0.9076,0.8308,209.3
ISIC_0000391,0.1,2,0.886,0.7953,188.67
ISIC_0000391,0.2,0,0.9183,0.849,148.48
ISIC_0000391,0.2,1,0.7035,0.5426,537.77
ISIC_0000391,0.2,2,0.7479,0.5974,445.55
ISIC_0000392,0.0,0,0.831,0.7109,199.46
ISIC_0000392,0.05,0,0.8364,0.7188,185.4
ISIC_0000392,0.05,1,0.8151,0.6879,234.72
ISIC_0000392,0.05,2,0.8084,0.6784,229.91
ISIC_0000392,0.1,0,0.8675,0.766,178.34
ISIC_0000392,0.1,1,0.8222,0.6981,239.15
ISIC_0000392,0.1,2,0.8233,0.6997,222.28
ISIC_0000392,0.2,0,0.8773,0.7813,185.0
ISIC_0000392,0.2,1,0.8039,0.6721,332.79
ISIC_0000392,0.2,2,0.7082,0.5482,312.5
ISIC_0000393,0.0,0,0.9238,0.8584,174.5
ISIC_0000393,0.05,0,0.905,0.8265,219.94
ISIC_0000393,0.05,1,0.9301,0.8694,157.81
ISIC_0000393,0.05,2,0.9119,0.8381,213.0
ISIC_0000393,0.1,0,0.9112,0.837,203.11
ISIC_0000393,0.1,1,0.8766,0.7803,246.56
ISIC_0000393,0.1,2,0.8948,0.8097,239.8
ISIC_0000393,0.2,0,0.8169,0.6905,377.71
ISIC_0000393,0.2,1,0.8421,0.7273,525.36
ISIC_0000393,0.2,2,0.8264,0.7041,476.47
ISIC_0000395,0.0,0,0.851,0.7406,313.28
ISIC_0000395,0.05,0,0.8616,0.7568,290.11
ISIC_0000395,0.05,1,0.8494,0.7382,316.44
ISIC_0000395,0.05,2,0.886,0.7953,276.12
ISIC_0000395,0.1,0,0.7948,0.6595,480.21
ISIC_0000395,0.1,1,0.7748,0.6324,484.66
ISIC_0000395,0.1,2,0.844,0.7301,355.65
ISIC_0000395,0.2,0,0.7031,0.5421,689.68
ISIC_0000395,0.2,1,0.64,0.4706,488.88
ISIC_0000395,0.2,2,0.8387,0.7222,303.65
ISIC_0000396,0.0,0,0.9187,0.8496,114.98
ISIC_0000396,0.05,0,0.8943,0.8088,125.71
ISIC_0000396,0.05,1,0.9502,0.9051,94.15
ISIC_0000396,0.05,2,0.9341,0.8764,100.41
ISIC_0000396,0.1,0,0.9057,0.8276,148.78
ISIC_0000396,0.1,1,0.6624,0.4952,542.66
ISIC_0000396,0.1,2,0.9278,0.8654,118.9
ISIC_0000396,0.2,0,0.8842,0.7925,172.19
ISIC_0000396,0.2,1,0.9129,0.8397,181.8
ISIC_0000396,0.2,2,0.8731,0.7748,223.25
ISIC_0000397,0.0,0,0.9485,0.9021,98.39
ISIC_0000397,0.05,0,0.9449,0.8956,105.55
ISIC_0000397,0.05,1,0.9379,0.8831,101.0
ISIC_0000397,0.05,2,0.9203,0.8524,158.42
ISIC_0000397,0.1,0,0.9282,0.866,164.02
ISIC_0000397,0.1,1,0.9262,0.8625,108.8
ISIC_0000397,0.1,2,0.9053,0.8269,144.54
ISIC_0000397,0.2,0,0.8304,0.71,319.67
ISIC_0000397,0.2,1,0.8122,0.6838,392.24
ISIC_0000397,0.2,2,0.8549,0.7465,300.8
ISIC_0000403,0.0,0,0.9312,0.8712,99.46
ISIC_0000403,0.05,0,0.9365,0.8805,78.77
ISIC_0000403,0.05,1,0.9078,0.8312,120.57
ISIC_0000403,0.05,2,0.9154,0.8441,117.65
ISIC_0000403,0.1,0,0.9155,0.8442,117.35
ISIC_0000403,0.1,1,0.901,0.8198,91.0
ISIC_0000403,0.1,2,0.5135,0.3454,303.68
ISIC_0000403,0.2,0,0.8675,0.766,256.12
ISIC_0000403,0.2,1,0.8745,0.777,142.24
ISIC_0000403,0.2,2,0.8159,0.6891,220.06
ISIC_0000407,0.0,0,0.9375,0.8824,149.6
ISIC_0000407,0.05,0,0.9282,0.866,117.41
ISIC_0000407,0.05,1,0.9384,0.884,145.96
ISIC_0000407,0.05,2,0.9051,0.8266,235.03
ISIC_0000407,0.1,0,0.8748,0.7774,226.15
ISIC_0000407,0.1,1,0.8837,0.7917,305.75
ISIC_0000407,0.1,2,0.9289,0.8672,167.91
ISIC_0000407,0.2,0,0.7414,0.5891,410.75
ISIC_0000407,0.2,1,0.867,0.7653,258.93
ISIC_0000407,0.2,2,0.8776,0.7819,391.37
ISIC_0000408,0.0,0,0.981,0.9626,60.75
ISIC_0000408,0.05,0,0.887,0.797,443.04
ISIC_0000408,0.05,1,0.9636,0.9298,88.53
ISIC_0000408,0.05,2,0.7736,0.6308,530.6
ISIC_0000408,0.1,0,0.7727,0.6296,530.21
ISIC_0000408,0.1,1,0.9362,0.88,127.13
ISIC_0000408,0.1,2,0.9802,0.9612,64.03
ISIC_0000408,0.2,0,0.7509,0.6012,673.08
ISIC_0000408,0.2,1,0.893,0.8066,478.0
ISIC_0000408,0.2,2,0.5242,0.3552,789.32
ISIC_0000409,0.0,0,0.9137,0.8412,45.18
ISIC_0000409,0.05,0,0.9059,0.828,54.02
ISIC_0000409,0.05,1,0.9106,0.8359,47.55
ISIC_0000409,0.05,2,0.9159,0.8448,44.38
ISIC_0000409,0.1,0,0.9403,0.8873,60.66
ISIC_0000409,0.1,1,0.9233,0.8575,66.34
ISIC_0000409,0.1,2,0.9014,0.8206,62.27
ISIC_0000409,0.2,0,0.8419,0.727,124.02
ISIC_0000409,0.2,1,0.8801,0.7859,145.78
ISIC_0000409,0.2,2,0.7894,0.652,163.17
ISIC_0000410,0.0,0,0.922,0.8552,84.01
ISIC_0000410,0.05,0,0.9229,0.8568,81.61
ISIC_0000410,0.05,1,0.8925,0.8058,96.42
ISIC_0000410,0.05,2,0.8915,0.8042,156.31
ISIC_0000410,0.1,0,0.9143,0.8422,93.02
ISIC_0000410,0.1,1,0.8702,0.7702,216.3
ISIC_0000410,0.1,2,0.8873,0.7974,191.49
ISIC_0000410,0.2,0,0.4899,0.3244,297.53
ISIC_0000410,0.2,1,0.7983,0.6644,227.73
ISIC_0000410,0.2,2,0.3339,0.2004,525.8
ISIC_0000412,0.0,0,0.9,0.8181,294.06
ISIC_0000412,0.05,0,0.8947,0.8095,292.5
ISIC_0000412,0.05,1,0.8939,0.8081,304.01
ISIC_0000412,0.05,2,0.923,0.8571,96.07
ISIC_0000412,0.1,0,0.9215,0.8544,109.79
ISIC_0000412,0.1,1,0.9021,0.8216,217.66
ISIC_0000412,0.1,2,0.8744,0.7768,286.68
ISIC_0000412,0.2,0,0.2442,0.139,682.8
ISIC_0000412,0.2,1,0.8989,0.8164,188.3
ISIC_0000412,0.2,2,0.522,0.3532,627.98
ISIC_0000413,0.0,0,0.9367,0.881,151.64
ISIC_0000413,0.05,0,0.9332,0.8748,152.06
ISIC_0000413,0.05,1,0.915,0.8433,163.8
ISIC_0000413,0.05,2,0.9273,0.8645,180.56
ISIC_0000413,0.1,0,0.8864,0.7959,301.37
ISIC_0000413,0.1,1,0.9335,0.8752,195.38
ISIC_0000413,0.1,2,0.9108,0.8362,262.21
ISIC_0000413,0.2,0,0.9056,0.8274,262.0
ISIC_0000413,0.2,1,0.8156,0.6887,352.28
ISIC_0000413,0.2,2,0.8258,0.7032,439.27
ISIC_0000415,0.0,0,0.8901,0.8019,350.28
ISIC_0000415,0.05,0,0.8918,0.8047,334.14
ISIC_0000415,0.05,1,0.8997,0.8176,254.24
ISIC_0000415,0.05,2,0.9116,0.8376,181.1
ISIC_0000415,0.1,0,0.8774,0.7815,281.9
ISIC_0000415,0.1,1,0.8988,0.8161,351.34
ISIC_0000415,0.1,2,0.8879,0.7983,324.59
ISIC_0000415,0.2,0,0.8664,0.7642,346.07
ISIC_0000415,0.2,1,0.8992,0.8168,353.44
ISIC_0000415,0.2,2,0.8884,0.7993,392.85
ISIC_0000416,0.0,0,0.9612,0.9254,66.96
ISIC_0000416,0.05,0,0.9603,0.9237,61.57
ISIC_0000416,0.05,1,0.9604,0.9237,66.7
ISIC_0000416,0.05,2,0.9558,0.9153,81.05
ISIC_0000416,0.1,0,0.9127,0.8394,110.35
ISIC_0000416,0.1,1,0.9546,0.9132,116.64
ISIC_0000416,0.1,2,0.955,0.9138,69.31
ISIC_0000416,0.2,0,0.8224,0.6984,222.8
ISIC_0000416,0.2,1,0.8215,0.6971,210.46
ISIC_0000416,0.2,2,0.9077,0.8311,130.6
ISIC_0000418,0.0,0,0.9554,0.9146,84.57
ISIC_0000418,0.05,0,0.9526,0.9095,104.53
ISIC_0000418,0.05,1,0.9574,0.9183,75.97
ISIC_0000418,0.05,2,0.9577,0.9188,78.74
ISIC_0000418,0.1,0,0.936,0.8796,115.06
ISIC_0000418,0.1,1,0.9413,0.8891,113.34
ISIC_0000418,0.1,2,0.9561,0.9159,55.08
ISIC_0000418,0.2,0,0.8976,0.8143,241.82
ISIC_0000418,0.2,1,0.9145,0.8424,158.64
ISIC_0000418,0.2,2,0.5238,0.3548,386.66
ISIC_0000419,0.0,0,0.9669,0.9359,52.61
ISIC_0000419,0.05,0,0.9364,0.8803,92.47
ISIC_0000419,0.05,1,0.9567,0.917,71.36
ISIC_0000419,0.05,2,0.9058,0.8278,505.52
ISIC_0000419,0.1,0,0.9211,0.8537,139.28
ISIC_0000419,0.1,1,0.3882,0.2408,403.01
ISIC_0000419,0.1,2,0.7913,0.6547,442.55
ISIC_0000419,0.2,0,0.6477,0.479,435.64
ISIC_0000419,0.2,1,0.7152,0.5567,432.21
ISIC_0000419,0.2,2,0.455,0.2945,589.88
ISIC_0000420,0.0,0,0.929,0.8674,109.34
ISIC_0000420,0.05,0,0.925,0.8605,120.75
ISIC_0000420,0.05,1,0.9225,0.8562,127.03
ISIC_0000420,0.05,2,0.9333,0.8749,88.39
ISIC_0000420,0.1,0,0.9208,0.8532,124.67
ISIC_0000420,0.1,1,0.9263,0.8627,115.09
ISIC_0000420,0.1,2,0.8992,0.8169,181.84
ISIC_0000420,0.2,0,0.8234,0.6998,334.72
ISIC_0000420,0.2,1,0.7789,0.6378,285.47
ISIC_0000420,0.2,2,0.8741,0.7763,210.88
ISIC_0000421,0.0,0,0.963,0.9287,63.0
ISIC_0000421,0.05,0,0.9624,0.9275,59.81
ISIC_0000421,0.05,1,0.9623,0.9274,57.85
ISIC_0000421,0.05,2,0.9442,0.8943,73.01
ISIC_0000421,0.1,0,0.8273,0.7055,289.06
ISIC_0000421,0.1,1,0.9539,0.9119,62.48
ISIC_0000421,0.1,2,0.9349,0.8778,116.71
ISIC_0000421,0.2,0,0.8368,0.7194,175.41
ISIC_0000421,0.2,1,0.863,0.759,175.97
ISIC_0000421,0.2,2,0.8981,0.815,193.21
ISIC_0000423,0.0,0,0.9676,0.9373,63.0
ISIC_0000423,0.05,0,0.9597,0.9225,76.0
ISIC_0000423,0.05,1,0.9209,0.8535,172.72
ISIC_0000423,0.05,2,0.9601,0.9233,78.09
ISIC_0000423,0.1,0,0.9365,0.8806,104.0
ISIC_0000423,0.1,1,0.9583,0.9199,77.0
ISIC_0000423,0.1,2,0.9003,0.8187,168.36
ISIC_0000423,0.2,0,0.7516,0.602,521.92
ISIC_0000423,0.2,1,0.904,0.8248,278.89
ISIC_0000423,0.2,2,0.8027,0.6704,344.77
ISIC_0000425,0.0,0,0.969,0.9399,79.48
ISIC_0000425,0.05,0,0.9647,0.9318,92.91
ISIC_0000425,0.05,1,0.9654,0.9332,92.12
ISIC_0000425,0.05,2,0.9528,0.9098,135.96
ISIC_0000425,0.1,0,0.9105,0.8356,186.26
ISIC_0000425,0.1,1,0.9588,0.9209,93.91
ISIC_0000425,0.1,2,0.9087,0.8326,196.54
ISIC_0000425,0.2,0,0.9186,0.8494,308.28
ISIC_0000425,0.2,1,0.8138,0.6861,401.68
ISIC_0000425,0.2,2,0.9027,0.8226,277.96
ISIC_0000426,0.0,0,0.9535,0.911,99.16
ISIC_0000426,0.05,0,0.9296,0.8685,167.0
ISIC_0000426,0.05,1,0.9354,0.8786,117.2
ISIC_0000426,0.05,2,0.933,0.8745,177.26
ISIC_0000426,0.1,0,0.8549,0.7466,483.11
ISIC_0000426,0.1,1,0.6553,0.4873,773.48
ISIC_0000426,0.1,2,0.9007,0.8193,381.0
ISIC_0000426,0.2,0,0.737,0.5835,670.77
ISIC_0000426,0.2,1,0.6541,0.4859,839.36
ISIC_0000426,0.2,2,0.9507,0.906,125.79
ISIC_0000427,0.0,0,0.9479,0.9009,84.48
ISIC_0000427,0.05,0,0.9492,0.9033,82.71
ISIC_0000427,0.05,1,0.9525,0.9093,77.22
ISIC_0000427,0.05,2,0.9243,0.8592,133.66
ISIC_0000427,0.1,0,0.9004,0.8188,221.08
ISIC_0000427,0.1,1,0.6477,0.479,494.75
ISIC_0000427,0.1,2,0.8438,0.7298,322.03
ISIC_0000427,0.2,0,0.856,0.7483,291.56
ISIC_0000427,0.2,1,0.7885,0.6508,301.41
ISIC_0000427,0.2,2,0.6238,0.4533,449.7
ISIC_0000431,0.0,0,0.89,0.8019,102.53
ISIC_0000431,0.05,0,0.842,0.7271,107.05
ISIC_0000431,0.05,1,0.8934,0.8074,99.63
ISIC_0000431,0.05,2,0.898,0.8149,103.14
ISIC_0000431,0.1,0,0.902,0.8215,98.08
ISIC_0000431,0.1,1,0.847,0.7346,110.95
ISIC_0000431,0.1,2,0.835,0.7167,126.67
ISIC_0000431,0.2,0,0.8193,0.6939,190.99
ISIC_0000431,0.2,1,0.8732,0.775,163.49
ISIC_0000431,0.2,2,0.8448,0.7312,135.0
ISIC_0000433,0.0,0,0.9496,0.904,110.94
ISIC_0000433,0.05,0,0.9176,0.8478,187.0
ISIC_0000433,0.05,1,0.9731,0.9476,72.12
ISIC_0000433,0.05,2,0.9376,0.8826,128.32
ISIC_0000433,0.1,0,0.8775,0.7818,365.98
ISIC_0000433,0.1,1,0.9776,0.9561,65.74
ISIC_0000433,0.1,2,0.8816,0.7882,436.0
ISIC_0000433,0.2,0,0.8359,0.7181,447.97
ISIC_0000433,0.2,1,0.7774,0.6358,585.05
ISIC_0000433,0.2,2,0.7725,0.6293,448.34
ISIC_0000434,0.0,0,0.9063,0.8287,112.3
ISIC_0000434,0.05,0,0.9347,0.8774,83.55
ISIC_0000434,0.05,1,0.9212,0.8539,91.23
ISIC_0000434,0.05,2,0.908,0.8315,136.98
ISIC_0000434,0.1,0,0.8471,0.7347,276.01
ISIC_0000434,0.1,1,0.8787,0.7836,150.0
ISIC_0000434,0.1,2,0.8193,0.6939,195.23
ISIC_0000434,0.2,0,0.3969,0.2476,438.02
ISIC_0000434,0.2,1,0.4177,0.264,372.57
ISIC_0000434,0.2,2,0.7753,0.633,354.62
ISIC_0000436,0.0,0,0.9059,0.828,193.08
ISIC_0000436,0.05,0,0.8992,0.8169,209.8
ISIC_0000436,0.05,1,0.9043,0.8254,227.58
ISIC_0000436,0.05,2,0.8811,0.7874,219.64
ISIC_0000436,0.1,0,0.8335,0.7146,563.82
ISIC_0000436,0.1,1,0.8775,0.7818,232.48
ISIC_0000436,0.1,2,0.8424,0.7277,546.53
ISIC_0000436,0.2,0,0.7283,0.5727,513.5
ISIC_0000436,0.2,1,0.8135,0.6856,477.89
ISIC_0000436,0.2,2,0.8299,0.7093,560.69
ISIC_0000439,0.0,0,0.8464,0.7337,96.52
ISIC_0000439,0.05,0,0.871,0.7715,93.74
ISIC_0000439,0.05,1,0.8703,0.7704,92.03
ISIC_0000439,0.05,2,0.8531,0.7439,98.62
ISIC_0000439,0.1,0,0.8999,0.818,75.76
ISIC_0000439,0.1,1,0.8255,0.7029,105.42
ISIC_0000439,0.1,2,0.8407,0.7252,93.53
ISIC_0000439,0.2,0,0.7489,0.5986,119.82
ISIC_0000439,0.2,1,0.687,0.5232,301.6
ISIC_0000439,0.2,2,0.7568,0.6087,179.73
ISIC_0000442,0.0,0,0.9383,0.8838,93.84
ISIC_0000442,0.05,0,0.9314,0.8717,101.82
ISIC_0000442,0.05,1,0.9507,0.9061,90.51
ISIC_0000442,0.05,2,0.9471,0.8996,83.76
ISIC_0000442,0.1,0,0.9537,0.9115,82.73
ISIC_0000442,0.1,1,0.8974,0.8139,115.75
ISIC_0000442,0.1,2,0.8328,0.7135,156.54
ISIC_0000442,0.2,0,0.8359,0.718,325.43
ISIC_0000442,0.2,1,0.8376,0.7205,195.66
ISIC_0000442,0.2,2,0.8002,0.6669,252.37
ISIC_0000443,0.0,0,0.9449,0.8956,55.81
ISIC_0000443,0.05,0,0.9493,0.9035,47.13
ISIC_0000443,0.05,1,0.9574,0.9182,45.79
ISIC_0000443,0.05,2,0.9585,0.9203,42.2
ISIC_0000443,0.1,0,0.9634,0.9293,37.6
ISIC_0000443,0.1,1,0.9565,0.9166,42.94
ISIC_0000443,0.1,2,0.91,0.8348,68.71
ISIC_0000443,0.2,0,0.6475,0.4787,226.11
ISIC_0000443,0.2,1,0.8631,0.7592,157.81
ISIC_0000443,0.2,2,0.7947,0.6593,166.01
ISIC_0000444,0.0,0,0.8991,0.8167,107.65
ISIC_0000444,0.05,0,0.9092,0.8335,114.54
ISIC_0000444,0.05,1,0.8895,0.801,119.45
ISIC_0000444,0.05,2,0.9023,0.822,107.2
ISIC_0000444,0.1,0,0.891,0.8034,120.33
ISIC_0000444,0.1,1,0.897,0.8133,134.19
ISIC_0000444,0.1,2,0.9007,0.8193,105.65
ISIC_0000444,0.2,0,0.834,0.7153,173.29
ISIC_0000444,0.2,1,0.8792,0.7845,136.03
ISIC_0000444,0.2,2,0.8007,0.6676,266.62
ISIC_0000447,0.0,0,0.9607,0.9245,26.31
ISIC_0000447,0.05,0,0.9592,0.9215,27.69
ISIC_0000447,0.05,1,0.9609,0.9247,26.68
ISIC_0000447,0.05,2,0.9581,0.9195,32.0
ISIC_0000447,0.1,0,0.7367,0.5831,223.05
ISIC_0000447,0.1,1,0.9245,0.8597,62.77
ISIC_0000447,0.1,2,0.9537,0.9115,29.43
ISIC_0000447,0.2,0,0.9312,0.8712,38.33
ISIC_0000447,0.2,1,0.9192,0.8505,47.87
ISIC_0000447,0.2,2,0.7571,0.6092,127.84
ISIC_0000448,0.0,0,0.8643,0.761,141.87
ISIC_0000448,0.05,0,0.8597,0.7539,143.4
ISIC_0000448,0.05,1,0.875,0.7778,142.5
ISIC_0000448,0.05,2,0.8536,0.7446,145.09
ISIC_0000448,0.1,0,0.8542,0.7455,140.39
ISIC_0000448,0.1,1,0.8723,0.7736,132.38
ISIC_0000448,0.1,2,0.8736,0.7755,146.65
ISIC_0000448,0.2,0,0.678,0.5128,273.78
ISIC_0000448,0.2,1,0.789,0.6515,174.93
ISIC_0000448,0.2,2,0.7947,0.6593,320.01
ISIC_0000449,0.0,0,0.9444,0.8947,31.0
ISIC_0000449,0.05,0,0.9418,0.8901,34.0
ISIC_0000449,0.05,1,0.9439,0.8938,32.0
ISIC_0000449,0.05,2,0.9444,0.8946,31.26
ISIC_0000449,0.1,0,0.94,0.8868,36.0
ISIC_0000449,0.1,1,0.9384,0.884,33.35
ISIC_0000449,0.1,2,0.9426,0.8915,37.58
ISIC_0000449,0.2,0,0.7605,0.6135,141.19
ISIC_0000449,0.2,1,0.6764,0.511,194.54
ISIC_0000449,0.2,2,0.7618,0.6153,141.95
ISIC_0000451,0.0,0,0.9418,0.8901,64.14
ISIC_0000451,0.05,0,0.9617,0.9262,52.01
ISIC_0000451,0.05,1,0.9255,0.8614,71.02
ISIC_0000451,0.05,2,0.9364,0.8805,75.06
ISIC_0000451,0.1,0,0.873,0.7747,107.91
ISIC_0000451,0.1,1,0.9164,0.8458,79.7
ISIC_0000451,0.1,2,0.9194,0.8508,96.15
ISIC_0000451,0.2,0,0.8898,0.8015,153.39
ISIC_0000451,0.2,1,0.8811,0.7875,175.08
ISIC_0000451,0.2,2,0.8143,0.6867,246.66
ISIC_0000453,0.0,0,0.9071,0.8299,136.23
ISIC_0000453,0.05,0,0.8691,0.7685,196.73
ISIC_0000453,0.05,1,0.9122,0.8386,118.6
ISIC_0000453,0.05,2,0.9002,0.8185,144.49
ISIC_0000453,0.1,0,0.8858,0.795,179.61
ISIC_0000453,0.1,1,0.8573,0.7503,227.09
ISIC_0000453,0.1,2,0.9002,0.8185,149.27
ISIC_0000453,0.2,0,0.8322,0.7126,258.96
ISIC_0000453,0.2,1,0.8611,0.7561,207.74
ISIC_0000453,0.2,2,0.6513,0.4829,522.91
ISIC_0000455,0.0,0,0.9502,0.905,70.6
ISIC_0000455,0.05,0,0.9516,0.9076,66.52
ISIC_0000455,0.05,1,0.9524,0.9092,69.4
ISIC_0000455,0.05,2,0.9507,0.906,71.0
ISIC_0000455,0.1,0,0.8688,0.7681,151.74
ISIC_0000455,0.1,1,0.9111,0.8367,121.31
ISIC_0000455,0.1,2,0.895,0.81,184.41
ISIC_0000455,0.2,0,0.8231,0.6994,253.05
ISIC_0000455,0.2,1,0.7116,0.5524,284.77
ISIC_0000455,0.2,2,0.8809,0.7871,133.83
ISIC_0000456,0.0,0,0.959,0.9213,87.52
ISIC_0000456,0.05,0,0.9429,0.8919,110.63
ISIC_0000456,0.05,1,0.9601,0.9233,81.89
ISIC_0000456,0.05,2,0.9528,0.9098,99.78
ISIC_0000456,0.1,0,0.9591,0.9214,85.16
ISIC_0000456,0.1,1,0.9413,0.8891,101.84
ISIC_0000456,0.1,2,0.9414,0.8894,130.5
ISIC_0000456,0.2,0,0.8929,0.8066,211.75
ISIC_0000456,0.2,1,0.779,0.638,293.86
ISIC_0000456,0.2,2,0.8398,0.7238,275.11
ISIC_0000457,0.0,0,0.9687,0.9393,20.24
ISIC_0000457,0.05,0,0.8979,0.8147,40.01
ISIC_0000457,0.05,1,0.9683,0.9386,20.24
ISIC_0000457,0.05,2,0.9646,0.9316,22.0
ISIC_0000457,0.1,0,0.9257,0.8618,62.22
ISIC_0000457,0.1,1,0.8864,0.7959,48.51
ISIC_0000457,0.1,2,0.9226,0.8564,53.23
ISIC_0000457,0.2,0,0.8559,0.7481,96.42
ISIC_0000457,0.2,1,0.8481,0.7362,96.21
ISIC_0000457,0.2,2,0.8177,0.6916,90.36
ISIC_0000458,0.0,0,0.9019,0.8214,33.11
ISIC_0000458,0.05,0,0.9082,0.8318,35.0
ISIC_0000458,0.05,1,0.8859,0.7951,40.0
ISIC_0000458,0.05,2,0.9588,0.9209,18.84
ISIC_0000458,0.1,0,0.8528,0.7434,52.4
ISIC_0000458,0.1,1,0.9498,0.9044,23.32
ISIC_0000458,0.1,2,0.9275,0.8647,26.17
ISIC_0000458,0.2,0,0.8724,0.7737,73.74
ISIC_0000458,0.2,1,0.9146,0.8427,61.97
ISIC_0000458,0.2,2,0.9128,0.8396,43.01
ISIC_0000460,0.0,0,0.9434,0.8929,26.17
ISIC_0000460,0.05,0,0.9188,0.8497,33.62
ISIC_0000460,0.05,1,0.9353,0.8785,33.02
ISIC_0000460,0.05,2,0.9418,0.8899,26.4
ISIC_0000460,0.1,0,0.9048,0.8262,44.46
ISIC_0000460,0.1,1,0.9267,0.8635,34.71
ISIC_0000460,0.1,2,0.8397,0.7237,56.52
ISIC_0000460,0.2,0,0.7942,0.6586,107.79
ISIC_0000460,0.2,1,0.8671,0.7653,53.0
ISIC_0000460,0.2,2,0.837,0.7196,89.61
ISIC_0000461,0.0,0,0.9706,0.9429,17.2
ISIC_0000461,0.05,0,0.9538,0.9117,30.0
ISIC_0000461,0.05,1,0.9617,0.9262,26.02
ISIC_0000461,0.05,2,0.9608,0.9246,25.24
ISIC_0000461,0.1,0,0.917,0.8467,60.0
ISIC_0000461,0.1,1,0.9723,0.9461,17.03
ISIC_0000461,0.1,2,0.9151,0.8436,60.27
ISIC_0000461,0.2,0,0.7033,0.5424,140.6
ISIC_0000461,0.2,1,0.8043,0.6727,123.0
ISIC_0000461,0.2,2,0.806,0.675,124.89
ISIC_0000463,0.0,0,0.9577,0.9189,59.03
ISIC_0000463,0.05,0,0.9754,0.9519,45.74
ISIC_0000463,0.05,1,0.9658,0.9339,56.07
ISIC_0000463,0.05,2,0.9664,0.935,56.08
ISIC_0000463,0.1,0,0.9143,0.8421,104.55
ISIC_0000463,0.1,1,0.8919,0.8049,219.32
ISIC_0000463,0.1,2,0.9309,0.8707,170.2
ISIC_0000463,0.2,0,0.6678,0.5013,379.59
ISIC_0000463,0.2,1,0.6469,0.4781,519.67
ISIC_0000463,0.2,2,0.7354,0.5815,299.16
ISIC_0000465,0.0,0,0.9675,0.9371,12.04
ISIC_0000465,0.05,0,0.9646,0.9317,15.13
ISIC_0000465,0.05,1,0.9589,0.9211,16.64
ISIC_0000465,0.05,2,0.9417,0.8898,30.02
ISIC_0000465,0.1,0,0.9475,0.9003,17.0
ISIC_0000465,0.1,1,0.9523,0.9089,17.72
ISIC_0000465,0.1,2,0.9032,0.8235,51.66
ISIC_0000465,0.2,0,0.9128,0.8396,51.04
ISIC_0000465,0.2,1,0.694,0.5314,102.02
ISIC_0000465,0.2,2,0.8618,0.7571,87.99
ISIC_0000466,0.0,0,0.9762,0.9535,15.0
ISIC_0000466,0.05,0,0.9735,0.9484,17.09
ISIC_0000466,0.05,1,0.7799,0.6393,101.0
ISIC_0000466,0.05,2,0.9099,0.8348,77.38
ISIC_0000466,0.1,0,0.4814,0.317,175.48
ISIC_0000466,0.1,1,0.7817,0.6416,132.97
ISIC_0000466,0.1,2,0.6552,0.4872,125.62
ISIC_0000466,0.2,0,0.825,0.7022,100.66
ISIC_0000466,0.2,1,0.8771,0.7811,73.39
ISIC_0000466,0.2,2,0.0385,0.0197,319.86
ISIC_0000469,0.0,0,0.9362,0.8801,42.38
ISIC_0000469,0.05,0,0.9387,0.8844,32.89
ISIC_0000469,0.05,1,0.9235,0.8578,55.22
ISIC_0000469,0.05,2,0.9375,0.8823,43.88
ISIC_0000469,0.1,0,0.8822,0.7892,53.76
ISIC_0000469,0.1,1,0.8912,0.8038,52.87
ISIC_0000469,0.1,2,0.9287,0.8669,39.05
ISIC_0000469,0.2,0,0.8293,0.7084,113.51
ISIC_0000469,0.2,1,0.7355,0.5817,110.94
ISIC_0000469,0.2,2,0.8505,0.7399,79.85
ISIC_0000470,0.0,0,0.9568,0.9171,25.06
ISIC_0000470,0.05,0,0.9535,0.9112,23.77
ISIC_0000470,0.05,1,0.9577,0.9188,25.12
ISIC_0000470,0.05,2,0.9506,0.9058,27.66
ISIC_0000470,0.1,0,0.881,0.7872,34.13
ISIC_0000470,0.1,1,0.9227,0.8564,31.0
ISIC_0000470,0.1,2,0.9243,0.8593,26.17
ISIC_0000470,0.2,0,0.7455,0.5943,108.24
ISIC_0000470,0.2,1,0.3535,0.2147,193.79
ISIC_0000470,0.2,2,0.8384,0.7217,92.27
ISIC_0000471,0.0,0,0.9645,0.9314,13.93
ISIC_0000471,0.05,0,0.8616,0.7568,54.97
ISIC_0000471,0.05,1,0.9631,0.9289,15.23
ISIC_0000471,0.05,2,0.9516,0.9076,18.67
ISIC_0000471,0.1,0,0.9218,0.8549,37.66
ISIC_0000471,0.1,1,0.9064,0.8289,28.23
ISIC_0000471,0.1,2,0.8634,0.7597,48.18
ISIC_0000471,0.2,0,0.9313,0.8714,27.02
ISIC_0000471,0.2,1,0.7505,0.6007,73.0
ISIC_0000471,0.2,2,0.7579,0.6102,70.01
ISIC_0000473,0.0,0,0.8955,0.8108,88.96
ISIC_0000473,0.05,0,0.9372,0.8819,67.6
ISIC_0000473,0.05,1,0.9325,0.8736,61.4
ISIC_0000473,0.05,2,0.9271,0.8641,64.2
ISIC_0000473,0.1,0,0.862,0.7574,159.61
ISIC_0000473,0.1,1,0.8746,0.7771,114.24
ISIC_0000473,0.1,2,0.9333,0.8749,88.36
ISIC_0000473,0.2,0,0.8309,0.7107,221.06
ISIC_0000473,0.2,1,0.9195,0.8509,74.95
ISIC_0000473,0.2,2,0.8474,0.7352,190.39
ISIC_0000474,0.0,0,0.9311,0.871,47.2
ISIC_0000474,0.05,0,0.9088,0.8328,57.5
ISIC_0000474,0.05,1,0.9299,0.869,46.96
ISIC_0000474,0.05,2,0.9068,0.8294,56.44
ISIC_0000474,0.1,0,0.901,0.8198,65.0
ISIC_0000474,0.1,1,0.9171,0.8468,58.02
ISIC_0000474,0.1,2,0.7337,0.5794,223.89
ISIC_0000474,0.2,0,0.7372,0.5838,230.37
ISIC_0000474,0.2,1,0.566,0.3947,211.16
ISIC_0000474,0.2,2,0.4847,0.3199,183.58
ISIC_0000476,0.0,0,0.9617,0.9262,45.04
ISIC_0000476,0.05,0,0.9324,0.8734,67.22
ISIC_0000476,0.05,1,0.9535,0.9112,47.01
ISIC_0000476,0.05,2,0.9395,0.8858,50.09
ISIC_0000476,0.1,0,0.9376,0.8826,57.31
ISIC_0000476,0.1,1,0.928,0.8657,60.41
ISIC_0000476,0.1,2,0.94,0.8868,63.01
ISIC_0000476,0.2,0,0.9396,0.8861,54.11
ISIC_0000476,0.2,1,0.84,0.7241,150.03
ISIC_0000476,0.2,2,0.8559,0.7482,113.7
ISIC_0000477,0.0,0,0.8534,0.7442,112.0
ISIC_0000477,0.05,0,0.8739,0.7761,101.52
ISIC_0000477,0.05,1,0.7998,0.6664,99.29
ISIC_0000477,0.05,2,0.8432,0.729,95.28
ISIC_0000477,0.1,0,0.795,0.6598,116.73
ISIC_0000477,0.1,1,0.8109,0.6819,97.49
ISIC_0000477,0.1,2,0.7704,0.6266,115.84
ISIC_0000477,0.2,0,0.8721,0.7732,72.46
ISIC_0000477,0.2,1,0.7771,0.6355,118.85
ISIC_0000477,0.2,2,0.7582,0.6106,121.34
ISIC_0000479,0.0,0,0.885,0.7937,87.2
ISIC_0000479,0.05,0,0.8094,0.6798,176.07
ISIC_0000479,0.05,1,0.9314,0.8715,57.98
ISIC_0000479,0.05,2,0.8469,0.7345,111.8
ISIC_0000479,0.1,0,0.8815,0.7882,85.59
ISIC_0000479,0.1,1,0.7543,0.6055,188.0
ISIC_0000479,0.1,2,0.8972,0.8136,80.04
ISIC_0000479,0.2,0,0.7807,0.6402,142.97
ISIC_0000479,0.2,1,0.8728,0.7743,96.75
ISIC_0000479,0.2,2,0.7916,0.6551,138.0
ISIC_0000480,0.0,0,0.9509,0.9064,23.55
ISIC_0000480,0.05,0,0.9478,0.9009,23.0
ISIC_0000480,0.05,1,0.9588,0.9209,20.52
ISIC_0000480,0.05,2,0.9601,0.9232,18.38
ISIC_0000480,0.1,0,0.9004,0.8188,55.08
ISIC_0000480,0.1,1,0.9143,0.8422,38.07
ISIC_0000480,0.1,2,0.8936,0.8077,45.28
ISIC_0000480,0.2,0,0.853,0.7436,69.03
ISIC_0000480,0.2,1,0.7934,0.6576,96.39
ISIC_0000480,0.2,2,0.7278,0.5721,99.54
ISIC_0000481,0.0,0,0.7573,0.6094,184.9
ISIC_0000481,0.05,0,0.7283,0.5727,181.82
ISIC_0000481,0.05,1,0.8106,0.6815,121.2
ISIC_0000481,0.05,2,0.757,0.609,183.12
ISIC_0000481,0.1,0,0.7975,0.6632,192.87
ISIC_0000481,0.1,1,0.8368,0.7194,130.25
ISIC_0000481,0.1,2,0.8074,0.6771,133.0
ISIC_0000481,0.2,0,0.8191,0.6936,113.62
ISIC_0000481,0.2,1,0.845,0.7316,134.46
ISIC_0000481,0.2,2,0.7896,0.6524,129.0
ISIC_0000482,0.0,0,0.9526,0.9096,28.79
ISIC_0000482,0.05,0,0.9418,0.89,27.46
ISIC_0000482,0.05,1,0.9492,0.9033,30.54
ISIC_0000482,0.05,2,0.9366,0.8808,32.76
ISIC_0000482,0.1,0,0.9069,0.8297,37.0
ISIC_0000482,0.1,1,0.8602,0.7548,44.72
ISIC_0000482,0.1,2,0.9192,0.8505,44.98
ISIC_0000482,0.2,0,0.7927,0.6566,72.45
ISIC_0000482,0.2,1,0.6941,0.5315,157.28
ISIC_0000482,0.2,2,0.9097,0.8344,36.0
ISIC_0000483,0.0,0,0.9549,0.9136,30.81
ISIC_0000483,0.05,0,0.9354,0.8787,44.64
ISIC_0000483,0.05,1,0.9436,0.8932,34.19
ISIC_0000483,0.05,2,0.9548,0.9134,37.01
ISIC_0000483,0.1,0,0.8568,0.7495,76.18
ISIC_0000483,0.1,1,0.8444,0.7307,106.89
ISIC_0000483,0.1,2,0.9263,0.8628,45.01
ISIC_0000483,0.2,0,0.7453,0.594,120.72
ISIC_0000483,0.2,1,0.8343,0.7158,103.58
ISIC_0000483,0.2,2,0.5879,0.4163,197.91
ISIC_0000484,0.0,0,0.8944,0.809,73.55
ISIC_0000484,0.05,0,0.8822,0.7892,78.1
ISIC_0000484,0.05,1,0.8988,0.8162,74.55
ISIC_0000484,0.05,2,0.895,0.81,76.11
ISIC_0000484,0.1,0,0.8704,0.7705,81.42
ISIC_0000484,0.1,1,0.8865,0.7961,77.41
ISIC_0000484,0.1,2,0.8803,0.7862,83.85
ISIC_0000484,0.2,0,0.6235,0.453,200.07
ISIC_0000484,0.2,1,0.5198,0.3511,214.68
ISIC_0000484,0.2,2,0.8774,0.7816,88.43
ISIC_0000485,0.0,0,0.7043,0.5436,191.94
ISIC_0000485,0.05,0,0.7204,0.5629,200.82
ISIC_0000485,0.05,1,0.7195,0.5619,186.45
ISIC_0000485,0.05,2,0.7748,0.6323,161.43
ISIC_0000485,0.1,0,0.7364,0.5828,204.27
ISIC_0000485,0.1,1,0.7326,0.578,202.37
ISIC_0000485,0.1,2,0.7745,0.632,178.56
ISIC_0000485,0.2,0,0.8,0.6667,170.06
ISIC_0000485,0.2,1,0.7254,0.5692,178.51
ISIC_0000485,0.2,2,0.8285,0.7073,142.69
ISIC_0000486,0.0,0,0.9577,0.9188,20.53
ISIC_0000486,0.05,0,0.9538,0.9116,18.68
ISIC_0000486,0.05,1,0.9548,0.9135,21.21
ISIC_0000486,0.05,2,0.9617,0.9262,15.56
ISIC_0000486,0.1,0,0.9483,0.9017,25.0
ISIC_0000486,0.1,1,0.8978,0.8145,34.53
ISIC_0000486,0.1,2,0.9095,0.8341,34.16
ISIC_0000486,0.2,0,0.7565,0.6084,86.62
ISIC_0000486,0.2,1,0.8296,0.7089,78.77
ISIC_0000486,0.2,2,0.9391,0.8852,32.02
ISIC_0000487,0.0,0,0.9333,0.8749,56.61
ISIC_0000487,0.05,0,0.9079,0.8313,88.24
ISIC_0000487,0.05,1,0.91,0.8349,97.23
ISIC_0000487,0.05,2,0.9174,0.8474,47.67
ISIC_0000487,0.1,0,0.8505,0.7399,119.0
ISIC_0000487,0.1,1,0.8356,0.7176,122.82
ISIC_0000487,0.1,2,0.8881,0.7987,80.73
ISIC_0000487,0.2,0,0.8546,0.7461,99.62
ISIC_0000487,0.2,1,0.8644,0.7612,113.35
ISIC_0000487,0.2,2,0.8333,0.7143,136.86
ISIC_0000488,0.0,0,0.9687,0.9392,12.0
ISIC_0000488,0.05,0,0.9509,0.9064,19.24
ISIC_0000488,0.05,1,0.9592,0.9217,18.97
ISIC_0000488,0.05,2,0.9648,0.9321,13.93
ISIC_0000488,0.1,0,0.9395,0.8858,31.06
ISIC_0000488,0.1,1,0.9347,0.8773,27.99
ISIC_0000488,0.1,2,0.9438,0.8936,24.6
ISIC_0000488,0.2,0,0.8764,0.78,73.41
ISIC_0000488,0.2,1,0.1117,0.0591,240.42
ISIC_0000488,0.2,2,0.9212,0.854,25.0
ISIC_0000489,0.0,0,0.9061,0.8284,69.34
ISIC_0000489,0.05,0,0.9143,0.8422,63.61
ISIC_0000489,0.05,1,0.9352,0.8784,30.08
ISIC_0000489,0.05,2,0.9097,0.8344,62.87
ISIC_0000489,0.1,0,0.8667,0.7648,77.57
ISIC_0000489,0.1,1,0.93,0.8691,32.31
ISIC_0000489,0.1,2,0.8765,0.7801,80.79
ISIC_0000489,0.2,0,0.5769,0.4053,132.25
ISIC_0000489,0.2,1,0.878,0.7825,66.03
ISIC_0000489,0.2,2,0.6214,0.4508,146.84
ISIC_0000490,0.0,0,0.9311,0.871,38.83
ISIC_0000490,0.05,0,0.9338,0.8758,38.83
ISIC_0000490,0.05,1,0.9263,0.8628,42.37
ISIC_0000490,0.05,2,0.9232,0.8574,41.56
ISIC_0000490,0.1,0,0.9292,0.8678,42.75
ISIC_0000490,0.1,1,0.9297,0.8687,41.65
ISIC_0000490,0.1,2,0.9162,0.8454,43.86
ISIC_0000490,0.2,0,0.9186,0.8495,43.89
ISIC_0000490,0.2,1,0.7397,0.5869,95.0
ISIC_0000490,0.2,2,0.8866,0.7964,75.09
ISIC_0000491,0.0,0,0.9489,0.9027,34.13
ISIC_0000491,0.05,0,0.9374,0.8821,40.85
ISIC_0000491,0.05,1,0.9407,0.888,33.24
ISIC_0000491,0.05,2,0.9449,0.8956,35.11
ISIC_0000491,0.1,0,0.9129,0.8397,68.7
ISIC_0000491,0.1,1,0.9246,0.8597,117.39
ISIC_0000491,0.1,2,0.9431,0.8923,37.0
ISIC_0000491,0.2,0,0.7608,0.6139,196.09
ISIC_0000491,0.2,1,0.7877,0.6498,167.79
ISIC_0000491,0.2,2,0.653,0.4847,188.83
ISIC_0000492,0.0,0,0.9535,0.9112,25.29
ISIC_0000492,0.05,0,0.96,0.9231,22.2
ISIC_0000492,0.05,1,0.9425,0.8913,29.16
ISIC_0000492,0.05,2,0.9531,0.9104,25.24
ISIC_0000492,0.1,0,0.9227,0.8565,41.73
ISIC_0000492,0.1,1,0.9595,0.9222,20.19
ISIC_0000492,0.1,2,0.9093,0.8337,27.89
ISIC_0000492,0.2,0,0.8649,0.7619,97.02
ISIC_0000492,0.2,1,0.8191,0.6936,57.91
ISIC_0000492,0.2,2,0.6369,0.4673,93.05
ISIC_0000493,0.0,0,0.9669,0.9359,23.33
ISIC_0000493,0.05,0,0.9348,0.8776,41.19
ISIC_0000493,0.05,1,0.8622,0.7578,151.4
ISIC_0000493,0.05,2,0.94,0.8868,43.17
ISIC_0000493,0.1,0,0.9049,0.8263,61.85
ISIC_0000493,0.1,1,0.9461,0.8978,33.59
ISIC_0000493,0.1,2,0.8831,0.7907,63.64
ISIC_0000493,0.2,0,0.797,0.6625,153.44
ISIC_0000493,0.2,1,0.7818,0.6418,168.37
ISIC_0000493,0.2,2,0.6939,0.5313,146.06
ISIC_0000494,0.0,0,0.9292,0.8677,27.73
ISIC_0000494,0.05,0,0.9227,0.8564,27.75
ISIC_0000494,0.05,1,0.9395,0.8859,26.68
ISIC_0000494,0.05,2,0.9289,0.8672,27.3
ISIC_0000494,0.1,0,0.9073,0.8304,39.12
ISIC_0000494,0.1,1,0.9282,0.866,31.3
ISIC_0000494,0.1,2,0.9198,0.8514,30.64
ISIC_0000494,0.2,0,0.816,0.6892,64.07
ISIC_0000494,0.2,1,0.8935,0.8075,52.14
ISIC_0000494,0.2,2,0.9213,0.8541,35.35
ISIC_0000495,0.0,0,0.9633,0.9293,19.65
ISIC_0000495,0.05,0,0.9438,0.8937,23.02
ISIC_0000495,0.05,1,0.9295,0.8682,34.53
ISIC_0000495,0.05,2,0.9437,0.8934,27.78
ISIC_0000495,0.1,0,0.8609,0.7557,71.57
ISIC_0000495,0.1,1,0.8856,0.7946,80.01
ISIC_0000495,0.1,2,0.9227,0.8566,41.23
ISIC_0000495,0.2,0,0.8601,0.7545,82.15
ISIC_0000495,0.2,1,0.7059,0.5455,90.01
ISIC_0000495,0.2,2,0.8057,0.6747,107.07
ISIC_0000496,0.0,0,0.9169,0.8466,51.08
ISIC_0000496,0.05,0,0.8957,0.8111,74.99
ISIC_0000496,0.05,1,0.838,0.7212,76.93
ISIC_0000496,0.05,2,0.8256,0.7031,70.27
ISIC_0000496,0.1,0,0.7248,0.5684,103.24
ISIC_0000496,0.1,1,0.8459,0.733,86.6
ISIC_0000496,0.1,2,0.7819,0.6418,89.83
ISIC_0000496,0.2,0,0.9033,0.8236,43.66
ISIC_0000496,0.2,1,0.7548,0.6062,103.28
ISIC_0000496,0.2,2,0.8,0.6667,106.0
ISIC_0000498,0.0,0,0.9452,0.8961,25.8
ISIC_0000498,0.05,0,0.9546,0.9132,26.26
ISIC_0000498,0.05,1,0.9525,0.9094,22.8
ISIC_0000498,0.05,2,0.9492,0.9033,26.57
ISIC_0000498,0.1,0,0.9247,0.8599,44.88
ISIC_0000498,0.1,1,0.9143,0.8421,49.11
ISIC_0000498,0.1,2,0.9015,0.8207,54.59
ISIC_0000498,0.2,0,0.2161,0.1211,266.09
ISIC_0000498,0.2,1,0.8649,0.7619,110.0
ISIC_0000498,0.2,2,0.9415,0.8895,61.04
ISIC_0000499,0.0,0,0.9005,0.819,31.38
ISIC_0000499,0.05,0,0.8714,0.7721,34.43
ISIC_0000499,0.05,1,0.8682,0.7671,35.87
ISIC_0000499,0.05,2,0.9156,0.8444,25.78
ISIC_0000499,0.1,0,0.8846,0.7931,38.54
ISIC_0000499,0.1,1,0.867,0.7652,45.0
ISIC_0000499,0.1,2,0.9063,0.8287,34.71
ISIC_0000499,0.2,0,0.7905,0.6536,87.12
ISIC_0000499,0.2,1,0.6871,0.5234,156.49
ISIC_0000499,0.2,2,0.7923,0.656,105.04
ISIC_0000500,0.0,0,0.9312,0.8713,25.5
ISIC_0000500,0.05,0,0.9411,0.8888,22.8
ISIC_0000500,0.05,1,0.915,0.8433,30.68
ISIC_0000500,0.05,2,0.9491,0.9031,20.0
ISIC_0000500,0.1,0,0.9294,0.8681,34.26
ISIC_0000500,0.1,1,0.9121,0.8383,63.51
ISIC_0000500,0.1,2,0.8767,0.7805,44.92
ISIC_0000500,0.2,0,0.8454,0.7321,112.86
ISIC_0000500,0.2,1,0.875,0.7777,81.85
ISIC_0000500,0.2,2,0.835,0.7167,72.8
ISIC_0000501,0.0,0,0.9531,0.9104,24.18
ISIC_0000501,0.05,0,0.9515,0.9075,28.46
ISIC_0000501,0.05,1,0.9545,0.913,20.62
ISIC_0000501,0.05,2,0.9453,0.8962,23.81
ISIC_0000501,0.1,0,0.9207,0.8531,29.61
ISIC_0000501,0.1,1,0.929,0.8674,33.24
ISIC_0000501,0.1,2,0.8862,0.7957,40.8
ISIC_0000501,0.2,0,0.896,0.8116,44.0
ISIC_0000501,0.2,1,0.8389,0.7224,71.3
ISIC_0000501,0.2,2,0.9259,0.862,33.24
ISIC_0000503,0.0,0,0.9529,0.91,20.59
ISIC_0000503,0.05,0,0.9425,0.8912,37.01
ISIC_0000503,0.05,1,0.9395,0.8859,38.23
ISIC_0000503,0.05,2,0.9372,0.8818,27.78
ISIC_0000503,0.1,0,0.9326,0.8737,42.24
ISIC_0000503,0.1,1,0.7557,0.6073,136.76
ISIC_0000503,0.1,2,0.8823,0.7894,65.3
ISIC_0000503,0.2,0,0.918,0.8485,61.37
ISIC_0000503,0.2,1,0.7405,0.588,116.8
ISIC_0000503,0.2,2,0.8077,0.6775,94.7
ISIC_0000504,0.0,0,0.9405,0.8876,105.08
ISIC_0000504,0.05,0,0.93,0.8692,110.44
ISIC_0000504,0.05,1,0.9338,0.8759,106.48
ISIC_0000504,0.05,2,0.9421,0.8906,100.77
ISIC_0000504,0.1,0,0.9443,0.8944,146.0
ISIC_0000504,0.1,1,0.7705,0.6267,333.31
ISIC_0000504,0.1,2,0.8654,0.7628,188.12
ISIC_0000504,0.2,0,0.8693,0.7688,254.29
ISIC_0000504,0.2,1,0.7377,0.5844,311.77
ISIC_0000504,0.2,2,0.8904,0.8025,219.58
ISIC_0000505,0.0,0,0.9613,0.9255,12.08
ISIC_0000505,0.05,0,0.9125,0.8391,39.0
ISIC_0000505,0.05,1,0.9559,0.9156,17.22
ISIC_0000505,0.05,2,0.913,0.84,40.9
ISIC_0000505,0.1,0,0.8851,0.7938,45.1
ISIC_0000505,0.1,1,0.921,0.8536,34.25
ISIC_0000505,0.1,2,0.8996,0.8176,42.76
ISIC_0000505,0.2,0,0.7471,0.5963,97.06
ISIC_0000505,0.2,1,0.7789,0.6379,95.16
ISIC_0000505,0.2,2,0.7396,0.5869,90.34
ISIC_0000506,0.0,0,0.9314,0.8716,14.87
ISIC_0000506,0.05,0,0.935,0.8779,14.0
ISIC_0000506,0.05,1,0.9192,0.8504,16.28
ISIC_0000506,0.05,2,0.9061,0.8282,18.68
ISIC_0000506,0.1,0,0.8715,0.7723,30.27
ISIC_0000506,0.1,1,0.8794,0.7848,26.87
ISIC_0000506,0.1,2,0.896,0.8116,27.05
ISIC_0000506,0.2,0,0.8406,0.7251,51.08
ISIC_0000506,0.2,1,0.7665,0.6215,64.28
ISIC_0000506,0.2,2,0.8095,0.68,72.92
ISIC_0000507,0.0,0,0.9828,0.9662,8.94
ISIC_0000507,0.05,0,0.9576,0.9186,22.02
ISIC_0000507,0.05,1,0.9604,0.9239,17.0
ISIC_0000507,0.05,2,0.9695,0.9409,15.13
ISIC_0000507,0.1,0,0.9525,0.9093,31.26
ISIC_0000507,0.1,1,0.9409,0.8884,24.74
ISIC_0000507,0.1,2,0.9373,0.882,43.93
ISIC_0000507,0.2,0,0.8416,0.7265,76.9
ISIC_0000507,0.2,1,0.8073,0.6768,103.61
ISIC_0000507,0.2,2,0.8698,0.7696,64.53
ISIC_0000508,0.0,0,0.9718,0.9452,13.43
ISIC_0000508,0.05,0,0.9691,0.94,17.61
ISIC_0000508,0.05,1,0.969,0.9399,15.65
ISIC_0000508,0.05,2,0.9672,0.9365,17.0
ISIC_0000508,0.1,0,0.8657,0.7633,99.94
ISIC_0000508,0.1,1,0.9502,0.9052,34.0
ISIC_0000508,0.1,2,0.9315,0.8718,25.0
ISIC_0000508,0.2,0,0.9507,0.906,36.15
ISIC_0000508,0.2,1,0.9518,0.9081,23.41
ISIC_0000508,0.2,2,0.9555,0.9148,19.96
ISIC_0000509,0.0,0,0.981,0.9626,9.85
ISIC_0000509,0.05,0,0.9798,0.9604,11.0
ISIC_0000509,0.05,1,0.9809,0.9625,10.44
ISIC_0000509,0.05,2,0.9794,0.9596,10.44
ISIC_0000509,0.1,0,0.9443,0.8945,28.64
ISIC_0000509,0.1,1,0.7873,0.6492,101.13
ISIC_0000509,0.1,2,0.9095,0.8341,63.33
ISIC_0000509,0.2,0,0.8297,0.7089,124.6
ISIC_0000509,0.2,1,0.7653,0.6199,125.89
ISIC_0000509,0.2,2,0.8072,0.6768,111.74
ISIC_0000510,0.0,0,0.9517,0.9078,22.47
ISIC_0000510,0.05,0,0.9504,0.9055,25.02
ISIC_0000510,0.05,1,0.9326,0.8737,28.44
ISIC_0000510,0.05,2,0.9563,0.9162,25.0
ISIC_0000510,0.1,0,0.9386,0.8843,25.94
ISIC_0000510,0.1,1,0.9426,0.8914,29.43
ISIC_0000510,0.1,2,0.9308,0.8706,43.11
ISIC_0000510,0.2,0,0.5198,0.3512,175.3
ISIC_0000510,0.2,1,0.6824,0.5179,123.47
ISIC_0000510,0.2,2,0.8125,0.6841,87.67
ISIC_0000511,0.0,0,0.941,0.8885,45.13
ISIC_0000511,0.05,0,0.9127,0.8394,61.76
ISIC_0000511,0.05,1,0.8917,0.8046,72.03
ISIC_0000511,0.05,2,0.9287,0.8669,49.46
ISIC_0000511,0.1,0,0.9108,0.8363,64.04
ISIC_0000511,0.1,1,0.8972,0.8136,77.04
ISIC_0000511,0.1,2,0.8929,0.8065,83.02
ISIC_0000511,0.2,0,0.8023,0.6699,101.77
ISIC_0000511,0.2,1,0.9006,0.8192,96.9
ISIC_0000511,0.2,2,0.828,0.7065,128.4
ISIC_0000513,0.0,0,0.9109,0.8363,37.9
ISIC_0000513,0.05,0,0.8987,0.8161,41.23
ISIC_0000513,0.05,1,0.912,0.8382,40.16
ISIC_0000513,0.05,2,0.9321,0.8728,31.38
ISIC_0000513,0.1,0,0.9108,0.8362,46.39
ISIC_0000513,0.1,1,0.8303,0.7099,58.01
ISIC_0000513,0.1,2,0.9245,0.8597,32.69
ISIC_0000513,0.2,0,0.6918,0.5288,181.72
ISIC_0000513,0.2,1,0.882,0.7889,50.01
ISIC_0000513,0.2,2,0.7668,0.6218,109.12
ISIC_0000514,0.0,0,0.9521,0.9085,21.11
ISIC_0000514,0.05,0,0.9508,0.9062,25.0
ISIC_0000514,0.05,1,0.9356,0.879,24.17
ISIC_0000514,0.05,2,0.9491,0.9032,21.84
ISIC_0000514,0.1,0,0.9153,0.8438,29.73
ISIC_0000514,0.1,1,0.7148,0.5562,50.66
ISIC_0000514,0.1,2,0.9243,0.8592,24.02
ISIC_0000514,0.2,0,0.7883,0.6505,70.67
ISIC_0000514,0.2,1,0.4839,0.3192,134.18
ISIC_0000514,0.2,2,0.8141,0.6864,85.0
ISIC_0000515,0.0,0,0.9401,0.8869,35.17
ISIC_0000515,0.05,0,0.9475,0.9002,28.02
ISIC_0000515,0.05,1,0.9505,0.9057,34.06
ISIC_0000515,0.05,2,0.9201,0.852,43.74
ISIC_0000515,0.1,0,0.7555,0.6071,222.44
ISIC_0000515,0.1,1,0.6397,0.4703,260.01
ISIC_0000515,0.1,2,0.9337,0.8757,43.74
ISIC_0000515,0.2,0,0.9468,0.8989,31.09
ISIC_0000515,0.2,1,0.806,0.675,198.71
ISIC_0000515,0.2,2,0.3998,0.2498,212.18
ISIC_0000517,0.0,0,0.8679,0.7666,167.99
ISIC_0000517,0.05,0,0.8029,0.6707,193.03
ISIC_0000517,0.05,1,0.8679,0.7666,167.99
ISIC_0000517,0.05,2,0.6161,0.4452,334.37
ISIC_0000517,0.1,0,0.8684,0.7674,165.02
ISIC_0000517,0.1,1,0.6451,0.4761,291.62
ISIC_0000517,0.1,2,0.8679,0.7666,167.99
ISIC_0000517,0.2,0,0.7533,0.6042,205.0
ISIC_0000517,0.2,1,0.6455,0.4766,254.51
ISIC_0000517,0.2,2,0.5854,0.4138,223.0
ISIC_0000518,0.0,0,0.9058,0.8278,33.6
ISIC_0000518,0.05,0,0.911,0.8366,31.74
ISIC_0000518,0.05,1,0.8699,0.7697,42.0
ISIC_0000518,0.05,2,0.8714,0.7721,44.69
ISIC_0000518,0.1,0,0.8437,0.7297,57.73
ISIC_0000518,0.1,1,0.8609,0.7557,50.0
ISIC_0000518,0.1,2,0.8821,0.7891,46.68
ISIC_0000518,0.2,0,0.9038,0.8244,36.8
ISIC_0000518,0.2,1,0.8406,0.725,67.6
ISIC_0000518,0.2,2,0.8428,0.7283,63.06
ISIC_0000519,0.0,0,0.9261,0.8623,128.57
ISIC_0000519,0.05,0,0.9399,0.8866,125.19
ISIC_0000519,0.05,1,0.9044,0.8255,169.25
ISIC_0000519,0.05,2,0.9517,0.9078,103.0
ISIC_0000519,0.1,0,0.8507,0.7402,277.11
ISIC_0000519,0.1,1,0.8089,0.6791,255.98
ISIC_0000519,0.1,2,0.8885,0.7994,203.12
ISIC_0000519,0.2,0,0.8231,0.6994,573.31
ISIC_0000519,0.2,1,0.8863,0.7959,300.13
ISIC_0000519,0.2,2,0.8038,0.672,498.05
ISIC_0000520,0.0,0,0.8785,0.7833,174.12
ISIC_0000520,0.05,0,0.8901,0.8019,165.45
ISIC_0000520,0.05,1,0.8884,0.7992,173.67
ISIC_0000520,0.05,2,0.9063,0.8287,165.73
ISIC_0000520,0.1,0,0.8952,0.8103,156.08
ISIC_0000520,0.1,1,0.9046,0.8258,149.34
ISIC_0000520,0.1,2,0.8784,0.7831,146.07
ISIC_0000520,0.2,0,0.8471,0.7347,292.45
ISIC_0000520,0.2,1,0.8753,0.7783,216.64
ISIC_0000520,0.2,2,0.6385,0.469,297.84
ISIC_0000521,0.0,0,0.9569,0.9174,71.18
ISIC_0000521,0.05,0,0.9495,0.9038,80.6
ISIC_0000521,0.05,1,0.9622,0.9271,68.73
ISIC_0000521,0.05,2,0.9344,0.8769,93.23
ISIC_0000521,0.1,0,0.8885,0.7994,140.1
ISIC_0000521,0.1,1,0.9579,0.9193,122.89
ISIC_0000521,0.1,2,0.9593,0.9218,84.0
ISIC_0000521,0.2,0,0.6349,0.4651,694.94
ISIC_0000521,0.2,1,0.9072,0.8301,265.2
ISIC_0000521,0.2,2,0.5797,0.4081,684.03
ISIC_0000522,0.0,0,0.9304,0.8699,40.44
ISIC_0000522,0.05,0,0.8461,0.7332,99.71
ISIC_0000522,0.05,1,0.9012,0.8201,50.17
ISIC_0000522,0.05,2,0.9144,0.8424,43.75
ISIC_0000522,0.1,0,0.8011,0.6682,103.99
ISIC_0000522,0.1,1,0.8211,0.6965,96.43
ISIC_0000522,0.1,2,0.8386,0.722,169.84
ISIC_0000522,0.2,0,0.7137,0.5548,147.26
ISIC_0000522,0.2,1,0.7365,0.5829,115.55
ISIC_0000522,0.2,2,0.5996,0.4282,144.24
ISIC_0000523,0.0,0,0.95,0.9048,20.59
ISIC_0000523,0.05,0,0.9536,0.9114,20.62
ISIC_0000523,0.05,1,0.9435,0.8931,21.0
ISIC_0000523,0.05,2,0.9429,0.8919,32.25
ISIC_0000523,0.1,0,0.8964,0.8122,46.95
ISIC_0000523,0.1,1,0.9017,0.8211,65.8
ISIC_0000523,0.1,2,0.8821,0.7891,42.04
ISIC_0000523,0.2,0,0.9221,0.8555,39.05
ISIC_0000523,0.2,1,0.8769,0.7808,61.06
ISIC_0000523,0.2,2,0.8413,0.7261,70.49
ISIC_0000524,0.0,0,0.9707,0.943,17.12
ISIC_0000524,0.05,0,0.9628,0.9282,20.25
ISIC_0000524,0.05,1,0.9671,0.9363,18.04
ISIC_0000524,0.05,2,0.9652,0.9327,19.7
ISIC_0000524,0.1,0,0.8468,0.7344,109.12
ISIC_0000524,0.1,1,0.9501,0.905,32.31
ISIC_0000524,0.1,2,0.767,0.622,176.28
ISIC_0000524,0.2,0,0.8532,0.744,92.52
ISIC_0000524,0.2,1,0.9622,0.9271,26.51
ISIC_0000524,0.2,2,0.888,0.7986,100.72
ISIC_0000525,0.0,0,0.9722,0.9459,17.12
ISIC_0000525,0.05,0,0.967,0.9361,20.0
ISIC_0000525,0.05,1,0.9738,0.949,16.0
ISIC_0000525,0.05,2,0.962,0.9268,22.02
ISIC_0000525,0.1,0,0.9274,0.8647,45.51
ISIC_0000525,0.1,1,0.8901,0.8019,76.32
ISIC_0000525,0.1,2,0.1964,0.1089,219.08
ISIC_0000525,0.2,0,0.2847,0.1659,146.05
ISIC_0000525,0.2,1,0.7326,0.578,124.34
ISIC_0000525,0.2,2,0.5574,0.3864,228.29
ISIC_0000527,0.0,0,0.9533,0.9108,28.99
ISIC_0000527,0.05,0,0.9356,0.879,30.23
ISIC_0000527,0.05,1,0.9435,0.893,31.13
ISIC_0000527,0.05,2,0.9359,0.8795,32.76
ISIC_0000527,0.1,0,0.923,0.857,42.95
ISIC_0000527,0.1,1,0.9291,0.8676,32.82
ISIC_0000527,0.1,2,0.9411,0.8887,36.45
ISIC_0000527,0.2,0,0.9227,0.8564,62.59
ISIC_0000527,0.2,1,0.7578,0.61,131.24
ISIC_0000527,0.2,2,0.9208,0.8532,50.25
ISIC_0000528,0.0,0,0.9304,0.8698,27.27
ISIC_0000528,0.05,0,0.9085,0.8324,39.0
ISIC_0000528,0.05,1,0.9176,0.8477,34.08
ISIC_0000528,0.05,2,0.9241,0.8589,27.73
ISIC_0000528,0.1,0,0.895,0.81,35.9
ISIC_0000528,0.1,1,0.8921,0.8052,33.08
ISIC_0000528,0.1,2,0.9111,0.8366,34.46
ISIC_0000528,0.2,0,0.7937,0.6579,71.09
ISIC_0000528,0.2,1,0.6919,0.529,84.18
ISIC_0000528,0.2,2,0.8072,0.6767,70.0
ISIC_0000529,0.0,0,0.9537,0.9115,54.58
ISIC_0000529,0.05,0,0.9438,0.8936,53.76
ISIC_0000529,0.05,1,0.9461,0.8978,50.16
ISIC_0000529,0.05,2,0.9521,0.9085,33.0
ISIC_0000529,0.1,0,0.9384,0.8839,58.69
ISIC_0000529,0.1,1,0.9421,0.8906,43.59
ISIC_0000529,0.1,2,0.9062,0.8286,73.33
ISIC_0000529,0.2,0,0.5927,0.4211,216.75
ISIC_0000529,0.2,1,0.9176,0.8477,49.09
ISIC_0000529,0.2,2,0.6836,0.5193,237.48
ISIC_0000530,0.0,0,0.9239,0.8586,37.0
ISIC_0000530,0.05,0,0.9075,0.8306,38.9
ISIC_0000530,0.05,1,0.8748,0.7775,54.58
ISIC_0000530,0.05,2,0.9279,0.8656,36.06
ISIC_0000530,0.1,0,0.88,0.7857,64.0
ISIC_0000530,0.1,1,0.8869,0.7967,52.61
ISIC_0000530,0.1,2,0.9367,0.8809,40.39
ISIC_0000530,0.2,0,0.7549,0.6063,128.13
ISIC_0000530,0.2,1,0.7563,0.6081,105.76
ISIC_0000530,0.2,2,0.7889,0.6514,89.49
ISIC_0000531,0.0,0,0.9606,0.9242,23.35
ISIC_0000531,0.05,0,0.9276,0.865,50.5
ISIC_0000531,0.05,1,0.9516,0.9077,25.52
ISIC_0000531,0.05,2,0.9566,0.9169,24.0
ISIC_0000531,0.1,0,0.9167,0.8461,32.55
ISIC_0000531,0.1,1,0.9396,0.8861,37.18
ISIC_0000531,0.1,2,0.9493,0.9034,28.32
ISIC_0000531,0.2,0,0.942,0.8904,37.66
ISIC_0000531,0.2,1,0.8505,0.7399,99.92
ISIC_0000531,0.2,2,0.8994,0.8172,62.29
ISIC_0000532,0.0,0,0.9248,0.8602,33.94
ISIC_0000532,0.05,0,0.8982,0.8152,52.97
ISIC_0000532,0.05,1,0.9133,0.8404,29.83
ISIC_0000532,0.05,2,0.9318,0.8723,30.81
ISIC_0000532,0.1,0,0.9148,0.843,40.18
ISIC_0000532,0.1,1,0.8881,0.7987,50.93
ISIC_0000532,0.1,2,0.8446,0.731,51.48
ISIC_0000532,0.2,0,0.7765,0.6347,101.15
ISIC_0000532,0.2,1,0.8362,0.7185,86.87
ISIC_0000532,0.2,2,0.4681,0.3056,201.28
ISIC_0000533,0.0,0,0.9299,0.8689,39.96
ISIC_0000533,0.05,0,0.9312,0.8712,73.88
ISIC_0000533,0.05,1,0.9362,0.88,34.89
ISIC_0000533,0.05,2,0.9167,0.8462,48.75
ISIC_0000533,0.1,0,0.8735,0.7754,86.28
ISIC_0000533,0.1,1,0.9117,0.8378,49.19
ISIC_0000533,0.1,2,0.9188,0.8498,53.6
ISIC_0000533,0.2,0,0.934,0.8762,46.15
ISIC_0000533,0.2,1,0.8806,0.7866,110.43
ISIC_0000533,0.2,2,0.7058,0.5454,130.08
ISIC_0000534,0.0,0,0.6733,0.5075,39.56
ISIC_0000534,0.05,0,0.6463,0.4775,36.0
ISIC_0000534,0.05,1,0.4793,0.3152,83.35
ISIC_0000534,0.05,2,0.2583,0.1483,97.05
ISIC_0000534,0.1,0,0.7942,0.6587,88.56
ISIC_0000534,0.1,1,0.8472,0.735,69.34
ISIC_0000534,0.1,2,0.8721,0.7733,65.56
ISIC_0000534,0.2,0,0.1493,0.0807,295.16
ISIC_0000534,0.2,1,0.3573,0.2175,161.08
ISIC_0000534,0.2,2,0.698,0.5361,136.46
ISIC_0000535,0.0,0,0.97,0.9418,17.0
ISIC_0000535,0.05,0,0.9698,0.9414,16.0
ISIC_0000535,0.05,1,0.9646,0.9317,19.72
ISIC_0000535,0.05,2,0.9704,0.9426,17.0
ISIC_0000535,0.1,0,0.9556,0.9149,21.17
ISIC_0000535,0.1,1,0.929,0.8674,33.54
ISIC_0000535,0.1,2,0.8682,0.7671,51.57
ISIC_0000535,0.2,0,0.57,0.3987,117.89
ISIC_0000535,0.2,1,0.7835,0.644,68.06
ISIC_0000535,0.2,2,0.824,0.7007,91.24
ISIC_0000536,0.0,0,0.9308,0.8705,12.06
ISIC_0000536,0.05,0,0.9155,0.8442,14.03
ISIC_0000536,0.05,1,0.9132,0.8403,13.36
ISIC_0000536,0.05,2,0.9415,0.8894,12.04
ISIC_0000536,0.1,0,0.922,0.8552,13.89
ISIC_0000536,0.1,1,0.9087,0.8327,18.79
ISIC_0000536,0.1,2,0.8835,0.7913,19.92
ISIC_0000536,0.2,0,0.9268,0.8635,16.28
ISIC_0000536,0.2,1,0.8785,0.7833,19.99
ISIC_0000536,0.2,2,0.6145,0.4435,72.04
ISIC_0000537,0.0,0,0.9251,0.8606,65.56
ISIC_0000537,0.05,0,0.9144,0.8422,60.85
ISIC_0000537,0.05,1,0.9117,0.8378,70.53
ISIC_0000537,0.05,2,0.9212,0.854,64.0
ISIC_0000537,0.1,0,0.919,0.8501,65.19
ISIC_0000537,0.1,1,0.9128,0.8395,68.25
ISIC_0000537,0.1,2,0.893,0.8066,68.66
ISIC_0000537,0.2,0,0.7637,0.6178,109.37
ISIC_0000537,0.2,1,0.7967,0.6621,120.0
ISIC_0000537,0.2,2,0.7115,0.5523,125.58
ISIC_0000538,0.0,0,0.9553,0.9144,19.72
ISIC_0000538,0.05,0,0.9529,0.9101,17.85
ISIC_0000538,0.05,1,0.9442,0.8943,18.6
ISIC_0000538,0.05,2,0.9444,0.8947,29.41
ISIC_0000538,0.1,0,0.8822,0.7892,57.16
ISIC_0000538,0.1,1,0.9493,0.9036,20.12
ISIC_0000538,0.1,2,0.9331,0.8746,24.81
ISIC_0000538,0.2,0,0.8473,0.7351,90.15
ISIC_0000538,0.2,1,0.8366,0.719,85.99
ISIC_0000538,0.2,2,0.8512,0.7409,75.24
ISIC_0000539,0.0,0,0.9549,0.9137,19.42
ISIC_0000539,0.05,0,0.9418,0.89,25.18
ISIC_0000539,0.05,1,0.9726,0.9467,16.07
ISIC_0000539,0.05,2,0.9694,0.9405,18.25
ISIC_0000539,0.1,0,0.9471,0.8994,28.85
ISIC_0000539,0.1,1,0.9223,0.8559,68.47
ISIC_0000539,0.1,2,0.9554,0.9147,20.0
ISIC_0000539,0.2,0,0.1419,0.0763,211.84
ISIC_0000539,0.2,1,0.8696,0.7693,159.11
ISIC_0000539,0.2,2,0.6712,0.5051,242.61
ISIC_0000540,0.0,0,0.9699,0.9415,21.21
ISIC_0000540,0.05,0,0.9541,0.9123,27.76
ISIC_0000540,0.05,1,0.9706,0.9429,18.25
ISIC_0000540,0.05,2,0.9598,0.9226,25.96
ISIC_0000540,0.1,0,0.9219,0.8551,60.89
ISIC_0000540,0.1,1,0.8993,0.8171,81.57
ISIC_0000540,0.1,2,0.865,0.762,145.07
ISIC_0000540,0.2,0,0.8443,0.7306,126.0
ISIC_0000540,0.2,1,0.6791,0.5141,145.35
ISIC_0000540,0.2,2,0.8071,0.6767,154.39
ISIC_0000541,0.0,0,0.9332,0.8748,26.0
ISIC_0000541,0.05,0,0.9217,0.8548,40.47
ISIC_0000541,0.05,1,0.9424,0.891,25.06
ISIC_0000541,0.05,2,0.9224,0.856,43.16
ISIC_0000541,0.1,0,0.8465,0.7339,75.87
ISIC_0000541,0.1,1,0.9097,0.8343,51.0
ISIC_0000541,0.1,2,0.8602,0.7548,101.16
ISIC_0000541,0.2,0,0.8316,0.7118,113.65
ISIC_0000541,0.2,1,0.7699,0.6259,115.6
ISIC_0000541,0.2,2,0.7558,0.6074,119.88
ISIC_0000542,0.0,0,0.9773,0.9556,14.14
ISIC_0000542,0.05,0,0.9747,0.9507,18.35
ISIC_0000542,0.05,1,0.9614,0.9256,22.2
ISIC_0000542,0.05,2,0.975,0.9512,16.28
ISIC_0000542,0.1,0,0.932,0.8726,58.56
ISIC_0000542,0.1,1,0.9005,0.819,55.02
ISIC_0000542,0.1,2,0.9758,0.9528,17.89
ISIC_0000542,0.2,0,0.9145,0.8425,72.99
ISIC_0000542,0.2,1,0.8982,0.8152,87.04
ISIC_0000542,0.2,2,0.8722,0.7733,117.07
ISIC_0000543,0.0,0,0.9623,0.9273,16.03
ISIC_0000543,0.05,0,0.9562,0.9161,18.39
ISIC_0000543,0.05,1,0.9651,0.9326,15.59
ISIC_0000543,0.05,2,0.9596,0.9224,19.24
ISIC_0000543,0.1,0,0.9359,0.8795,30.41
ISIC_0000543,0.1,1,0.9589,0.9211,18.38
ISIC_0000543,0.1,2,0.9388,0.8846,33.55
ISIC_0000543,0.2,0,0.9219,0.855,43.32
ISIC_0000543,0.2,1,0.7774,0.6359,132.25
ISIC_0000543,0.2,2,0.8284,0.7071,116.09
ISIC_0000544,0.0,0,0.9491,0.9032,27.66
ISIC_0000544,0.05,0,0.9467,0.8988,28.0
ISIC_0000544,0.05,1,0.9281,0.8659,27.89
ISIC_0000544,0.05,2,0.9423,0.891,30.07
ISIC_0000544,0.1,0,0.8963,0.8121,50.34
ISIC_0000544,0.1,1,0.8672,0.7655,52.01
ISIC_0000544,0.1,2,0.8983,0.8154,43.74
ISIC_0000544,0.2,0,0.7777,0.6363,96.57
ISIC_0000544,0.2,1,0.8283,0.707,97.94
ISIC_0000544,0.2,2,0.7966,0.662,102.96
ISIC_0000545,0.0,0,0.869,0.7683,64.53
ISIC_0000545,0.05,0,0.8085,0.6785,86.32
ISIC_0000545,0.05,1,0.8595,0.7536,69.84
ISIC_0000545,0.05,2,0.8537,0.7448,73.31
ISIC_0000545,0.1,0,0.8715,0.7723,81.36
ISIC_0000545,0.1,1,0.8549,0.7466,62.63
ISIC_0000545,0.1,2,0.8742,0.7765,77.47
ISIC_0000545,0.2,0,0.6774,0.5122,198.85
ISIC_0000545,0.2,1,0.8217,0.6974,106.02
ISIC_0000545,0.2,2,0.8395,0.7234,106.92
ISIC_0000546,0.0,0,0.9641,0.9307,18.03
ISIC_0000546,0.05,0,0.7253,0.569,115.0
ISIC_0000546,0.05,1,0.9551,0.9141,22.8
ISIC_0000546,0.05,2,0.9501,0.905,26.66
ISIC_0000546,0.1,0,0.7931,0.6571,129.69
ISIC_0000546,0.1,1,0.8046,0.673,133.0
ISIC_0000546,0.1,2,0.7989,0.6651,88.4
ISIC_0000546,0.2,0,0.4248,0.2697,167.2
ISIC_0000546,0.2,1,0.7479,0.5973,102.95
ISIC_0000546,0.2,2,0.8461,0.7332,80.5
ISIC_0000547,0.0,0,0.9242,0.8591,65.04
ISIC_0000547,0.05,0,0.9211,0.8537,52.05
ISIC_0000547,0.05,1,0.9305,0.87,62.69
ISIC_0000547,0.05,2,0.9141,0.8418,63.79
ISIC_0000547,0.1,0,0.8976,0.8142,52.92
ISIC_0000547,0.1,1,0.8573,0.7503,70.2
ISIC_0000547,0.1,2,0.9217,0.8548,54.6
ISIC_0000547,0.2,0,0.8122,0.6838,137.77
ISIC_0000547,0.2,1,0.6406,0.4713,176.02
ISIC_0000547,0.2,2,0.9219,0.8552,57.43
ISIC_0000548,0.0,0,0.9653,0.9329,18.4
ISIC_0000548,0.05,0,0.955,0.9138,23.26
ISIC_0000548,0.05,1,0.9606,0.9241,16.76
ISIC_0000548,0.05,2,0.9514,0.9074,22.36
ISIC_0000548,0.1,0,0.9043,0.8254,42.3
ISIC_0000548,0.1,1,0.8563,0.7486,76.48
ISIC_0000548,0.1,2,0.9225,0.8562,29.8
ISIC_0000548,0.2,0,0.6874,0.5237,158.01
ISIC_0000548,0.2,1,0.7087,0.5489,98.73
ISIC_0000548,0.2,2,0.7201,0.5626,89.97
ISIC_0000549,0.0,0,0.8828,0.7902,106.91
ISIC_0000549,0.05,0,0.8814,0.788,103.02
ISIC_0000549,0.05,1,0.911,0.8365,61.67
ISIC_0000549,0.05,2,0.8948,0.8096,75.01
ISIC_0000549,0.1,0,0.8954,0.8107,100.17
ISIC_0000549,0.1,1,0.8916,0.8044,68.03
ISIC_0000549,0.1,2,0.8643,0.7611,76.45
ISIC_0000549,0.2,0,0.5444,0.374,217.45
ISIC_0000549,0.2,1,0.8695,0.7692,120.16
ISIC_0000549,0.2,2,0.8065,0.6758,117.9
ISIC_0000550,0.0,0,0.9408,0.8882,37.34
ISIC_0000550,0.05,0,0.9138,0.8413,42.19
ISIC_0000550,0.05,1,0.9386,0.8842,38.38
ISIC_0000550,0.05,2,0.9326,0.8737,37.02
ISIC_0000550,0.1,0,0.9358,0.8794,39.51
ISIC_0000550,0.1,1,0.9028,0.8228,46.75
ISIC_0000550,0.1,2,0.9347,0.8775,38.0
ISIC_0000550,0.2,0,0.905,0.8265,50.0
ISIC_0000550,0.2,1,0.9182,0.8487,42.01
ISIC_0000550,0.2,2,0.8659,0.7636,67.79
ISIC_0000552,0.0,0,0.9293,0.8679,47.58
ISIC_0000552,0.05,0,0.9076,0.8309,42.97
ISIC_0000552,0.05,1,0.9331,0.8746,43.01
ISIC_0000552,0.05,2,0.9012,0.8201,45.19
ISIC_0000552,0.1,0,0.8292,0.7082,85.59
ISIC_0000552,0.1,1,0.8572,0.7501,98.71
ISIC_0000552,0.1,2,0.8456,0.7325,69.64
ISIC_0000552,0.2,0,0.7522,0.6028,151.75
ISIC_0000552,0.2,1,0.8454,0.7322,77.43
ISIC_0000552,0.2,2,0.7614,0.6147,107.22
ISIC_0000554,0.0,0,0.9669,0.9358,17.46
ISIC_0000554,0.05,0,0.9627,0.9281,20.62
ISIC_0000554,0.05,1,0.9689,0.9397,16.12
ISIC_0000554,0.05,2,0.9667,0.9356,19.21
ISIC_0000554,0.1,0,0.9576,0.9186,24.04
ISIC_0000554,0.1,1,0.8666,0.7646,78.22
ISIC_0000554,0.1,2,0.7147,0.556,118.98
ISIC_0000554,0.2,0,0.5132,0.3452,171.94
ISIC_0000554,0.2,1,0.8477,0.7356,99.82
ISIC_0000554,0.2,2,0.6163,0.4454,185.97
ISIC_0000555,0.0,0,0.9691,0.94,13.93
ISIC_0000555,0.05,0,0.9514,0.9074,18.44
ISIC_0000555,0.05,1,0.9607,0.9243,19.1
ISIC_0000555,0.05,2,0.9486,0.9022,21.52
ISIC_0000555,0.1,0,0.9254,0.8612,30.42
ISIC_0000555,0.1,1,0.8713,0.7719,46.52
ISIC_0000555,0.1,2,0.9485,0.9021,26.2
ISIC_0000555,0.2,0,0.7094,0.5497,98.06
ISIC_0000555,0.2,1,0.9039,0.8247,60.83
ISIC_0000555,0.2,2,0.8845,0.7929,52.03
ISIC_0000556,0.0,0,0.965,0.9323,29.15
ISIC_0000556,0.05,0,0.9699,0.9415,26.0
ISIC_0000556,0.05,1,0.9594,0.922,36.4
ISIC_0000556,0.05,2,0.9687,0.9392,26.91
ISIC_0000556,0.1,0,0.946,0.8976,39.0
ISIC_0000556,0.1,1,0.9084,0.8322,64.54
ISIC_0000556,0.1,2,0.8126,0.6843,137.41
ISIC_0000556,0.2,0,0.7015,0.5403,189.31
ISIC_0000556,0.2,1,0.6651,0.4982,170.47
ISIC_0000556,0.2,2,0.9308,0.8705,43.16
ISIC_0000882,0.0,0,0.8818,0.7885,75.02
ISIC_0000882,0.05,0,0.8726,0.774,95.71
ISIC_0000882,0.05,1,0.8387,0.7223,102.37
ISIC_0000882,0.05,2,0.8617,0.757,100.63
ISIC_0000882,0.1,0,0.855,0.7467,142.0
ISIC_0000882,0.1,1,0.8552,0.747,136.13
ISIC_0000882,0.1,2,0.832,0.7123,136.03
ISIC_0000882,0.2,0,0.8668,0.7649,104.37
ISIC_0000882,0.2,1,0.8564,0.7488,171.0
ISIC_0000882,0.2,2,0.7683,0.6237,147.45
ISIC_0000900,0.0,0,0.8285,0.7072,86.45
ISIC_0000900,0.05,0,0.847,0.7347,79.22
ISIC_0000900,0.05,1,0.836,0.7182,86.61
ISIC_0000900,0.05,2,0.8581,0.7515,71.51
ISIC_0000900,0.1,0,0.8357,0.7178,100.42
ISIC_0000900,0.1,1,0.8152,0.6881,109.66
ISIC_0000900,0.1,2,0.795,0.6598,102.9
ISIC_0000900,0.2,0,0.8232,0.6996,96.82
ISIC_0000900,0.2,1,0.7289,0.5735,156.62
ISIC_0000900,0.2,2,0.67,0.5038,180.77
ISIC_0000999,0.0,0,0.922,0.8553,105.5
ISIC_0000999,0.05,0,0.9083,0.8321,109.47
ISIC_0000999,0.05,1,0.9059,0.828,120.09
ISIC_0000999,0.05,2,0.9262,0.8625,91.33
ISIC_0000999,0.1,0,0.872,0.7731,188.98
ISIC_0000999,0.1,1,0.8847,0.7933,100.65
ISIC_0000999,0.1,2,0.9212,0.8539,81.79
ISIC_0000999,0.2,0,0.9209,0.8535,83.77
ISIC_0000999,0.2,1,0.8244,0.7013,246.99
ISIC_0000999,0.2,2,0.821,0.6963,209.85
ISIC_0001100,0.0,0,0.8056,0.6745,260.83
ISIC_0001100,0.05,0,0.8111,0.6823,263.96
ISIC_0001100,0.05,1,0.7856,0.647,283.48
ISIC_0001100,0.05,2,0.8087,0.6789,269.98
ISIC_0001100,0.1,0,0.7978,0.6636,273.02
ISIC_0001100,0.1,1,0.8416,0.7266,251.97
ISIC_0001100,0.1,2,0.7811,0.6408,276.77
ISIC_0001100,0.2,0,0.6853,0.5213,341.31
ISIC_0001100,0.2,1,0.6861,0.5222,291.01
ISIC_0001100,0.2,2,0.8382,0.7215,198.08
ISIC_0001102,0.0,0,0.9559,0.9156,122.85
ISIC_0001102,0.05,0,0.9432,0.8926,130.05
ISIC_0001102,0.05,1,0.9521,0.9087,108.97
ISIC_0001102,0.05,2,0.9562,0.9161,103.72
ISIC_0001102,0.1,0,0.9165,0.8458,149.71
ISIC_0001102,0.1,1,0.8933,0.8072,235.07
ISIC_0001102,0.1,2,0.832,0.7123,506.46
ISIC_0001102,0.2,0,0.8605,0.7551,549.3
ISIC_0001102,0.2,1,0.8942,0.8086,402.11
ISIC_0001102,0.2,2,0.8881,0.7987,717.96
ISIC_0001103,0.0,0,0.9284,0.8663,127.03
ISIC_0001103,0.05,0,0.9043,0.8254,164.58
ISIC_0001103,0.05,1,0.9106,0.8359,144.81
ISIC_0001103,0.05,2,0.9164,0.8456,146.47
ISIC_0001103,0.1,0,0.9289,0.8673,116.82
ISIC_0001103,0.1,1,0.8767,0.7804,192.12
ISIC_0001103,0.1,2,0.8427,0.7282,258.8
ISIC_0001103,0.2,0,0.9148,0.843,154.44
ISIC_0001103,0.2,1,0.842,0.7271,318.96
ISIC_0001103,0.2,2,0.8148,0.6875,298.85
ISIC_0001105,0.0,0,0.9071,0.8301,130.15
ISIC_0001105,0.05,0,0.8954,0.8105,150.13
ISIC_0001105,0.05,1,0.905,0.8264,145.01
ISIC_0001105,0.05,2,0.8994,0.8172,125.2
ISIC_0001105,0.1,0,0.8651,0.7622,144.93
ISIC_0001105,0.1,1,0.9101,0.835,122.19
ISIC_0001105,0.1,2,0.906,0.8282,119.1
ISIC_0001105,0.2,0,0.8479,0.7359,229.88
ISIC_0001105,0.2,1,0.8883,0.7991,124.35
ISIC_0001105,0.2,2,0.8063,0.6755,192.59
ISIC_0001106,0.0,0,0.965,0.9324,61.52
ISIC_0001106,0.05,0,0.9597,0.9225,79.56
ISIC_0001106,0.05,1,0.9489,0.9028,74.69
ISIC_0001106,0.05,2,0.9428,0.8918,95.01
ISIC_0001106,0.1,0,0.7589,0.6115,645.06
ISIC_0001106,0.1,1,0.931,0.8709,148.48
ISIC_0001106,0.1,2,0.9305,0.87,112.39
ISIC_0001106,0.2,0,0.7352,0.5813,554.3
ISIC_0001106,0.2,1,0.8477,0.7357,331.43
ISIC_0001106,0.2,2,0.8253,0.7026,446.27
ISIC_0001118,0.0,0,0.9178,0.8481,514.29
ISIC_0001118,0.05,0,0.8661,0.7638,610.45
ISIC_0001118,0.05,1,0.931,0.8708,433.19
ISIC_0001118,0.05,2,0.9063,0.8287,511.6
ISIC_0001118,0.1,0,0.8433,0.729,687.35
ISIC_0001118,0.1,1,0.8424,0.7278,639.07
ISIC_0001118,0.1,2,0.8621,0.7576,574.62
ISIC_0001118,0.2,0,0.5914,0.4199,716.04
ISIC_0001118,0.2,1,0.7079,0.5479,900.02
ISIC_0001118,0.2,2,0.4373,0.2799,958.01
ISIC_0001119,0.0,0,0.9075,0.8306,52.09
ISIC_0001119,0.05,0,0.9178,0.8481,49.53
ISIC_0001119,0.05,1,0.9048,0.8261,52.0
ISIC_0001119,0.05,2,0.8841,0.7922,58.86
ISIC_0001119,0.1,0,0.8964,0.8122,56.1
ISIC_0001119,0.1,1,0.8888,0.7999,64.5
ISIC_0001119,0.1,2,0.9041,0.8249,51.89
ISIC_0001119,0.2,0,0.7215,0.5643,142.24
ISIC_0001119,0.2,1,0.8566,0.7491,101.83
ISIC_0001119,0.2,2,0.7812,0.641,187.07
ISIC_0001126,0.0,0,0.8311,0.711,242.4
ISIC_0001126,0.05,0,0.8157,0.6888,236.57
ISIC_0001126,0.05,1,0.8072,0.6768,300.3
ISIC_0001126,0.05,2,0.8227,0.6988,253.85
ISIC_0001126,0.1,0,0.7517,0.6021,385.01
ISIC_0001126,0.1,1,0.8423,0.7276,227.75
ISIC_0001126,0.1,2,0.8081,0.678,281.46
ISIC_0001126,0.2,0,0.646,0.4771,405.08
ISIC_0001126,0.2,1,0.7907,0.6538,376.19
ISIC_0001126,0.2,2,0.7469,0.596,336.59
ISIC_0001128,0.0,0,0.939,0.8851,84.64
ISIC_0001128,0.05,0,0.9375,0.8824,86.31
ISIC_0001128,0.05,1,0.912,0.8383,103.07
ISIC_0001128,0.05,2,0.9135,0.8408,92.01
ISIC_0001128,0.1,0,0.95,0.9047,56.85
ISIC_0001128,0.1,1,0.9101,0.835,102.91
ISIC_0001128,0.1,2,0.9388,0.8847,110.02
ISIC_0001128,0.2,0,0.9136,0.8409,86.16
ISIC_0001128,0.2,1,0.712,0.5529,302.2
ISIC_0001128,0.2,2,0.7265,0.5705,286.49
ISIC_0001131,0.0,0,0.9556,0.915,66.41
ISIC_0001131,0.05,0,0.8867,0.7965,258.15
ISIC_0001131,0.05,1,0.9623,0.9273,53.15
ISIC_0001131,0.05,2,0.9455,0.8967,77.1
ISIC_0001131,0.1,0,0.9508,0.9061,104.45
ISIC_0001131,0.1,1,0.9149,0.8431,137.12
ISIC_0001131,0.1,2,0.8881,0.7987,318.06
ISIC_0001131,0.2,0,0.7915,0.6549,452.16
ISIC_0001131,0.2,1,0.688,0.5244,522.84
ISIC_0001131,0.2,2,0.7085,0.5486,555.97
ISIC_0001133,0.0,0,0.9261,0.8624,165.18
ISIC_0001133,0.05,0,0.9184,0.8492,155.72
ISIC_0001133,0.05,1,0.9336,0.8755,166.91
ISIC_0001133,0.05,2,0.8757,0.7789,214.81
ISIC_0001133,0.1,0,0.9203,0.8523,160.97
ISIC_0001133,0.1,1,0.8116,0.683,239.7
ISIC_0001133,0.1,2,0.9441,0.8941,98.62
ISIC_0001133,0.2,0,0.6847,0.5206,393.2
ISIC_0001133,0.2,1,0.8572,0.7501,293.62
ISIC_0001133,0.2,2,0.7771,0.6354,362.1
ISIC_0001134,0.0,0,0.8788,0.7838,113.71
ISIC_0001134,0.05,0,0.8734,0.7752,121.75
ISIC_0001134,0.05,1,0.8745,0.777,122.51
ISIC_0001134,0.05,2,0.9111,0.8367,119.62
ISIC_0001134,0.1,0,0.9059,0.828,69.77
ISIC_0001134,0.1,1,0.9158,0.8447,101.2
ISIC_0001134,0.1,2,0.8401,0.7243,126.49
ISIC_0001134,0.2,0,0.8424,0.7278,143.01
ISIC_0001134,0.2,1,0.7927,0.6566,238.78
ISIC_0001134,0.2,2,0.7375,0.5841,236.25
ISIC_0001140,0.0,0,0.9818,0.9642,23.0
ISIC_0001140,0.05,0,0.9801,0.9609,28.85
ISIC_0001140,0.05,1,0.9815,0.9637,28.86
ISIC_0001140,0.05,2,0.9102,0.8352,85.91
ISIC_0001140,0.1,0,0.9376,0.8825,83.74
ISIC_0001140,0.1,1,0.8785,0.7834,135.38
ISIC_0001140,0.1,2,0.9826,0.9658,25.5
ISIC_0001140,0.2,0,0.8558,0.7479,196.01
ISIC_0001140,0.2,1,0.8025,0.6701,202.1
ISIC_0001140,0.2,2,0.8686,0.7677,167.84
ISIC_0001142,0.0,0,0.9274,0.8646,136.3
ISIC_0001142,0.05,0,0.9259,0.862,185.4
ISIC_0001142,0.05,1,0.9294,0.8682,124.81
ISIC_0001142,0.05,2,0.928,0.8657,130.86
ISIC_0001142,0.1,0,0.88,0.7857,393.73
ISIC_0001142,0.1,1,0.9335,0.8753,139.4
ISIC_0001142,0.1,2,0.8674,0.7658,267.73
ISIC_0001142,0.2,0,0.9235,0.858,147.79
ISIC_0001142,0.2,1,0.6732,0.5073,655.46
ISIC_0001142,0.2,2,0.611,0.4399,700.99
ISIC_0001148,0.0,0,0.9043,0.8254,217.96
ISIC_0001148,0.05,0,0.9021,0.8217,185.14
ISIC_0001148,0.05,1,0.895,0.8099,213.73
ISIC_0001148,0.05,2,0.8805,0.7865,234.01
ISIC_0001148,0.1,0,0.8923,0.8055,182.02
ISIC_0001148,0.1,1,0.8932,0.807,163.01
ISIC_0001148,0.1,2,0.8989,0.8163,171.84
ISIC_0001148,0.2,0,0.9027,0.8226,163.33
ISIC_0001148,0.2,1,0.6257,0.4553,542.5
ISIC_0001148,0.2,2,0.8888,0.7998,213.87
ISIC_0001152,0.0,0,0.8855,0.7946,189.99
ISIC_0001152,0.05,0,0.8739,0.776,171.66
ISIC_0001152,0.05,1,0.8005,0.6673,306.3
ISIC_0001152,0.05,2,0.8572,0.75,176.91
ISIC_0001152,0.1,0,0.7226,0.5657,288.87
ISIC_0001152,0.1,1,0.8157,0.6887,302.62
ISIC_0001152,0.1,2,0.8699,0.7697,192.96
ISIC_0001152,0.2,0,0.5616,0.3904,397.96
ISIC_0001152,0.2,1,0.7713,0.6277,291.66
ISIC_0001152,0.2,2,0.7828,0.6431,238.06
ISIC_0001163,0.0,0,0.9685,0.9389,30.08
ISIC_0001163,0.05,0,0.9689,0.9396,31.14
ISIC_0001163,0.05,1,0.9663,0.9348,31.38
ISIC_0001163,0.05,2,0.9681,0.9382,31.08
ISIC_0001163,0.1,0,0.9525,0.9093,53.69
ISIC_0001163,0.1,1,0.9542,0.9125,38.05
ISIC_0001163,0.1,2,0.9707,0.943,28.16
ISIC_0001163,0.2,0,0.0762,0.0396,340.54
ISIC_0001163,0.2,1,0.8644,0.7611,117.0
ISIC_0001163,0.2,2,0.762,0.6155,182.1
ISIC_0001181,0.0,0,0.8898,0.8015,102.51
ISIC_0001181,0.05,0,0.8969,0.813,76.26
ISIC_0001181,0.05,1,0.901,0.8198,66.91
ISIC_0001181,0.05,2,0.8975,0.814,69.32
ISIC_0001181,0.1,0,0.8902,0.8021,86.02
ISIC_0001181,0.1,1,0.8748,0.7775,102.41
ISIC_0001181,0.1,2,0.9016,0.8208,71.03
ISIC_0001181,0.2,0,0.8578,0.751,102.26
ISIC_0001181,0.2,1,0.8786,0.7835,113.36
ISIC_0001181,0.2,2,0.8229,0.6991,123.0
ISIC_0001184,0.0,0,0.8399,0.7239,104.8
ISIC_0001184,0.05,0,0.8492,0.7379,101.98
ISIC_0001184,0.05,1,0.8293,0.7083,107.99
ISIC_0001184,0.05,2,0.88,0.7857,96.88
ISIC_0001184,0.1,0,0.8842,0.7924,76.41
ISIC_0001184,0.1,1,0.8412,0.7259,132.8
ISIC_0001184,0.1,2,0.9077,0.831,93.06
ISIC_0001184,0.2,0,0.874,0.7762,116.44
ISIC_0001184,0.2,1,0.851,0.7407,125.65
ISIC_0001184,0.2,2,0.8071,0.6766,179.96
ISIC_0001185,0.0,0,0.867,0.7653,107.29
ISIC_0001185,0.05,0,0.8977,0.8144,107.07
ISIC_0001185,0.05,1,0.9105,0.8357,71.12
ISIC_0001185,0.05,2,0.8545,0.746,118.07
ISIC_0001185,0.1,0,0.8204,0.6955,124.82
ISIC_0001185,0.1,1,0.8651,0.7622,110.02
ISIC_0001185,0.1,2,0.826,0.7036,127.32
ISIC_0001185,0.2,0,0.7855,0.6467,196.87
ISIC_0001185,0.2,1,0.8009,0.668,132.19
ISIC_0001185,0.2,2,0.8502,0.7395,140.59
ISIC_0001186,0.0,0,0.9436,0.8933,56.38
ISIC_0001186,0.05,0,0.9209,0.8534,53.04
ISIC_0001186,0.05,1,0.9445,0.8949,65.24
ISIC_0001186,0.05,2,0.9198,0.8515,54.0
ISIC_0001186,0.1,0,0.94,0.8868,62.39
ISIC_0001186,0.1,1,0.8866,0.7962,80.57
ISIC_0001186,0.1,2,0.9506,0.9059,46.0
ISIC_0001186,0.2,0,0.8342,0.7156,143.0
ISIC_0001186,0.2,1,0.9189,0.8499,76.97
ISIC_0001186,0.2,2,0.8594,0.7535,169.39
ISIC_0001188,0.0,0,0.9446,0.8951,50.96
ISIC_0001188,0.05,0,0.9402,0.8872,56.0
ISIC_0001188,0.05,1,0.9313,0.8714,54.01
ISIC_0001188,0.05,2,0.7998,0.6664,124.28
ISIC_0001188,0.1,0,0.7872,0.649,125.87
ISIC_0001188,0.1,1,0.9379,0.8831,64.01
ISIC_0001188,0.1,2,0.9502,0.9051,53.29
ISIC_0001188,0.2,0,0.8042,0.6726,122.98
ISIC_0001188,0.2,1,0.8285,0.7072,147.67
ISIC_0001188,0.2,2,0.8606,0.7553,137.03
ISIC_0001190,0.0,0,0.8937,0.8078,66.44
ISIC_0001190,0.05,0,0.8827,0.7901,69.26
ISIC_0001190,0.05,1,0.8959,0.8114,61.85
ISIC_0001190,0.05,2,0.8882,0.7989,66.71
ISIC_0001190,0.1,0,0.8949,0.8099,85.89
ISIC_0001190,0.1,1,0.92,0.8519,47.93
ISIC_0001190,0.1,2,0.8947,0.8094,62.82
ISIC_0001190,0.2,0,0.8776,0.7819,72.9
ISIC_0001190,0.2,1,0.8142,0.6866,117.48
ISIC_0001190,0.2,2,0.7726,0.6295,134.37
ISIC_0001191,0.0,0,0.9151,0.8435,47.14
ISIC_0001191,0.05,0,0.9117,0.8377,48.85
ISIC_0001191,0.05,1,0.9195,0.8509,47.82
ISIC_0001191,0.05,2,0.9126,0.8393,48.32
ISIC_0001191,0.1,0,0.8555,0.7476,95.34
ISIC_0001191,0.1,1,0.9107,0.836,52.49
ISIC_0001191,0.1,2,0.9355,0.8788,43.61
ISIC_0001191,0.2,0,0.8937,0.8079,81.26
ISIC_0001191,0.2,1,0.8297,0.7089,128.84
ISIC_0001191,0.2,2,0.8874,0.7975,95.55
ISIC_0001204,0.0,0,0.8854,0.7944,81.68
ISIC_0001204,0.05,0,0.9089,0.833,79.23
ISIC_0001204,0.05,1,0.8619,0.7573,86.68
ISIC_0001204,0.05,2,0.9102,0.8351,79.31
ISIC_0001204,0.1,0,0.9226,0.8564,75.0
ISIC_0001204,0.1,1,0.8895,0.8009,71.86
ISIC_0001204,0.1,2,0.8352,0.7171,113.6
ISIC_0001204,0.2,0,0.8721,0.7732,92.66
ISIC_0001204,0.2,1,0.7302,0.5751,197.28
ISIC_0001204,0.2,2,0.8793,0.7846,150.81
ISIC_0001212,0.0,0,0.9035,0.8239,104.65
ISIC_0001212,0.05,0,0.8891,0.8003,148.95
ISIC_0001212,0.05,1,0.9023,0.8219,126.85
ISIC_0001212,0.05,2,0.915,0.8433,126.15
ISIC_0001212,0.1,0,0.9173,0.8472,89.38
ISIC_0001212,0.1,1,0.9091,0.8333,134.0
ISIC_0001212,0.1,2,0.9034,0.8238,121.66
ISIC_0001212,0.2,0,0.716,0.5577,327.69
ISIC_0001212,0.2,1,0.8517,0.7416,199.04
ISIC_0001212,0.2,2,0.7538,0.6049,328.98
ISIC_0001213,0.0,0,0.9248,0.8601,50.54
ISIC_0001213,0.05,0,0.9203,0.8524,58.0
ISIC_0001213,0.05,1,0.906,0.8281,62.39
ISIC_0001213,0.05,2,0.9319,0.8725,50.91
ISIC_0001213,0.1,0,0.9509,0.9064,39.66
ISIC_0001213,0.1,1,0.926,0.8621,49.04
ISIC_0001213,0.1,2,0.927,0.864,66.03
ISIC_0001213,0.2,0,0.6793,0.5144,232.61
ISIC_0001213,0.2,1,0.943,0.8922,67.29
ISIC_0001213,0.2,2,0.792,0.6557,171.61
ISIC_0001216,0.0,0,0.7515,0.6019,129.02
ISIC_0001216,0.05,0,0.7673,0.6225,115.96
ISIC_0001216,0.05,1,0.842,0.7272,101.51
ISIC_0001216,0.05,2,0.7478,0.5972,136.09
ISIC_0001216,0.1,0,0.736,0.5823,144.29
ISIC_0001216,0.1,1,0.7947,0.6593,132.21
ISIC_0001216,0.1,2,0.7428,0.5909,134.13
ISIC_0001216,0.2,0,0.5796,0.408,220.59
ISIC_0001216,0.2,1,0.726,0.5699,155.26
ISIC_0001216,0.2,2,0.5516,0.3809,232.2
ISIC_0001242,0.0,0,0.9119,0.838,56.01
ISIC_0001242,0.05,0,0.9142,0.8419,57.25
ISIC_0001242,0.05,1,0.9217,0.8547,51.26
ISIC_0001242,0.05,2,0.9346,0.8772,49.22
ISIC_0001242,0.1,0,0.9363,0.8802,50.54
ISIC_0001242,0.1,1,0.8832,0.7908,75.66
ISIC_0001242,0.1,2,0.9317,0.8722,49.0
ISIC_0001242,0.2,0,0.8535,0.7445,157.58
ISIC_0001242,0.2,1,0.8969,0.8131,86.58
ISIC_0001242,0.2,2,0.811,0.6821,109.05
ISIC_0001247,0.0,0,0.8967,0.8127,55.15
ISIC_0001247,0.05,0,0.8977,0.8143,55.9
ISIC_0001247,0.05,1,0.8927,0.8061,58.14
ISIC_0001247,0.05,2,0.9024,0.8222,53.6
ISIC_0001247,0.1,0,0.9189,0.8499,61.0
ISIC_0001247,0.1,1,0.9,0.8183,63.57
ISIC_0001247,0.1,2,0.8729,0.7744,70.95
ISIC_0001247,0.2,0,0.88,0.7857,76.92
ISIC_0001247,0.2,1,0.843,0.7286,118.25
ISIC_0001247,0.2,2,0.9314,0.8717,56.79
ISIC_0001254,0.0,0,0.912,0.8382,60.77
ISIC_0001254,0.05,0,0.9102,0.8353,61.36
ISIC_0001254,0.05,1,0.9223,0.8559,54.57
ISIC_0001254,0.05,2,0.9253,0.8609,51.48
ISIC_0001254,0.1,0,0.9104,0.8356,61.83
ISIC_0001254,0.1,1,0.9089,0.8331,66.11
ISIC_0001254,0.1,2,0.9094,0.8338,57.3
ISIC_0001254,0.2,0,0.9137,0.8411,65.78
ISIC_0001254,0.2,1,0.6244,0.4539,169.77
ISIC_0001254,0.2,2,0.8991,0.8167,72.56
ISIC_0001262,0.0,0,0.8897,0.8012,52.79
ISIC_0001262,0.05,0,0.8224,0.6984,105.0
ISIC_0001262,0.05,1,0.8289,0.7078,77.79
ISIC_0001262,0.05,2,0.9083,0.8319,49.01
ISIC_0001262,0.1,0,0.9167,0.8463,52.44
ISIC_0001262,0.1,1,0.874,0.7763,69.6
ISIC_0001262,0.1,2,0.9121,0.8385,54.07
ISIC_0001262,0.2,0,0.8043,0.6727,177.17
ISIC_0001262,0.2,1,0.7066,0.5463,180.46
ISIC_0001262,0.2,2,0.8007,0.6676,158.81
ISIC_0001267,0.0,0,0.8961,0.8118,75.69
ISIC_0001267,0.05,0,0.9014,0.8205,76.65
ISIC_0001267,0.05,1,0.8832,0.7908,93.91
ISIC_0001267,0.05,2,0.9035,0.824,61.94
ISIC_0001267,0.1,0,0.8832,0.7908,94.13
ISIC_0001267,0.1,1,0.899,0.8164,67.48
ISIC_0001267,0.1,2,0.8196,0.6943,148.67
ISIC_0001267,0.2,0,0.8505,0.7399,143.85
ISIC_0001267,0.2,1,0.7764,0.6345,168.75
ISIC_0001267,0.2,2,0.8836,0.7915,93.55
ISIC_0001275,0.0,0,0.9089,0.833,63.62
ISIC_0001275,0.05,0,0.891,0.8034,76.9
ISIC_0001275,0.05,1,0.9113,0.837,58.69
ISIC_0001275,0.05,2,0.9072,0.8302,63.41
ISIC_0001275,0.1,0,0.9139,0.8414,67.27
ISIC_0001275,0.1,1,0.914,0.8416,59.18
ISIC_0001275,0.1,2,0.8914,0.8041,93.96
ISIC_0001275,0.2,0,0.5096,0.3419,251.03
ISIC_0001275,0.2,1,0.8759,0.7793,101.98
ISIC_0001275,0.2,2,0.8524,0.7428,82.25
ISIC_0001286,0.0,0,0.9152,0.8437,88.59
ISIC_0001286,0.05,0,0.8947,0.8095,93.49
ISIC_0001286,0.05,1,0.9075,0.8306,86.19
ISIC_0001286,0.05,2,0.8877,0.798,95.39
ISIC_0001286,0.1,0,0.9033,0.8236,90.9
ISIC_0001286,0.1,1,0.831,0.7109,115.0
ISIC_0001286,0.1,2,0.8964,0.8122,87.72
ISIC_0001286,0.2,0,0.7969,0.6624,138.66
ISIC_0001286,0.2,1,0.8343,0.7157,113.66
ISIC_0001286,0.2,2,0.7861,0.6476,160.18
ISIC_0001292,0.0,0,0.9313,0.8715,51.0
ISIC_0001292,0.05,0,0.9325,0.8734,52.85
ISIC_0001292,0.05,1,0.9237,0.8581,64.44
ISIC_0001292,0.05,2,0.9337,0.8756,43.57
ISIC_0001292,0.1,0,0.9042,0.8252,79.91
ISIC_0001292,0.1,1,0.9095,0.8341,70.39
ISIC_0001292,0.1,2,0.9259,0.862,54.02
ISIC_0001292,0.2,0,0.8874,0.7976,85.0
ISIC_0001292,0.2,1,0.8882,0.7988,94.46
ISIC_0001292,0.2,2,0.8584,0.7519,118.65
ISIC_0001296,0.0,0,0.9315,0.8717,47.17
ISIC_0001296,0.05,0,0.9393,0.8855,39.96
ISIC_0001296,0.05,1,0.9488,0.9025,34.71
ISIC_0001296,0.05,2,0.9434,0.8929,40.0
ISIC_0001296,0.1,0,0.9363,0.8802,44.98
ISIC_0001296,0.1,1,0.8568,0.7495,120.02
ISIC_0001296,0.1,2,0.8113,0.6825,119.91
ISIC_0001296,0.2,0,0.7926,0.6564,142.69
ISIC_0001296,0.2,1,0.7558,0.6074,161.64
ISIC_0001296,0.2,2,0.9004,0.8188,67.27
ISIC_0001299,0.0,0,0.9409,0.8883,39.0
ISIC_0001299,0.05,0,0.9355,0.8788,44.05
ISIC_0001299,0.05,1,0.9374,0.8821,41.11
ISIC_0001299,0.05,2,0.9101,0.835,52.11
ISIC_0001299,0.1,0,0.8619,0.7572,120.99
ISIC_0001299,0.1,1,0.923,0.857,50.0
ISIC_0001299,0.1,2,0.9416,0.8896,52.74
ISIC_0001299,0.2,0,0.9148,0.8429,68.0
ISIC_0001299,0.2,1,0.8028,0.6706,178.53
ISIC_0001299,0.2,2,0.9201,0.8521,67.08
ISIC_0001306,0.0,0,0.8965,0.8124,50.16
ISIC_0001306,0.05,0,0.8923,0.8056,50.77
ISIC_0001306,0.05,1,0.8975,0.814,49.4
ISIC_0001306,0.05,2,0.8981,0.815,50.7
ISIC_0001306,0.1,0,0.8984,0.8155,50.09
ISIC_0001306,0.1,1,0.8542,0.7455,63.0
ISIC_0001306,0.1,2,0.9031,0.8233,48.75
ISIC_0001306,0.2,0,0.9095,0.834,46.24
ISIC_0001306,0.2,1,0.8607,0.7554,64.42
ISIC_0001306,0.2,2,0.8651,0.7623,91.69
ISIC_0001367,0.0,0,0.9145,0.8425,82.74
ISIC_0001367,0.05,0,0.8898,0.8014,93.92
ISIC_0001367,0.05,1,0.9077,0.831,87.68
ISIC_0001367,0.05,2,0.8898,0.8015,90.14
ISIC_0001367,0.1,0,0.892,0.805,85.74
ISIC_0001367,0.1,1,0.9125,0.8391,83.19
ISIC_0001367,0.1,2,0.8843,0.7926,95.97
ISIC_0001367,0.2,0,0.7158,0.5573,156.9
ISIC_0001367,0.2,1,0.7255,0.5692,140.07
ISIC_0001367,0.2,2,0.7911,0.6543,130.02
ISIC_0001372,0.0,0,0.9375,0.8823,37.48
ISIC_0001372,0.05,0,0.9279,0.8654,40.59
ISIC_0001372,0.05,1,0.9317,0.8722,42.99
ISIC_0001372,0.05,2,0.9402,0.8872,36.77
ISIC_0001372,0.1,0,0.9302,0.8695,56.57
ISIC_0001372,0.1,1,0.8691,0.7686,126.44
ISIC_0001372,0.1,2,0.9282,0.866,41.26
ISIC_0001372,0.2,0,0.8751,0.7779,78.0
ISIC_0001372,0.2,1,0.8738,0.7759,163.79
ISIC_0001372,0.2,2,0.8144,0.6869,125.04
ISIC_0001374,0.0,0,0.8907,0.803,64.03
ISIC_0001374,0.05,0,0.8447,0.7311,87.02
ISIC_0001374,0.05,1,0.9062,0.8284,61.4
ISIC_0001374,0.05,2,0.884,0.7921,107.41
ISIC_0001374,0.1,0,0.8806,0.7866,79.93
ISIC_0001374,0.1,1,0.8659,0.7635,81.84
ISIC_0001374,0.1,2,0.8757,0.7789,103.58
ISIC_0001374,0.2,0,0.8325,0.7131,163.86
ISIC_0001374,0.2,1,0.8073,0.6768,139.46
ISIC_0001374,0.2,2,0.7295,0.5742,189.78
ISIC_0001385,0.0,0,0.909,0.8332,72.9
ISIC_0001385,0.05,0,0.9162,0.8453,78.0
ISIC_0001385,0.05,1,0.9086,0.8325,85.92
ISIC_0001385,0.05,2,0.9061,0.8283,88.05
ISIC_0001385,0.1,0,0.9359,0.8795,59.0
ISIC_0001385,0.1,1,0.9222,0.8557,90.04
ISIC_0001385,0.1,2,0.9136,0.841,87.45
ISIC_0001385,0.2,0,0.7522,0.6028,176.93
ISIC_0001385,0.2,1,0.837,0.7196,117.39
ISIC_0001385,0.2,2,0.8289,0.7078,141.98
ISIC_0001423,0.0,0,0.8774,0.7816,116.85
ISIC_0001423,0.05,0,0.8783,0.783,113.25
ISIC_0001423,0.05,1,0.8721,0.7733,125.37
ISIC_0001423,0.05,2,0.8671,0.7653,109.85
ISIC_0001423,0.1,0,0.857,0.7497,134.47
ISIC_0001423,0.1,1,0.8529,0.7435,121.02
ISIC_0001423,0.1,2,0.8322,0.7126,128.15
ISIC_0001423,0.2,0,0.7146,0.556,232.75
ISIC_0001423,0.2,1,0.8239,0.7005,146.16
ISIC_0001423,0.2,2,0.8015,0.6688,179.55
ISIC_0001427,0.0,0,0.9125,0.8391,61.0
ISIC_0001427,0.05,0,0.911,0.8365,56.42
ISIC_0001427,0.05,1,0.8966,0.8126,75.9
ISIC_0001427,0.05,2,0.9093,0.8337,63.82
ISIC_0001427,0.1,0,0.921,0.8535,53.6
ISIC_0001427,0.1,1,0.8902,0.8021,91.22
ISIC_0001427,0.1,2,0.8743,0.7767,76.88
ISIC_0001427,0.2,0,0.6994,0.5378,151.79
ISIC_0001427,0.2,1,0.8501,0.7393,101.79
ISIC_0001427,0.2,2,0.889,0.8003,72.18
ISIC_0001442,0.0,0,0.8768,0.7806,75.03
ISIC_0001442,0.05,0,0.8569,0.7497,83.82
ISIC_0001442,0.05,1,0.8543,0.7456,85.41
ISIC_0001442,0.05,2,0.8733,0.7751,86.12
ISIC_0001442,0.1,0,0.8772,0.7812,92.47
ISIC_0001442,0.1,1,0.7934,0.6576,120.53
ISIC_0001442,0.1,2,0.8935,0.8075,93.38
ISIC_0001442,0.2,0,0.6388,0.4693,161.51
ISIC_0001442,0.2,1,0.8414,0.7263,98.84
ISIC_0001442,0.2,2,0.8099,0.6806,138.18
ISIC_0001449,0.0,0,0.9236,0.858,49.21
ISIC_0001449,0.05,0,0.9037,0.8243,64.63
ISIC_0001449,0.05,1,0.9107,0.836,53.6
ISIC_0001449,0.05,2,0.8843,0.7927,70.24
ISIC_0001449,0.1,0,0.8812,0.7876,75.67
ISIC_0001449,0.1,1,0.9067,0.8293,67.63
ISIC_0001449,0.1,2,0.9107,0.8361,69.0
ISIC_0001449,0.2,0,0.8204,0.6956,112.49
ISIC_0001449,0.2,1,0.8357,0.7178,100.57
ISIC_0001449,0.2,2,0.8639,0.7604,90.51
ISIC_0001769,0.0,0,0.9381,0.8835,43.0
ISIC_0001769,0.05,0,0.9362,0.88,44.6
ISIC_0001769,0.05,1,0.963,0.9286,29.53
ISIC_0001769,0.05,2,0.9323,0.8732,45.24
ISIC_0001769,0.1,0,0.9385,0.8841,47.0
ISIC_0001769,0.1,1,0.9521,0.9087,40.16
ISIC_0001769,0.1,2,0.9181,0.8487,52.63
ISIC_0001769,0.2,0,0.9219,0.8551,58.0
ISIC_0001769,0.2,1,0.9446,0.8951,37.97
ISIC_0001769,0.2,2,0.9236,0.858,45.45
ISIC_0001852,0.0,0,0.9224,0.856,29.07
ISIC_0001852,0.05,0,0.9222,0.8556,29.41
ISIC_0001852,0.05,1,0.9137,0.8412,30.64
ISIC_0001852,0.05,2,0.9219,0.855,29.15
ISIC_0001852,0.1,0,0.9279,0.8655,28.39
ISIC_0001852,0.1,1,0.9012,0.8202,37.02
ISIC_0001852,0.1,2,0.9285,0.8665,28.6
ISIC_0001852,0.2,0,0.8611,0.7561,74.03
ISIC_0001852,0.2,1,0.9118,0.8379,33.0
ISIC_0001852,0.2,2,0.8208,0.696,84.11
ISIC_0001871,0.0,0,0.8915,0.8042,47.43
ISIC_0001871,0.05,0,0.8888,0.7998,48.29
ISIC_0001871,0.05,1,0.8942,0.8086,46.17
ISIC_0001871,0.05,2,0.89,0.8018,48.05
ISIC_0001871,0.1,0,0.8452,0.7319,57.49
ISIC_0001871,0.1,1,0.8827,0.79,53.76
ISIC_0001871,0.1,2,0.9187,0.8497,34.2
ISIC_0001871,0.2,0,0.8469,0.7345,75.99
ISIC_0001871,0.2,1,0.9001,0.8183,51.69
ISIC_0001871,0.2,2,0.8624,0.758,84.05
ISIC_0001960,0.0,0,0.8501,0.7393,86.74
ISIC_0001960,0.05,0,0.8592,0.7531,85.08
ISIC_0001960,0.05,1,0.8491,0.7377,86.0
ISIC_0001960,0.05,2,0.8482,0.7363,84.2
ISIC_0001960,0.1,0,0.8224,0.6984,100.42
ISIC_0001960,0.1,1,0.7724,0.6292,138.71
ISIC_0001960,0.1,2,0.7604,0.6135,141.76
ISIC_0001960,0.2,0,0.8619,0.7572,99.03
ISIC_0001960,0.2,1,0.8045,0.6729,150.28
ISIC_0001960,0.2,2,0.8073,0.6768,130.6
ISIC_0002093,0.0,0,0.9691,0.9401,56.85
ISIC_0002093,0.05,0,0.969,0.9399,46.41
ISIC_0002093,0.05,1,0.9715,0.9446,42.05
ISIC_0002093,0.05,2,0.9683,0.9385,47.17
ISIC_0002093,0.1,0,0.9588,0.9209,54.13
ISIC_0002093,0.1,1,0.9602,0.9234,55.17
ISIC_0002093,0.1,2,0.9648,0.9319,62.01
ISIC_0002093,0.2,0,0.9582,0.9197,85.85
ISIC_0002093,0.2,1,0.8694,0.7689,294.17
ISIC_0002093,0.2,2,0.9672,0.9365,58.04
ISIC_0002107,0.0,0,0.9055,0.8273,93.18
ISIC_0002107,0.05,0,0.9213,0.8541,80.77
ISIC_0002107,0.05,1,0.9264,0.8629,79.23
ISIC_0002107,0.05,2,0.9085,0.8323,90.19
ISIC_0002107,0.1,0,0.9099,0.8347,102.14
ISIC_0002107,0.1,1,0.9264,0.8629,74.42
ISIC_0002107,0.1,2,0.9204,0.8526,88.24
ISIC_0002107,0.2,0,0.8808,0.7869,135.73
ISIC_0002107,0.2,1,0.5286,0.3592,363.09
ISIC_0002107,0.2,2,0.8246,0.7016,193.73
ISIC_0002206,0.0,0,0.9329,0.8742,34.41
ISIC_0002206,0.05,0,0.9264,0.8629,45.61
ISIC_0002206,0.05,1,0.927,0.8638,38.0
ISIC_0002206,0.05,2,0.9346,0.8773,38.08
ISIC_0002206,0.1,0,0.8771,0.7811,69.3
ISIC_0002206,0.1,1,0.9092,0.8335,50.04
ISIC_0002206,0.1,2,0.8281,0.7067,116.84
ISIC_0002206,0.2,0,0.786,0.6475,158.91
ISIC_0002206,0.2,1,0.7688,0.6244,149.01
ISIC_0002206,0.2,2,0.7624,0.616,122.7
ISIC_0002246,0.0,0,0.9368,0.8811,53.0
ISIC_0002246,0.05,0,0.9255,0.8612,54.08
ISIC_0002246,0.05,1,0.9378,0.8829,49.98
ISIC_0002246,0.05,2,0.8972,0.8136,63.97
ISIC_0002246,0.1,0,0.9217,0.8548,57.0
ISIC_0002246,0.1,1,0.9303,0.8697,55.59
ISIC_0002246,0.1,2,0.9245,0.8596,65.79
ISIC_0002246,0.2,0,0.7975,0.6632,183.77
ISIC_0002246,0.2,1,0.9311,0.8711,63.8
ISIC_0002246,0.2,2,0.8213,0.6968,173.1
ISIC_0002251,0.0,0,0.9041,0.8249,95.95
ISIC_0002251,0.05,0,0.9207,0.8531,81.88
ISIC_0002251,0.05,1,0.9169,0.8466,76.69
ISIC_0002251,0.05,2,0.8877,0.7981,129.33
ISIC_0002251,0.1,0,0.8964,0.8122,157.0
ISIC_0002251,0.1,1,0.9291,0.8676,74.41
ISIC_0002251,0.1,2,0.8829,0.7904,149.83
ISIC_0002251,0.2,0,0.8347,0.7162,179.58
ISIC_0002251,0.2,1,0.8836,0.7914,115.74
ISIC_0002251,0.2,2,0.7673,0.6224,205.88
ISIC_0002287,0.0,0,0.9245,0.8596,62.2
ISIC_0002287,0.05,0,0.9126,0.8392,70.23
ISIC_0002287,0.05,1,0.921,0.8535,65.3
ISIC_0002287,0.05,2,0.9293,0.868,61.29
ISIC_0002287,0.1,0,0.8808,0.7869,159.18
ISIC_0002287,0.1,1,0.9329,0.8743,56.72
ISIC_0002287,0.1,2,0.8444,0.7307,173.39
ISIC_0002287,0.2,0,0.7409,0.5884,262.04
ISIC_0002287,0.2,1,0.9216,0.8546,69.93
ISIC_0002287,0.2,2,0.6266,0.4563,234.15
ISIC_0002353,0.0,0,0.8826,0.7899,82.72
ISIC_0002353,0.05,0,0.8167,0.6902,100.24
ISIC_0002353,0.05,1,0.8918,0.8048,79.36
ISIC_0002353,0.05,2,0.8567,0.7493,93.65
ISIC_0002353,0.1,0,0.884,0.7921,81.14
ISIC_0002353,0.1,1,0.8998,0.8179,72.0
ISIC_0002353,0.1,2,0.8519,0.742,100.2
ISIC_0002353,0.2,0,0.8621,0.7576,95.35
ISIC_0002353,0.2,1,0.8508,0.7404,114.84
ISIC_0002353,0.2,2,0.8417,0.7267,137.46
