image_id,split,random_seed,dataset_version,image_filename,mask_filename,height,width,lesion_pixels,total_pixels,lesion_area_fraction
ISIC_0000000,train,42,ISIC 2018 Task 1 Training (2594),ISIC_0000000.jpg,ISIC_0000000_segmentation.png,767,1022,368211,783874,0.4697
ISIC_0000001,val,42,ISIC 2018 Task 1 Training (2594),ISIC_0000001.jpg,ISIC_0000001_segmentation.png,767,1022,55266,783874,0.0705
ISIC_0000003,train,42,ISIC 2018 Task 1 Training (2594),ISIC_0000003.jpg,ISIC_0000003_segmentation.png,767,1022,263828,783874,0.3366
ISIC_0000004,train,42,ISIC 2018 Task 1 Training (2594),ISIC_0000004.jpg,ISIC_0000004_segmentation.png,767,1022,270416,783874,0.345
ISIC_0000006,val,42,ISIC 2018 Task 1 Training (2594),ISIC_0000006.jpg,ISIC_0000006_segmentation.png,767,1022,71899,783874,0.0917
ISIC_0000007,train,42,ISIC 2018 Task 1 Training (2594),ISIC_0000007.jpg,ISIC_0000007_segmentation.png,767,1022,69027,783874,0.0881
ISIC_0000008,train,42,ISIC 2018 Task 1 Training (2594),ISIC_0000008.jpg,ISIC_0000008_segmentation.png,767,1022,264545,783874,0.3375
ISIC_0000009,train,42,ISIC 2018 Task 1 Training (2594),ISIC_0000009.jpg,ISIC_0000009_segmentation.png,767,1022,181372,783874,0.2314
ISIC_0000011,train,42,ISIC 2018 Task 1 Training (2594),ISIC_0000011.jpg,ISIC_0000011_segmentation.png,767,1022,141291,783874,0.1802
ISIC_0000012,train,42,ISIC 2018 Task 1 Training (2594),ISIC_0000012.jpg,ISIC_0000012_segmentation.png,767,1022,39446,783874,0.0503
ISIC_0000013,train,42,ISIC 2018 Task 1 Training (2594),ISIC_0000013.jpg,ISIC_0000013_segmentation.png,767,1022,216167,783874,0.2758
ISIC_0000014,val,42,ISIC 2018 Task 1 Training (2594),ISIC_0000014.jpg,ISIC_0000014_segmentation.png,767,1022,219922,783874,0.2806
ISIC_0000015,train,42,ISIC 2018 Task 1 Training (2594),ISIC_0000015.jpg,ISIC_0000015_segmentation.png,767,1022,178521,783874,0.2277
ISIC_0000016,train,42,ISIC 2018 Task 1 Training (2594),ISIC_0000016.jpg,ISIC_0000016_segmentation.png,767,1022,163125,783874,0.2081
ISIC_0000017,train,42,ISIC 2018 Task 1 Training (2594),ISIC_0000017.jpg,ISIC_0000017_segmentation.png,1129,1504,261985,1698016,0.1543
ISIC_0000018,train,42,ISIC 2018 Task 1 Training (2594),ISIC_0000018.jpg,ISIC_0000018_segmentation.png,1129,1504,400005,1698016,0.2356
ISIC_0000019,val,42,ISIC 2018 Task 1 Training (2594),ISIC_0000019.jpg,ISIC_0000019_segmentation.png,1129,1504,545924,1698016,0.3215
ISIC_0000020,train,42,ISIC 2018 Task 1 Training (2594),ISIC_0000020.jpg,ISIC_0000020_segmentation.png,1129,1504,406746,1698016,0.2395
ISIC_0000021,train,42,ISIC 2018 Task 1 Training (2594),ISIC_0000021.jpg,ISIC_0000021_segmentation.png,1129,1504,431267,1698016,0.254
ISIC_0000022,val,42,ISIC 2018 Task 1 Training (2594),ISIC_0000022.jpg,ISIC_0000022_segmentation.png,1129,1504,694575,1698016,0.4091
ISIC_0000023,train,42,ISIC 2018 Task 1 Training (2594),ISIC_0000023.jpg,ISIC_0000023_segmentation.png,1129,1504,300761,1698016,0.1771
ISIC_0000024,val,42,ISIC 2018 Task 1 Training (2594),ISIC_0000024.jpg,ISIC_0000024_segmentation.png,1129,1504,565139,1698016,0.3328
ISIC_0000025,train,42,ISIC 2018 Task 1 Training (2594),ISIC_0000025.jpg,ISIC_0000025_segmentation.png,1129,1504,333050,1698016,0.1961
ISIC_0000026,train,42,ISIC 2018 Task 1 Training (2594),ISIC_0000026.jpg,ISIC_0000026_segmentation.png,1129,1504,906051,1698016,0.5336
ISIC_0000027,train,42,ISIC 2018 Task 1 Training (2594),ISIC_0000027.jpg,ISIC_0000027_segmentation.png,1129,1504,323129,1698016,0.1903
ISIC_0000028,train,42,ISIC 2018 Task 1 Training (2594),ISIC_0000028.jpg,ISIC_0000028_segmentation.png,1129,1504,407653,1698016,0.2401
ISIC_0000029,train,42,ISIC 2018 Task 1 Training (2594),ISIC_0000029.jpg,ISIC_0000029_segmentation.png,1129,1504,658297,1698016,0.3877
ISIC_0000030,train,42,ISIC 2018 Task 1 Training (2594),ISIC_0000030.jpg,ISIC_0000030_segmentation.png,1129,1503,844635,1696887,0.4978
ISIC_0000031,train,42,ISIC 2018 Task 1 Training (2594),ISIC_0000031.jpg,ISIC_0000031_segmentation.png,1129,1504,553757,1698016,0.3261
ISIC_0000032,train,42,ISIC 2018 Task 1 Training (2594),ISIC_0000032.jpg,ISIC_0000032_segmentation.png,1129,1504,559052,1698016,0.3292
ISIC_0000034,train,42,ISIC 2018 Task 1 Training (2594),ISIC_0000034.jpg,ISIC_0000034_segmentation.png,1129,1504,349738,1698016,0.206
ISIC_0000035,train,42,ISIC 2018 Task 1 Training (2594),ISIC_0000035.jpg,ISIC_0000035_segmentation.png,1129,1504,790488,1698016,0.4655
ISIC_0000036,train,42,ISIC 2018 Task 1 Training (2594),ISIC_0000036.jpg,ISIC_0000036_segmentation.png,1129,1504,666158,1698016,0.3923
ISIC_0000037,train,42,ISIC 2018 Task 1 Training (2594),ISIC_0000037.jpg,ISIC_0000037_segmentation.png,1129,1504,729776,1698016,0.4298
ISIC_0000038,val,42,ISIC 2018 Task 1 Training (2594),ISIC_0000038.jpg,ISIC_0000038_segmentation.png,1129,1504,887122,1698016,0.5224
ISIC_0000039,val,42,ISIC 2018 Task 1 Training (2594),ISIC_0000039.jpg,ISIC_0000039_segmentation.png,1129,1504,375622,1698016,0.2212
ISIC_0000040,val,42,ISIC 2018 Task 1 Training (2594),ISIC_0000040.jpg,ISIC_0000040_segmentation.png,1129,1504,456060,1698016,0.2686
ISIC_0000041,train,42,ISIC 2018 Task 1 Training (2594),ISIC_0000041.jpg,ISIC_0000041_segmentation.png,1129,1504,117643,1698016,0.0693
ISIC_0000042,val,42,ISIC 2018 Task 1 Training (2594),ISIC_0000042.jpg,ISIC_0000042_segmentation.png,1129,1504,569203,1698016,0.3352
ISIC_0000043,train,42,ISIC 2018 Task 1 Training (2594),ISIC_0000043.jpg,ISIC_0000043_segmentation.png,1129,1504,696187,1698016,0.41
ISIC_0000044,train,42,ISIC 2018 Task 1 Training (2594),ISIC_0000044.jpg,ISIC_0000044_segmentation.png,1129,1504,866075,1698016,0.5101
ISIC_0000045,train,42,ISIC 2018 Task 1 Training (2594),ISIC_0000045.jpg,ISIC_0000045_segmentation.png,1129,1504,546475,1698016,0.3218
ISIC_0000046,train,42,ISIC 2018 Task 1 Training (2594),ISIC_0000046.jpg,ISIC_0000046_segmentation.png,1129,1504,646256,1698016,0.3806
ISIC_0000047,train,42,ISIC 2018 Task 1 Training (2594),ISIC_0000047.jpg,ISIC_0000047_segmentation.png,1129,1504,419095,1698016,0.2468
ISIC_0000048,train,42,ISIC 2018 Task 1 Training (2594),ISIC_0000048.jpg,ISIC_0000048_segmentation.png,1129,1504,216375,1698016,0.1274
ISIC_0000049,train,42,ISIC 2018 Task 1 Training (2594),ISIC_0000049.jpg,ISIC_0000049_segmentation.png,1129,1504,1113674,1698016,0.6559
ISIC_0000050,val,42,ISIC 2018 Task 1 Training (2594),ISIC_0000050.jpg,ISIC_0000050_segmentation.png,1129,1504,478932,1698016,0.2821
ISIC_0000051,train,42,ISIC 2018 Task 1 Training (2594),ISIC_0000051.jpg,ISIC_0000051_segmentation.png,1129,1504,487859,1698016,0.2873
ISIC_0000052,train,42,ISIC 2018 Task 1 Training (2594),ISIC_0000052.jpg,ISIC_0000052_segmentation.png,1129,1504,1048706,1698016,0.6176
ISIC_0000053,train,42,ISIC 2018 Task 1 Training (2594),ISIC_0000053.jpg,ISIC_0000053_segmentation.png,1129,1504,939662,1698016,0.5534
ISIC_0000054,val,42,ISIC 2018 Task 1 Training (2594),ISIC_0000054.jpg,ISIC_0000054_segmentation.png,1129,1504,359096,1698016,0.2115
ISIC_0000055,train,42,ISIC 2018 Task 1 Training (2594),ISIC_0000055.jpg,ISIC_0000055_segmentation.png,1129,1504,716401,1698016,0.4219
ISIC_0000056,train,42,ISIC 2018 Task 1 Training (2594),ISIC_0000056.jpg,ISIC_0000056_segmentation.png,1129,1504,844468,1698016,0.4973
ISIC_0000057,train,42,ISIC 2018 Task 1 Training (2594),ISIC_0000057.jpg,ISIC_0000057_segmentation.png,1129,1504,333218,1698016,0.1962
ISIC_0000058,train,42,ISIC 2018 Task 1 Training (2594),ISIC_0000058.jpg,ISIC_0000058_segmentation.png,1129,1504,803772,1698016,0.4734
ISIC_0000059,train,42,ISIC 2018 Task 1 Training (2594),ISIC_0000059.jpg,ISIC_0000059_segmentation.png,1129,1504,725578,1698016,0.4273
ISIC_0000060,train,42,ISIC 2018 Task 1 Training (2594),ISIC_0000060.jpg,ISIC_0000060_segmentation.png,1129,1504,857785,1698016,0.5052
ISIC_0000061,train,42,ISIC 2018 Task 1 Training (2594),ISIC_0000061.jpg,ISIC_0000061_segmentation.png,1129,1504,543000,1698016,0.3198
ISIC_0000062,train,42,ISIC 2018 Task 1 Training (2594),ISIC_0000062.jpg,ISIC_0000062_segmentation.png,1129,1504,139452,1698016,0.0821
ISIC_0000063,train,42,ISIC 2018 Task 1 Training (2594),ISIC_0000063.jpg,ISIC_0000063_segmentation.png,1129,1504,735276,1698016,0.433
ISIC_0000064,train,42,ISIC 2018 Task 1 Training (2594),ISIC_0000064.jpg,ISIC_0000064_segmentation.png,1129,1504,573651,1698016,0.3378
ISIC_0000065,train,42,ISIC 2018 Task 1 Training (2594),ISIC_0000065.jpg,ISIC_0000065_segmentation.png,1129,1504,437113,1698016,0.2574
ISIC_0000066,train,42,ISIC 2018 Task 1 Training (2594),ISIC_0000066.jpg,ISIC_0000066_segmentation.png,722,962,351650,694564,0.5063
ISIC_0000067,train,42,ISIC 2018 Task 1 Training (2594),ISIC_0000067.jpg,ISIC_0000067_segmentation.png,722,962,191824,694564,0.2762
ISIC_0000068,val,42,ISIC 2018 Task 1 Training (2594),ISIC_0000068.jpg,ISIC_0000068_segmentation.png,722,962,252687,694564,0.3638
ISIC_0000069,train,42,ISIC 2018 Task 1 Training (2594),ISIC_0000069.jpg,ISIC_0000069_segmentation.png,767,1022,102704,783874,0.131
ISIC_0000071,train,42,ISIC 2018 Task 1 Training (2594),ISIC_0000071.jpg,ISIC_0000071_segmentation.png,767,1022,70619,783874,0.0901
ISIC_0000072,train,42,ISIC 2018 Task 1 Training (2594),ISIC_0000072.jpg,ISIC_0000072_segmentation.png,767,1022,96534,783874,0.1231
ISIC_0000073,train,42,ISIC 2018 Task 1 Training (2594),ISIC_0000073.jpg,ISIC_0000073_segmentation.png,767,1022,269618,783874,0.344
ISIC_0000074,train,42,ISIC 2018 Task 1 Training (2594),ISIC_0000074.jpg,ISIC_0000074_segmentation.png,767,1022,290818,783874,0.371
ISIC_0000075,train,42,ISIC 2018 Task 1 Training (2594),ISIC_0000075.jpg,ISIC_0000075_segmentation.png,767,1022,485147,783874,0.6189
ISIC_0000077,train,42,ISIC 2018 Task 1 Training (2594),ISIC_0000077.jpg,ISIC_0000077_segmentation.png,1129,1504,704081,1698016,0.4146
ISIC_0000078,train,42,ISIC 2018 Task 1 Training (2594),ISIC_0000078.jpg,ISIC_0000078_segmentation.png,1129,1504,190555,1698016,0.1122
ISIC_0000079,train,42,ISIC 2018 Task 1 Training (2594),ISIC_0000079.jpg,ISIC_0000079_segmentation.png,1129,1504,101028,1698016,0.0595
ISIC_0000080,train,42,ISIC 2018 Task 1 Training (2594),ISIC_0000080.jpg,ISIC_0000080_segmentation.png,1944,2592,933866,5038848,0.1853
ISIC_0000081,val,42,ISIC 2018 Task 1 Training (2594),ISIC_0000081.jpg,ISIC_0000081_segmentation.png,1536,2048,358896,3145728,0.1141
ISIC_0000082,train,42,ISIC 2018 Task 1 Training (2594),ISIC_0000082.jpg,ISIC_0000082_segmentation.png,1536,2048,814134,3145728,0.2588
ISIC_0000085,train,42,ISIC 2018 Task 1 Training (2594),ISIC_0000085.jpg,ISIC_0000085_segmentation.png,1536,2048,405093,3145728,0.1288
ISIC_0000086,train,42,ISIC 2018 Task 1 Training (2594),ISIC_0000086.jpg,ISIC_0000086_segmentation.png,1944,2592,1183945,5038848,0.235
ISIC_0000087,train,42,ISIC 2018 Task 1 Training (2594),ISIC_0000087.jpg,ISIC_0000087_segmentation.png,1536,2048,1217582,3145728,0.3871
ISIC_0000088,train,42,ISIC 2018 Task 1 Training (2594),ISIC_0000088.jpg,ISIC_0000088_segmentation.png,1536,2048,693024,3145728,0.2203
ISIC_0000089,train,42,ISIC 2018 Task 1 Training (2594),ISIC_0000089.jpg,ISIC_0000089_segmentation.png,1536,2048,387423,3145728,0.1232
ISIC_0000091,train,42,ISIC 2018 Task 1 Training (2594),ISIC_0000091.jpg,ISIC_0000091_segmentation.png,1536,2048,433786,3145728,0.1379
ISIC_0000092,train,42,ISIC 2018 Task 1 Training (2594),ISIC_0000092.jpg,ISIC_0000092_segmentation.png,1536,2048,275198,3145728,0.0875
ISIC_0000093,train,42,ISIC 2018 Task 1 Training (2594),ISIC_0000093.jpg,ISIC_0000093_segmentation.png,1536,2048,344051,3145728,0.1094
ISIC_0000094,train,42,ISIC 2018 Task 1 Training (2594),ISIC_0000094.jpg,ISIC_0000094_segmentation.png,1536,2048,187740,3145728,0.0597
ISIC_0000095,train,42,ISIC 2018 Task 1 Training (2594),ISIC_0000095.jpg,ISIC_0000095_segmentation.png,1536,2048,244944,3145728,0.0779
ISIC_0000096,train,42,ISIC 2018 Task 1 Training (2594),ISIC_0000096.jpg,ISIC_0000096_segmentation.png,1536,2048,866202,3145728,0.2754
ISIC_0000097,train,42,ISIC 2018 Task 1 Training (2594),ISIC_0000097.jpg,ISIC_0000097_segmentation.png,1536,2048,765883,3145728,0.2435
ISIC_0000098,val,42,ISIC 2018 Task 1 Training (2594),ISIC_0000098.jpg,ISIC_0000098_segmentation.png,1536,2048,70880,3145728,0.0225
ISIC_0000099,val,42,ISIC 2018 Task 1 Training (2594),ISIC_0000099.jpg,ISIC_0000099_segmentation.png,1536,2048,1254952,3145728,0.3989
ISIC_0000100,train,42,ISIC 2018 Task 1 Training (2594),ISIC_0000100.jpg,ISIC_0000100_segmentation.png,1704,2272,1493566,3871488,0.3858
ISIC_0000101,train,42,ISIC 2018 Task 1 Training (2594),ISIC_0000101.jpg,ISIC_0000101_segmentation.png,1704,2272,1509448,3871488,0.3899
ISIC_0000102,train,42,ISIC 2018 Task 1 Training (2594),ISIC_0000102.jpg,ISIC_0000102_segmentation.png,1536,2048,88639,3145728,0.0282
ISIC_0000103,train,42,ISIC 2018 Task 1 Training (2594),ISIC_0000103.jpg,ISIC_0000103_segmentation.png,1536,2048,1239383,3145728,0.394
ISIC_0000104,val,42,ISIC 2018 Task 1 Training (2594),ISIC_0000104.jpg,ISIC_0000104_segmentation.png,1536,2048,746520,3145728,0.2373
ISIC_0000105,train,42,ISIC 2018 Task 1 Training (2594),ISIC_0000105.jpg,ISIC_0000105_segmentation.png,1944,2592,363733,5038848,0.0722
ISIC_0000107,train,42,ISIC 2018 Task 1 Training (2594),ISIC_0000107.jpg,ISIC_0000107_segmentation.png,1536,2048,615438,3145728,0.1956
ISIC_0000108,val,42,ISIC 2018 Task 1 Training (2594),ISIC_0000108.jpg,ISIC_0000108_segmentation.png,1536,2048,586814,3145728,0.1865
ISIC_0000109,train,42,ISIC 2018 Task 1 Training (2594),ISIC_0000109.jpg,ISIC_0000109_segmentation.png,1536,2048,1117827,3145728,0.3553
ISIC_0000110,train,42,ISIC 2018 Task 1 Training (2594),ISIC_0000110.jpg,ISIC_0000110_segmentation.png,1536,2048,331872,3145728,0.1055
ISIC_0000111,train,42,ISIC 2018 Task 1 Training (2594),ISIC_0000111.jpg,ISIC_0000111_segmentation.png,1536,2048,1897950,3145728,0.6033
ISIC_0000112,train,42,ISIC 2018 Task 1 Training (2594),ISIC_0000112.jpg,ISIC_0000112_segmentation.png,1536,2048,637524,3145728,0.2027
ISIC_0000113,val,42,ISIC 2018 Task 1 Training (2594),ISIC_0000113.jpg,ISIC_0000113_segmentation.png,2112,2816,1074586,5947392,0.1807
ISIC_0000115,train,42,ISIC 2018 Task 1 Training (2594),ISIC_0000115.jpg,ISIC_0000115_segmentation.png,1536,2048,680824,3145728,0.2164
ISIC_0000116,train,42,ISIC 2018 Task 1 Training (2594),ISIC_0000116.jpg,ISIC_0000116_segmentation.png,1536,2048,1136881,3145728,0.3614
ISIC_0000117,train,42,ISIC 2018 Task 1 Training (2594),ISIC_0000117.jpg,ISIC_0000117_segmentation.png,1536,2048,721904,3145728,0.2295
ISIC_0000119,train,42,ISIC 2018 Task 1 Training (2594),ISIC_0000119.jpg,ISIC_0000119_segmentation.png,1536,2048,533631,3145728,0.1696
ISIC_0000120,train,42,ISIC 2018 Task 1 Training (2594),ISIC_0000120.jpg,ISIC_0000120_segmentation.png,1536,2048,1325982,3145728,0.4215
ISIC_0000121,train,42,ISIC 2018 Task 1 Training (2594),ISIC_0000121.jpg,ISIC_0000121_segmentation.png,1536,2048,868625,3145728,0.2761
ISIC_0000122,train,42,ISIC 2018 Task 1 Training (2594),ISIC_0000122.jpg,ISIC_0000122_segmentation.png,1536,2048,1229010,3145728,0.3907
ISIC_0000123,train,42,ISIC 2018 Task 1 Training (2594),ISIC_0000123.jpg,ISIC_0000123_segmentation.png,1536,2048,588232,3145728,0.187
ISIC_0000124,train,42,ISIC 2018 Task 1 Training (2594),ISIC_0000124.jpg,ISIC_0000124_segmentation.png,1536,2048,758493,3145728,0.2411
ISIC_0000125,train,42,ISIC 2018 Task 1 Training (2594),ISIC_0000125.jpg,ISIC_0000125_segmentation.png,1536,2048,45736,3145728,0.0145
ISIC_0000126,val,42,ISIC 2018 Task 1 Training (2594),ISIC_0000126.jpg,ISIC_0000126_segmentation.png,1536,2048,801828,3145728,0.2549
ISIC_0000127,train,42,ISIC 2018 Task 1 Training (2594),ISIC_0000127.jpg,ISIC_0000127_segmentation.png,1536,2048,1350688,3145728,0.4294
ISIC_0000128,val,42,ISIC 2018 Task 1 Training (2594),ISIC_0000128.jpg,ISIC_0000128_segmentation.png,1536,2048,477328,3145728,0.1517
ISIC_0000129,train,42,ISIC 2018 Task 1 Training (2594),ISIC_0000129.jpg,ISIC_0000129_segmentation.png,1536,2048,294124,3145728,0.0935
ISIC_0000131,train,42,ISIC 2018 Task 1 Training (2594),ISIC_0000131.jpg,ISIC_0000131_segmentation.png,1536,2048,818564,3145728,0.2602
ISIC_0000132,val,42,ISIC 2018 Task 1 Training (2594),ISIC_0000132.jpg,ISIC_0000132_segmentation.png,1536,2048,143932,3145728,0.0458
ISIC_0000133,train,42,ISIC 2018 Task 1 Training (2594),ISIC_0000133.jpg,ISIC_0000133_segmentation.png,1536,2048,446727,3145728,0.142
ISIC_0000134,train,42,ISIC 2018 Task 1 Training (2594),ISIC_0000134.jpg,ISIC_0000134_segmentation.png,1536,2048,282699,3145728,0.0899
ISIC_0000135,val,42,ISIC 2018 Task 1 Training (2594),ISIC_0000135.jpg,ISIC_0000135_segmentation.png,1704,2272,391811,3871488,0.1012
ISIC_0000136,train,42,ISIC 2018 Task 1 Training (2594),ISIC_0000136.jpg,ISIC_0000136_segmentation.png,1536,2048,1617095,3145728,0.5141
ISIC_0000137,train,42,ISIC 2018 Task 1 Training (2594),ISIC_0000137.jpg,ISIC_0000137_segmentation.png,1536,2048,774924,3145728,0.2463
ISIC_0000138,train,42,ISIC 2018 Task 1 Training (2594),ISIC_0000138.jpg,ISIC_0000138_segmentation.png,1536,2048,565102,3145728,0.1796
ISIC_0000139,train,42,ISIC 2018 Task 1 Training (2594),ISIC_0000139.jpg,ISIC_0000139_segmentation.png,2112,2816,1592409,5947392,0.2677
ISIC_0000140,val,42,ISIC 2018 Task 1 Training (2594),ISIC_0000140.jpg,ISIC_0000140_segmentation.png,2112,2816,2068369,5947392,0.3478
ISIC_0000141,train,42,ISIC 2018 Task 1 Training (2594),ISIC_0000141.jpg,ISIC_0000141_segmentation.png,1536,2048,540903,3145728,0.1719
ISIC_0000142,train,42,ISIC 2018 Task 1 Training (2594),ISIC_0000142.jpg,ISIC_0000142_segmentation.png,1536,2048,1139816,3145728,0.3623
ISIC_0000143,val,42,ISIC 2018 Task 1 Training (2594),ISIC_0000143.jpg,ISIC_0000143_segmentation.png,1944,2592,1401944,5038848,0.2782
ISIC_0000145,train,42,ISIC 2018 Task 1 Training (2594),ISIC_0000145.jpg,ISIC_0000145_segmentation.png,1536,2048,957679,3145728,0.3044
ISIC_0000146,train,42,ISIC 2018 Task 1 Training (2594),ISIC_0000146.jpg,ISIC_0000146_segmentation.png,1536,2048,1164950,3145728,0.3703
ISIC_0000147,train,42,ISIC 2018 Task 1 Training (2594),ISIC_0000147.jpg,ISIC_0000147_segmentation.png,1536,2048,1537501,3145728,0.4888
ISIC_0000148,train,42,ISIC 2018 Task 1 Training (2594),ISIC_0000148.jpg,ISIC_0000148_segmentation.png,2112,2816,878038,5947392,0.1476
ISIC_0000149,train,42,ISIC 2018 Task 1 Training (2594),ISIC_0000149.jpg,ISIC_0000149_segmentation.png,1536,2048,1629610,3145728,0.518
ISIC_0000150,train,42,ISIC 2018 Task 1 Training (2594),ISIC_0000150.jpg,ISIC_0000150_segmentation.png,1536,2048,1017241,3145728,0.3234
ISIC_0000151,train,42,ISIC 2018 Task 1 Training (2594),ISIC_0000151.jpg,ISIC_0000151_segmentation.png,1536,2048,312451,3145728,0.0993
ISIC_0000152,train,42,ISIC 2018 Task 1 Training (2594),ISIC_0000152.jpg,ISIC_0000152_segmentation.png,1944,2592,1140869,5038848,0.2264
ISIC_0000153,train,42,ISIC 2018 Task 1 Training (2594),ISIC_0000153.jpg,ISIC_0000153_segmentation.png,1944,2592,1406970,5038848,0.2792
ISIC_0000154,train,42,ISIC 2018 Task 1 Training (2594),ISIC_0000154.jpg,ISIC_0000154_segmentation.png,1536,2048,312482,3145728,0.0993
ISIC_0000155,train,42,ISIC 2018 Task 1 Training (2594),ISIC_0000155.jpg,ISIC_0000155_segmentation.png,1536,2048,1516518,3145728,0.4821
ISIC_0000156,train,42,ISIC 2018 Task 1 Training (2594),ISIC_0000156.jpg,ISIC_0000156_segmentation.png,1536,2048,988194,3145728,0.3141
ISIC_0000157,val,42,ISIC 2018 Task 1 Training (2594),ISIC_0000157.jpg,ISIC_0000157_segmentation.png,629,963,201985,605727,0.3335
ISIC_0000159,train,42,ISIC 2018 Task 1 Training (2594),ISIC_0000159.jpg,ISIC_0000159_segmentation.png,724,965,266871,698660,0.382
ISIC_0000160,train,42,ISIC 2018 Task 1 Training (2594),ISIC_0000160.jpg,ISIC_0000160_segmentation.png,540,722,277226,389880,0.7111
ISIC_0000161,val,42,ISIC 2018 Task 1 Training (2594),ISIC_0000161.jpg,ISIC_0000161_segmentation.png,674,962,318679,648388,0.4915
ISIC_0000162,train,42,ISIC 2018 Task 1 Training (2594),ISIC_0000162.jpg,ISIC_0000162_segmentation.png,640,964,255651,616960,0.4144
ISIC_0000163,train,42,ISIC 2018 Task 1 Training (2594),ISIC_0000163.jpg,ISIC_0000163_segmentation.png,649,965,184908,626285,0.2952
ISIC_0000164,train,42,ISIC 2018 Task 1 Training (2594),ISIC_0000164.jpg,ISIC_0000164_segmentation.png,638,959,211373,611842,0.3455
ISIC_0000165,train,42,ISIC 2018 Task 1 Training (2594),ISIC_0000165.jpg,ISIC_0000165_segmentation.png,649,961,71112,623689,0.114
ISIC_0000166,train,42,ISIC 2018 Task 1 Training (2594),ISIC_0000166.jpg,ISIC_0000166_segmentation.png,542,722,193477,391324,0.4944
ISIC_0000167,train,42,ISIC 2018 Task 1 Training (2594),ISIC_0000167.jpg,ISIC_0000167_segmentation.png,624,965,161205,602160,0.2677
ISIC_0000169,val,42,ISIC 2018 Task 1 Training (2594),ISIC_0000169.jpg,ISIC_0000169_segmentation.png,542,722,110269,391324,0.2818
ISIC_0000170,val,42,ISIC 2018 Task 1 Training (2594),ISIC_0000170.jpg,ISIC_0000170_segmentation.png,542,722,150747,391324,0.3852
ISIC_0000171,train,42,ISIC 2018 Task 1 Training (2594),ISIC_0000171.jpg,ISIC_0000171_segmentation.png,720,964,285600,694080,0.4115
ISIC_0000172,train,42,ISIC 2018 Task 1 Training (2594),ISIC_0000172.jpg,ISIC_0000172_segmentation.png,674,962,232278,648388,0.3582
ISIC_0000173,train,42,ISIC 2018 Task 1 Training (2594),ISIC_0000173.jpg,ISIC_0000173_segmentation.png,545,722,132036,393490,0.3356
ISIC_0000175,train,42,ISIC 2018 Task 1 Training (2594),ISIC_0000175.jpg,ISIC_0000175_segmentation.png,638,966,138360,616308,0.2245
ISIC_0000176,train,42,ISIC 2018 Task 1 Training (2594),ISIC_0000176.jpg,ISIC_0000176_segmentation.png,1127,944,181374,1063888,0.1705
ISIC_0000177,val,42,ISIC 2018 Task 1 Training (2594),ISIC_0000177.jpg,ISIC_0000177_segmentation.png,703,1069,92016,751507,0.1224
ISIC_0000179,val,42,ISIC 2018 Task 1 Training (2594),ISIC_0000179.jpg,ISIC_0000179_segmentation.png,1043,1502,646028,1566586,0.4124
ISIC_0000181,train,42,ISIC 2018 Task 1 Training (2594),ISIC_0000181.jpg,ISIC_0000181_segmentation.png,1051,1502,339824,1578602,0.2153
ISIC_0000182,train,42,ISIC 2018 Task 1 Training (2594),ISIC_0000182.jpg,ISIC_0000182_segmentation.png,1051,1502,421368,1578602,0.2669
ISIC_0000183,train,42,ISIC 2018 Task 1 Training (2594),ISIC_0000183.jpg,ISIC_0000183_segmentation.png,705,1079,349896,760695,0.46
ISIC_0000184,train,42,ISIC 2018 Task 1 Training (2594),ISIC_0000184.jpg,ISIC_0000184_segmentation.png,707,1057,306854,747299,0.4106
ISIC_0000185,train,42,ISIC 2018 Task 1 Training (2594),ISIC_0000185.jpg,ISIC_0000185_segmentation.png,705,1045,205518,736725,0.279
ISIC_0000186,train,42,ISIC 2018 Task 1 Training (2594),ISIC_0000186.jpg,ISIC_0000186_segmentation.png,702,1064,78628,746928,0.1053
ISIC_0000187,train,42,ISIC 2018 Task 1 Training (2594),ISIC_0000187.jpg,ISIC_0000187_segmentation.png,542,722,317960,391324,0.8125
ISIC_0000188,train,42,ISIC 2018 Task 1 Training (2594),ISIC_0000188.jpg,ISIC_0000188_segmentation.png,1036,1502,909708,1556072,0.5846
ISIC_0000189,train,42,ISIC 2018 Task 1 Training (2594),ISIC_0000189.jpg,ISIC_0000189_segmentation.png,1051,1502,643788,1578602,0.4078
ISIC_0000190,train,42,ISIC 2018 Task 1 Training (2594),ISIC_0000190.jpg,ISIC_0000190_segmentation.png,543,722,236130,392046,0.6023
ISIC_0000191,val,42,ISIC 2018 Task 1 Training (2594),ISIC_0000191.jpg,ISIC_0000191_segmentation.png,1051,1502,206529,1578602,0.1308
ISIC_0000192,train,42,ISIC 2018 Task 1 Training (2594),ISIC_0000192.jpg,ISIC_0000192_segmentation.png,1051,1502,833214,1578602,0.5278
ISIC_0000193,train,42,ISIC 2018 Task 1 Training (2594),ISIC_0000193.jpg,ISIC_0000193_segmentation.png,704,1057,228547,744128,0.3071
ISIC_0000196,train,42,ISIC 2018 Task 1 Training (2594),ISIC_0000196.jpg,ISIC_0000196_segmentation.png,1036,1494,494876,1547784,0.3197
ISIC_0000197,train,42,ISIC 2018 Task 1 Training (2594),ISIC_0000197.jpg,ISIC_0000197_segmentation.png,1051,1502,476865,1578602,0.3021
ISIC_0000198,train,42,ISIC 2018 Task 1 Training (2594),ISIC_0000198.jpg,ISIC_0000198_segmentation.png,542,725,76606,392950,0.195
ISIC_0000199,train,42,ISIC 2018 Task 1 Training (2594),ISIC_0000199.jpg,ISIC_0000199_segmentation.png,542,718,118352,389156,0.3041
ISIC_0000200,train,42,ISIC 2018 Task 1 Training (2594),ISIC_0000200.jpg,ISIC_0000200_segmentation.png,670,962,167958,644540,0.2606
ISIC_0000201,val,42,ISIC 2018 Task 1 Training (2594),ISIC_0000201.jpg,ISIC_0000201_segmentation.png,705,1043,122880,735315,0.1671
ISIC_0000202,train,42,ISIC 2018 Task 1 Training (2594),ISIC_0000202.jpg,ISIC_0000202_segmentation.png,1051,1502,1273996,1578602,0.807
ISIC_0000203,train,42,ISIC 2018 Task 1 Training (2594),ISIC_0000203.jpg,ISIC_0000203_segmentation.png,1051,1502,1472000,1578602,0.9325
ISIC_0000204,train,42,ISIC 2018 Task 1 Training (2594),ISIC_0000204.jpg,ISIC_0000204_segmentation.png,1018,1456,750642,1482208,0.5064
ISIC_0000205,train,42,ISIC 2018 Task 1 Training (2594),ISIC_0000205.jpg,ISIC_0000205_segmentation.png,1026,1502,1052067,1541052,0.6827
ISIC_0000206,train,42,ISIC 2018 Task 1 Training (2594),ISIC_0000206.jpg,ISIC_0000206_segmentation.png,1051,1502,270141,1578602,0.1711
ISIC_0000207,val,42,ISIC 2018 Task 1 Training (2594),ISIC_0000207.jpg,ISIC_0000207_segmentation.png,701,1062,635029,744462,0.853
ISIC_0000208,train,42,ISIC 2018 Task 1 Training (2594),ISIC_0000208.jpg,ISIC_0000208_segmentation.png,1051,1502,1141352,1578602,0.723
ISIC_0000209,train,42,ISIC 2018 Task 1 Training (2594),ISIC_0000209.jpg,ISIC_0000209_segmentation.png,542,722,233151,391324,0.5958
ISIC_0000210,val,42,ISIC 2018 Task 1 Training (2594),ISIC_0000210.jpg,ISIC_0000210_segmentation.png,542,722,34718,391324,0.0887
ISIC_0000211,val,42,ISIC 2018 Task 1 Training (2594),ISIC_0000211.jpg,ISIC_0000211_segmentation.png,674,962,91743,648388,0.1415
ISIC_0000212,train,42,ISIC 2018 Task 1 Training (2594),ISIC_0000212.jpg,ISIC_0000212_segmentation.png,542,722,268981,391324,0.6874
ISIC_0000213,train,42,ISIC 2018 Task 1 Training (2594),ISIC_0000213.jpg,ISIC_0000213_segmentation.png,542,718,149178,389156,0.3833
ISIC_0000214,train,42,ISIC 2018 Task 1 Training (2594),ISIC_0000214.jpg,ISIC_0000214_segmentation.png,642,958,153199,615036,0.2491
ISIC_0000215,train,42,ISIC 2018 Task 1 Training (2594),ISIC_0000215.jpg,ISIC_0000215_segmentation.png,674,962,475978,648388,0.7341
ISIC_0000216,train,42,ISIC 2018 Task 1 Training (2594),ISIC_0000216.jpg,ISIC_0000216_segmentation.png,626,949,271970,594074,0.4578
ISIC_0000217,train,42,ISIC 2018 Task 1 Training (2594),ISIC_0000217.jpg,ISIC_0000217_segmentation.png,638,959,357964,611842,0.5851
ISIC_0000218,val,42,ISIC 2018 Task 1 Training (2594),ISIC_0000218.jpg,ISIC_0000218_segmentation.png,1016,1502,357728,1526032,0.2344
ISIC_0000219,train,42,ISIC 2018 Task 1 Training (2594),ISIC_0000219.jpg,ISIC_0000219_segmentation.png,674,962,242170,648388,0.3735
ISIC_0000220,train,42,ISIC 2018 Task 1 Training (2594),ISIC_0000220.jpg,ISIC_0000220_segmentation.png,674,962,82639,648388,0.1275
ISIC_0000221,val,42,ISIC 2018 Task 1 Training (2594),ISIC_0000221.jpg,ISIC_0000221_segmentation.png,671,962,101942,645502,0.1579
ISIC_0000222,val,42,ISIC 2018 Task 1 Training (2594),ISIC_0000222.jpg,ISIC_0000222_segmentation.png,645,966,327626,623070,0.5258
ISIC_0000223,val,42,ISIC 2018 Task 1 Training (2594),ISIC_0000223.jpg,ISIC_0000223_segmentation.png,634,959,325883,608006,0.536
ISIC_0000224,train,42,ISIC 2018 Task 1 Training (2594),ISIC_0000224.jpg,ISIC_0000224_segmentation.png,640,957,376330,612480,0.6144
ISIC_0000225,train,42,ISIC 2018 Task 1 Training (2594),ISIC_0000225.jpg,ISIC_0000225_segmentation.png,723,957,69062,691911,0.0998
ISIC_0000226,train,42,ISIC 2018 Task 1 Training (2594),ISIC_0000226.jpg,ISIC_0000226_segmentation.png,672,964,307627,647808,0.4749
ISIC_0000227,val,42,ISIC 2018 Task 1 Training (2594),ISIC_0000227.jpg,ISIC_0000227_segmentation.png,723,959,114133,693357,0.1646
ISIC_0000228,train,42,ISIC 2018 Task 1 Training (2594),ISIC_0000228.jpg,ISIC_0000228_segmentation.png,639,959,238175,612801,0.3887
ISIC_0000229,train,42,ISIC 2018 Task 1 Training (2594),ISIC_0000229.jpg,ISIC_0000229_segmentation.png,641,962,264152,616642,0.4284
ISIC_0000230,train,42,ISIC 2018 Task 1 Training (2594),ISIC_0000230.jpg,ISIC_0000230_segmentation.png,674,962,410090,648388,0.6325
ISIC_0000231,train,42,ISIC 2018 Task 1 Training (2594),ISIC_0000231.jpg,ISIC_0000231_segmentation.png,723,962,220278,695526,0.3167
ISIC_0000232,train,42,ISIC 2018 Task 1 Training (2594),ISIC_0000232.jpg,ISIC_0000232_segmentation.png,645,960,110957,619200,0.1792
ISIC_0000233,train,42,ISIC 2018 Task 1 Training (2594),ISIC_0000233.jpg,ISIC_0000233_segmentation.png,674,962,466764,648388,0.7199
ISIC_0000234,train,42,ISIC 2018 Task 1 Training (2594),ISIC_0000234.jpg,ISIC_0000234_segmentation.png,676,962,277863,650312,0.4273
ISIC_0000235,train,42,ISIC 2018 Task 1 Training (2594),ISIC_0000235.jpg,ISIC_0000235_segmentation.png,542,724,254385,392408,0.6483
ISIC_0000236,train,42,ISIC 2018 Task 1 Training (2594),ISIC_0000236.jpg,ISIC_0000236_segmentation.png,768,1024,386032,786432,0.4909
ISIC_0000239,val,42,ISIC 2018 Task 1 Training (2594),ISIC_0000239.jpg,ISIC_0000239_segmentation.png,768,1024,324878,786432,0.4131
ISIC_0000240,train,42,ISIC 2018 Task 1 Training (2594),ISIC_0000240.jpg,ISIC_0000240_segmentation.png,768,1024,135869,786432,0.1728
ISIC_0000242,train,42,ISIC 2018 Task 1 Training (2594),ISIC_0000242.jpg,ISIC_0000242_segmentation.png,768,1024,284611,786432,0.3619
ISIC_0000243,train,42,ISIC 2018 Task 1 Training (2594),ISIC_0000243.jpg,ISIC_0000243_segmentation.png,768,576,195700,442368,0.4424
ISIC_0000244,train,42,ISIC 2018 Task 1 Training (2594),ISIC_0000244.jpg,ISIC_0000244_segmentation.png,768,1024,226551,786432,0.2881
ISIC_0000245,train,42,ISIC 2018 Task 1 Training (2594),ISIC_0000245.jpg,ISIC_0000245_segmentation.png,768,1024,392171,786432,0.4987
ISIC_0000246,train,42,ISIC 2018 Task 1 Training (2594),ISIC_0000246.jpg,ISIC_0000246_segmentation.png,768,1024,385790,786432,0.4906
ISIC_0000247,train,42,ISIC 2018 Task 1 Training (2594),ISIC_0000247.jpg,ISIC_0000247_segmentation.png,768,1024,93344,786432,0.1187
ISIC_0000249,train,42,ISIC 2018 Task 1 Training (2594),ISIC_0000249.jpg,ISIC_0000249_segmentation.png,768,1024,128798,786432,0.1638
ISIC_0000250,val,42,ISIC 2018 Task 1 Training (2594),ISIC_0000250.jpg,ISIC_0000250_segmentation.png,768,1024,246172,786432,0.313
ISIC_0000251,train,42,ISIC 2018 Task 1 Training (2594),ISIC_0000251.jpg,ISIC_0000251_segmentation.png,768,1024,84291,786432,0.1072
ISIC_0000252,train,42,ISIC 2018 Task 1 Training (2594),ISIC_0000252.jpg,ISIC_0000252_segmentation.png,768,576,92658,442368,0.2095
ISIC_0000253,train,42,ISIC 2018 Task 1 Training (2594),ISIC_0000253.jpg,ISIC_0000253_segmentation.png,768,576,43664,442368,0.0987
ISIC_0000254,train,42,ISIC 2018 Task 1 Training (2594),ISIC_0000254.jpg,ISIC_0000254_segmentation.png,768,1024,150845,786432,0.1918
ISIC_0000255,train,42,ISIC 2018 Task 1 Training (2594),ISIC_0000255.jpg,ISIC_0000255_segmentation.png,768,1024,157133,786432,0.1998
ISIC_0000256,train,42,ISIC 2018 Task 1 Training (2594),ISIC_0000256.jpg,ISIC_0000256_segmentation.png,768,1024,57723,786432,0.0734
ISIC_0000258,train,42,ISIC 2018 Task 1 Training (2594),ISIC_0000258.jpg,ISIC_0000258_segmentation.png,768,1024,419297,786432,0.5332
ISIC_0000259,train,42,ISIC 2018 Task 1 Training (2594),ISIC_0000259.jpg,ISIC_0000259_segmentation.png,768,1024,703222,786432,0.8942
ISIC_0000260,val,42,ISIC 2018 Task 1 Training (2594),ISIC_0000260.jpg,ISIC_0000260_segmentation.png,768,1024,129262,786432,0.1644
ISIC_0000261,train,42,ISIC 2018 Task 1 Training (2594),ISIC_0000261.jpg,ISIC_0000261_segmentation.png,768,1024,66280,786432,0.0843
ISIC_0000262,train,42,ISIC 2018 Task 1 Training (2594),ISIC_0000262.jpg,ISIC_0000262_segmentation.png,768,576,28991,442368,0.0655
ISIC_0000263,train,42,ISIC 2018 Task 1 Training (2594),ISIC_0000263.jpg,ISIC_0000263_segmentation.png,768,1024,172466,786432,0.2193
ISIC_0000264,train,42,ISIC 2018 Task 1 Training (2594),ISIC_0000264.jpg,ISIC_0000264_segmentation.png,768,1024,379083,786432,0.482
ISIC_0000265,train,42,ISIC 2018 Task 1 Training (2594),ISIC_0000265.jpg,ISIC_0000265_segmentation.png,768,1024,196654,786432,0.2501
ISIC_0000268,train,42,ISIC 2018 Task 1 Training (2594),ISIC_0000268.jpg,ISIC_0000268_segmentation.png,768,1024,437708,786432,0.5566
ISIC_0000269,val,42,ISIC 2018 Task 1 Training (2594),ISIC_0000269.jpg,ISIC_0000269_segmentation.png,768,576,86597,442368,0.1958
ISIC_0000271,train,42,ISIC 2018 Task 1 Training (2594),ISIC_0000271.jpg,ISIC_0000271_segmentation.png,768,1024,162372,786432,0.2065
ISIC_0000274,train,42,ISIC 2018 Task 1 Training (2594),ISIC_0000274.jpg,ISIC_0000274_segmentation.png,768,1024,241444,786432,0.307
ISIC_0000275,train,42,ISIC 2018 Task 1 Training (2594),ISIC_0000275.jpg,ISIC_0000275_segmentation.png,768,1024,69716,786432,0.0886
ISIC_0000276,val,42,ISIC 2018 Task 1 Training (2594),ISIC_0000276.jpg,ISIC_0000276_segmentation.png,768,1024,333679,786432,0.4243
ISIC_0000277,train,42,ISIC 2018 Task 1 Training (2594),ISIC_0000277.jpg,ISIC_0000277_segmentation.png,768,1024,357984,786432,0.4552
ISIC_0000278,train,42,ISIC 2018 Task 1 Training (2594),ISIC_0000278.jpg,ISIC_0000278_segmentation.png,768,1024,435908,786432,0.5543
ISIC_0000279,train,42,ISIC 2018 Task 1 Training (2594),ISIC_0000279.jpg,ISIC_0000279_segmentation.png,768,1024,449232,786432,0.5712
ISIC_0000281,train,42,ISIC 2018 Task 1 Training (2594),ISIC_0000281.jpg,ISIC_0000281_segmentation.png,768,1024,219028,786432,0.2785
ISIC_0000282,train,42,ISIC 2018 Task 1 Training (2594),ISIC_0000282.jpg,ISIC_0000282_segmentation.png,768,1024,336778,786432,0.4282
ISIC_0000283,train,42,ISIC 2018 Task 1 Training (2594),ISIC_0000283.jpg,ISIC_0000283_segmentation.png,768,1024,112471,786432,0.143
ISIC_0000287,train,42,ISIC 2018 Task 1 Training (2594),ISIC_0000287.jpg,ISIC_0000287_segmentation.png,768,1024,242941,786432,0.3089
ISIC_0000288,val,42,ISIC 2018 Task 1 Training (2594),ISIC_0000288.jpg,ISIC_0000288_segmentation.png,768,1024,622070,786432,0.791
ISIC_0000290,train,42,ISIC 2018 Task 1 Training (2594),ISIC_0000290.jpg,ISIC_0000290_segmentation.png,768,1024,246543,786432,0.3135
ISIC_0000292,train,42,ISIC 2018 Task 1 Training (2594),ISIC_0000292.jpg,ISIC_0000292_segmentation.png,768,1024,506818,786432,0.6445
ISIC_0000293,train,42,ISIC 2018 Task 1 Training (2594),ISIC_0000293.jpg,ISIC_0000293_segmentation.png,768,1024,617025,786432,0.7846
ISIC_0000294,train,42,ISIC 2018 Task 1 Training (2594),ISIC_0000294.jpg,ISIC_0000294_segmentation.png,768,1024,578294,786432,0.7353
ISIC_0000295,train,42,ISIC 2018 Task 1 Training (2594),ISIC_0000295.jpg,ISIC_0000295_segmentation.png,576,767,308868,441792,0.6991
ISIC_0000297,train,42,ISIC 2018 Task 1 Training (2594),ISIC_0000297.jpg,ISIC_0000297_segmentation.png,576,767,50692,441792,0.1147
ISIC_0000298,train,42,ISIC 2018 Task 1 Training (2594),ISIC_0000298.jpg,ISIC_0000298_segmentation.png,576,767,50320,441792,0.1139
ISIC_0000299,train,42,ISIC 2018 Task 1 Training (2594),ISIC_0000299.jpg,ISIC_0000299_segmentation.png,576,767,296705,441792,0.6716
ISIC_0000300,val,42,ISIC 2018 Task 1 Training (2594),ISIC_0000300.jpg,ISIC_0000300_segmentation.png,576,767,208075,441792,0.471
ISIC_0000301,train,42,ISIC 2018 Task 1 Training (2594),ISIC_0000301.jpg,ISIC_0000301_segmentation.png,576,767,372165,441792,0.8424
ISIC_0000303,val,42,ISIC 2018 Task 1 Training (2594),ISIC_0000303.jpg,ISIC_0000303_segmentation.png,576,767,401588,441792,0.909
ISIC_0000306,train,42,ISIC 2018 Task 1 Training (2594),ISIC_0000306.jpg,ISIC_0000306_segmentation.png,576,767,61383,441792,0.1389
ISIC_0000307,train,42,ISIC 2018 Task 1 Training (2594),ISIC_0000307.jpg,ISIC_0000307_segmentation.png,576,767,338203,441792,0.7655
ISIC_0000310,train,42,ISIC 2018 Task 1 Training (2594),ISIC_0000310.jpg,ISIC_0000310_segmentation.png,576,767,326241,441792,0.7384
ISIC_0000311,val,42,ISIC 2018 Task 1 Training (2594),ISIC_0000311.jpg,ISIC_0000311_segmentation.png,576,767,337188,441792,0.7632
ISIC_0000313,train,42,ISIC 2018 Task 1 Training (2594),ISIC_0000313.jpg,ISIC_0000313_segmentation.png,576,767,100570,441792,0.2276
ISIC_0000314,train,42,ISIC 2018 Task 1 Training (2594),ISIC_0000314.jpg,ISIC_0000314_segmentation.png,576,767,145820,441792,0.3301
ISIC_0000315,train,42,ISIC 2018 Task 1 Training (2594),ISIC_0000315.jpg,ISIC_0000315_segmentation.png,576,767,73649,441792,0.1667
ISIC_0000316,train,42,ISIC 2018 Task 1 Training (2594),ISIC_0000316.jpg,ISIC_0000316_segmentation.png,576,767,177091,441792,0.4008
ISIC_0000317,train,42,ISIC 2018 Task 1 Training (2594),ISIC_0000317.jpg,ISIC_0000317_segmentation.png,576,767,15446,441792,0.035
ISIC_0000319,train,42,ISIC 2018 Task 1 Training (2594),ISIC_0000319.jpg,ISIC_0000319_segmentation.png,576,767,69425,441792,0.1571
ISIC_0000320,train,42,ISIC 2018 Task 1 Training (2594),ISIC_0000320.jpg,ISIC_0000320_segmentation.png,576,767,159735,441792,0.3616
ISIC_0000321,train,42,ISIC 2018 Task 1 Training (2594),ISIC_0000321.jpg,ISIC_0000321_segmentation.png,576,767,193701,441792,0.4384
ISIC_0000322,train,42,ISIC 2018 Task 1 Training (2594),ISIC_0000322.jpg,ISIC_0000322_segmentation.png,576,767,130596,441792,0.2956
ISIC_0000323,train,42,ISIC 2018 Task 1 Training (2594),ISIC_0000323.jpg,ISIC_0000323_segmentation.png,576,767,37802,441792,0.0856
ISIC_0000324,train,42,ISIC 2018 Task 1 Training (2594),ISIC_0000324.jpg,ISIC_0000324_segmentation.png,576,767,156799,441792,0.3549
ISIC_0000325,train,42,ISIC 2018 Task 1 Training (2594),ISIC_0000325.jpg,ISIC_0000325_segmentation.png,576,767,124960,441792,0.2828
ISIC_0000326,train,42,ISIC 2018 Task 1 Training (2594),ISIC_0000326.jpg,ISIC_0000326_segmentation.png,576,767,68042,441792,0.154
ISIC_0000327,train,42,ISIC 2018 Task 1 Training (2594),ISIC_0000327.jpg,ISIC_0000327_segmentation.png,576,767,71684,441792,0.1623
ISIC_0000328,train,42,ISIC 2018 Task 1 Training (2594),ISIC_0000328.jpg,ISIC_0000328_segmentation.png,576,767,186735,441792,0.4227
ISIC_0000329,val,42,ISIC 2018 Task 1 Training (2594),ISIC_0000329.jpg,ISIC_0000329_segmentation.png,576,767,66638,441792,0.1508
ISIC_0000330,train,42,ISIC 2018 Task 1 Training (2594),ISIC_0000330.jpg,ISIC_0000330_segmentation.png,576,767,77846,441792,0.1762
ISIC_0000331,train,42,ISIC 2018 Task 1 Training (2594),ISIC_0000331.jpg,ISIC_0000331_segmentation.png,576,767,131016,441792,0.2966
ISIC_0000332,train,42,ISIC 2018 Task 1 Training (2594),ISIC_0000332.jpg,ISIC_0000332_segmentation.png,576,767,61912,441792,0.1401
ISIC_0000336,train,42,ISIC 2018 Task 1 Training (2594),ISIC_0000336.jpg,ISIC_0000336_segmentation.png,576,767,60588,441792,0.1371
ISIC_0000337,train,42,ISIC 2018 Task 1 Training (2594),ISIC_0000337.jpg,ISIC_0000337_segmentation.png,576,767,237695,441792,0.538
ISIC_0000338,train,42,ISIC 2018 Task 1 Training (2594),ISIC_0000338.jpg,ISIC_0000338_segmentation.png,576,767,66833,441792,0.1513
ISIC_0000339,train,42,ISIC 2018 Task 1 Training (2594),ISIC_0000339.jpg,ISIC_0000339_segmentation.png,576,767,61276,441792,0.1387
ISIC_0000340,train,42,ISIC 2018 Task 1 Training (2594),ISIC_0000340.jpg,ISIC_0000340_segmentation.png,576,767,68417,441792,0.1549
ISIC_0000341,val,42,ISIC 2018 Task 1 Training (2594),ISIC_0000341.jpg,ISIC_0000341_segmentation.png,576,767,102718,441792,0.2325
ISIC_0000342,train,42,ISIC 2018 Task 1 Training (2594),ISIC_0000342.jpg,ISIC_0000342_segmentation.png,576,767,74857,441792,0.1694
ISIC_0000343,train,42,ISIC 2018 Task 1 Training (2594),ISIC_0000343.jpg,ISIC_0000343_segmentation.png,576,767,143236,441792,0.3242
ISIC_0000344,train,42,ISIC 2018 Task 1 Training (2594),ISIC_0000344.jpg,ISIC_0000344_segmentation.png,576,767,174351,441792,0.3946
ISIC_0000345,train,42,ISIC 2018 Task 1 Training (2594),ISIC_0000345.jpg,ISIC_0000345_segmentation.png,576,767,22301,441792,0.0505
ISIC_0000346,train,42,ISIC 2018 Task 1 Training (2594),ISIC_0000346.jpg,ISIC_0000346_segmentation.png,576,767,103432,441792,0.2341
ISIC_0000348,train,42,ISIC 2018 Task 1 Training (2594),ISIC_0000348.jpg,ISIC_0000348_segmentation.png,576,767,92828,441792,0.2101
ISIC_0000349,train,42,ISIC 2018 Task 1 Training (2594),ISIC_0000349.jpg,ISIC_0000349_segmentation.png,576,767,56505,441792,0.1279
ISIC_0000350,val,42,ISIC 2018 Task 1 Training (2594),ISIC_0000350.jpg,ISIC_0000350_segmentation.png,576,767,84326,441792,0.1909
ISIC_0000351,train,42,ISIC 2018 Task 1 Training (2594),ISIC_0000351.jpg,ISIC_0000351_segmentation.png,576,767,56854,441792,0.1287
ISIC_0000352,train,42,ISIC 2018 Task 1 Training (2594),ISIC_0000352.jpg,ISIC_0000352_segmentation.png,576,767,48258,441792,0.1092
ISIC_0000353,train,42,ISIC 2018 Task 1 Training (2594),ISIC_0000353.jpg,ISIC_0000353_segmentation.png,576,767,105891,441792,0.2397
ISIC_0000354,train,42,ISIC 2018 Task 1 Training (2594),ISIC_0000354.jpg,ISIC_0000354_segmentation.png,576,767,187677,441792,0.4248
ISIC_0000355,train,42,ISIC 2018 Task 1 Training (2594),ISIC_0000355.jpg,ISIC_0000355_segmentation.png,576,767,172842,441792,0.3912
ISIC_0000357,train,42,ISIC 2018 Task 1 Training (2594),ISIC_0000357.jpg,ISIC_0000357_segmentation.png,576,767,39482,441792,0.0894
ISIC_0000358,train,42,ISIC 2018 Task 1 Training (2594),ISIC_0000358.jpg,ISIC_0000358_segmentation.png,576,767,77393,441792,0.1752
ISIC_0000359,train,42,ISIC 2018 Task 1 Training (2594),ISIC_0000359.jpg,ISIC_0000359_segmentation.png,576,767,300348,441792,0.6798
ISIC_0000360,train,42,ISIC 2018 Task 1 Training (2594),ISIC_0000360.jpg,ISIC_0000360_segmentation.png,576,767,36257,441792,0.0821
ISIC_0000361,train,42,ISIC 2018 Task 1 Training (2594),ISIC_0000361.jpg,ISIC_0000361_segmentation.png,576,767,149876,441792,0.3392
ISIC_0000363,train,42,ISIC 2018 Task 1 Training (2594),ISIC_0000363.jpg,ISIC_0000363_segmentation.png,576,767,100607,441792,0.2277
ISIC_0000364,train,42,ISIC 2018 Task 1 Training (2594),ISIC_0000364.jpg,ISIC_0000364_segmentation.png,576,767,207647,441792,0.47
ISIC_0000365,train,42,ISIC 2018 Task 1 Training (2594),ISIC_0000365.jpg,ISIC_0000365_segmentation.png,576,767,63533,441792,0.1438
ISIC_0000366,train,42,ISIC 2018 Task 1 Training (2594),ISIC_0000366.jpg,ISIC_0000366_segmentation.png,576,767,30213,441792,0.0684
ISIC_0000367,train,42,ISIC 2018 Task 1 Training (2594),ISIC_0000367.jpg,ISIC_0000367_segmentation.png,576,767,160090,441792,0.3624
ISIC_0000368,val,42,ISIC 2018 Task 1 Training (2594),ISIC_0000368.jpg,ISIC_0000368_segmentation.png,576,767,283841,441792,0.6425
ISIC_0000370,train,42,ISIC 2018 Task 1 Training (2594),ISIC_0000370.jpg,ISIC_0000370_segmentation.png,576,767,167041,441792,0.3781
ISIC_0000372,train,42,ISIC 2018 Task 1 Training (2594),ISIC_0000372.jpg,ISIC_0000372_segmentation.png,576,767,124702,441792,0.2823
ISIC_0000374,train,42,ISIC 2018 Task 1 Training (2594),ISIC_0000374.jpg,ISIC_0000374_segmentation.png,576,767,64188,441792,0.1453
ISIC_0000376,train,42,ISIC 2018 Task 1 Training (2594),ISIC_0000376.jpg,ISIC_0000376_segmentation.png,2082,2725,1316921,5673450,0.2321
ISIC_0000377,train,42,ISIC 2018 Task 1 Training (2594),ISIC_0000377.jpg,ISIC_0000377_segmentation.png,2304,3072,1253628,7077888,0.1771
ISIC_0000378,train,42,ISIC 2018 Task 1 Training (2594),ISIC_0000378.jpg,ISIC_0000378_segmentation.png,2122,2530,1878599,5368660,0.3499
ISIC_0000379,train,42,ISIC 2018 Task 1 Training (2594),ISIC_0000379.jpg,ISIC_0000379_segmentation.png,2304,3072,2766123,7077888,0.3908
ISIC_0000380,train,42,ISIC 2018 Task 1 Training (2594),ISIC_0000380.jpg,ISIC_0000380_segmentation.png,1958,2155,1721462,4219490,0.408
ISIC_0000381,train,42,ISIC 2018 Task 1 Training (2594),ISIC_0000381.jpg,ISIC_0000381_segmentation.png,1943,2101,1373643,4082243,0.3365
ISIC_0000382,train,42,ISIC 2018 Task 1 Training (2594),ISIC_0000382.jpg,ISIC_0000382_segmentation.png,2067,2314,1297758,4783038,0.2713
ISIC_0000383,train,42,ISIC 2018 Task 1 Training (2594),ISIC_0000383.jpg,ISIC_0000383_segmentation.png,1988,2117,1193869,4208596,0.2837
ISIC_0000384,train,42,ISIC 2018 Task 1 Training (2594),ISIC_0000384.jpg,ISIC_0000384_segmentation.png,2096,2583,360765,5413968,0.0666
ISIC_0000385,val,42,ISIC 2018 Task 1 Training (2594),ISIC_0000385.jpg,ISIC_0000385_segmentation.png,2304,3072,1251625,7077888,0.1768
ISIC_0000386,train,42,ISIC 2018 Task 1 Training (2594),ISIC_0000386.jpg,ISIC_0000386_segmentation.png,2304,3072,1147937,7077888,0.1622
ISIC_0000387,train,42,ISIC 2018 Task 1 Training (2594),ISIC_0000387.jpg,ISIC_0000387_segmentation.png,2304,3072,725109,7077888,0.1024
ISIC_0000388,train,42,ISIC 2018 Task 1 Training (2594),ISIC_0000388.jpg,ISIC_0000388_segmentation.png,2304,3072,721884,7077888,0.102
ISIC_0000390,train,42,ISIC 2018 Task 1 Training (2594),ISIC_0000390.jpg,ISIC_0000390_segmentation.png,2304,3072,3044676,7077888,0.4302
ISIC_0000391,val,42,ISIC 2018 Task 1 Training (2594),ISIC_0000391.jpg,ISIC_0000391_segmentation.png,2304,3072,2694690,7077888,0.3807
ISIC_0000392,train,42,ISIC 2018 Task 1 Training (2594),ISIC_0000392.jpg,ISIC_0000392_segmentation.png,2304,3072,1968675,7077888,0.2781
ISIC_0000393,val,42,ISIC 2018 Task 1 Training (2594),ISIC_0000393.jpg,ISIC_0000393_segmentation.png,2304,3072,3805013,7077888,0.5376
ISIC_0000395,train,42,ISIC 2018 Task 1 Training (2594),ISIC_0000395.jpg,ISIC_0000395_segmentation.png,2304,3072,2955462,7077888,0.4176
ISIC_0000396,train,42,ISIC 2018 Task 1 Training (2594),ISIC_0000396.jpg,ISIC_0000396_segmentation.png,2000,2565,1675956,5130000,0.3267
ISIC_0000397,train,42,ISIC 2018 Task 1 Training (2594),ISIC_0000397.jpg,ISIC_0000397_segmentation.png,2304,3072,1581690,7077888,0.2235
ISIC_0000403,train,42,ISIC 2018 Task 1 Training (2594),ISIC_0000403.jpg,ISIC_0000403_segmentation.png,2304,3072,917027,7077888,0.1296
ISIC_0000407,train,42,ISIC 2018 Task 1 Training (2594),ISIC_0000407.jpg,ISIC_0000407_segmentation.png,2304,3072,2253633,7077888,0.3184
ISIC_0000408,train,42,ISIC 2018 Task 1 Training (2594),ISIC_0000408.jpg,ISIC_0000408_segmentation.png,2304,3072,4779093,7077888,0.6752
ISIC_0000409,train,42,ISIC 2018 Task 1 Training (2594),ISIC_0000409.jpg,ISIC_0000409_segmentation.png,1909,2601,444004,4965309,0.0894
ISIC_0000410,train,42,ISIC 2018 Task 1 Training (2594),ISIC_0000410.jpg,ISIC_0000410_segmentation.png,1985,2313,794146,4591305,0.173
ISIC_0000412,train,42,ISIC 2018 Task 1 Training (2594),ISIC_0000412.jpg,ISIC_0000412_segmentation.png,2185,2597,2180844,5674445,0.3843
ISIC_0000413,train,42,ISIC 2018 Task 1 Training (2594),ISIC_0000413.jpg,ISIC_0000413_segmentation.png,2304,3072,3320135,7077888,0.4691
ISIC_0000415,train,42,ISIC 2018 Task 1 Training (2594),ISIC_0000415.jpg,ISIC_0000415_segmentation.png,2304,3072,3597579,7077888,0.5083
ISIC_0000416,train,42,ISIC 2018 Task 1 Training (2594),ISIC_0000416.jpg,ISIC_0000416_segmentation.png,2304,3072,936235,7077888,0.1323
ISIC_0000418,train,42,ISIC 2018 Task 1 Training (2594),ISIC_0000418.jpg,ISIC_0000418_segmentation.png,2304,3072,1553841,7077888,0.2195
ISIC_0000419,train,42,ISIC 2018 Task 1 Training (2594),ISIC_0000419.jpg,ISIC_0000419_segmentation.png,2304,3072,2325885,7077888,0.3286
ISIC_0000420,train,42,ISIC 2018 Task 1 Training (2594),ISIC_0000420.jpg,ISIC_0000420_segmentation.png,2304,3072,1607637,7077888,0.2271
ISIC_0000421,train,42,ISIC 2018 Task 1 Training (2594),ISIC_0000421.jpg,ISIC_0000421_segmentation.png,2304,3072,1258165,7077888,0.1778
ISIC_0000423,train,42,ISIC 2018 Task 1 Training (2594),ISIC_0000423.jpg,ISIC_0000423_segmentation.png,2304,3072,2280595,7077888,0.3222
ISIC_0000425,train,42,ISIC 2018 Task 1 Training (2594),ISIC_0000425.jpg,ISIC_0000425_segmentation.png,2304,3072,3009326,7077888,0.4252
ISIC_0000426,val,42,ISIC 2018 Task 1 Training (2594),ISIC_0000426.jpg,ISIC_0000426_segmentation.png,2304,3072,3975531,7077888,0.5617
ISIC_0000427,train,42,ISIC 2018 Task 1 Training (2594),ISIC_0000427.jpg,ISIC_0000427_segmentation.png,2304,3072,1949009,7077888,0.2754
ISIC_0000431,train,42,ISIC 2018 Task 1 Training (2594),ISIC_0000431.jpg,ISIC_0000431_segmentation.png,2304,3072,788514,7077888,0.1114
ISIC_0000433,train,42,ISIC 2018 Task 1 Training (2594),ISIC_0000433.jpg,ISIC_0000433_segmentation.png,2304,3072,4065978,7077888,0.5745
ISIC_0000434,train,42,ISIC 2018 Task 1 Training (2594),ISIC_0000434.jpg,ISIC_0000434_segmentation.png,2304,3072,2041254,7077888,0.2884
ISIC_0000436,train,42,ISIC 2018 Task 1 Training (2594),ISIC_0000436.jpg,ISIC_0000436_segmentation.png,2304,3072,3591036,7077888,0.5074
ISIC_0000439,train,42,ISIC 2018 Task 1 Training (2594),ISIC_0000439.jpg,ISIC_0000439_segmentation.png,2304,3072,545065,7077888,0.077
ISIC_0000442,train,42,ISIC 2018 Task 1 Training (2594),ISIC_0000442.jpg,ISIC_0000442_segmentation.png,2304,3072,1401502,7077888,0.198
ISIC_0000443,train,42,ISIC 2018 Task 1 Training (2594),ISIC_0000443.jpg,ISIC_0000443_segmentation.png,2304,3072,735723,7077888,0.1039
ISIC_0000444,train,42,ISIC 2018 Task 1 Training (2594),ISIC_0000444.jpg,ISIC_0000444_segmentation.png,2304,3072,729387,7077888,0.1031
ISIC_0000447,train,42,ISIC 2018 Task 1 Training (2594),ISIC_0000447.jpg,ISIC_0000447_segmentation.png,1956,2012,305481,3935472,0.0776
ISIC_0000448,train,42,ISIC 2018 Task 1 Training (2594),ISIC_0000448.jpg,ISIC_0000448_segmentation.png,2304,3072,1375821,7077888,0.1944
ISIC_0000449,train,42,ISIC 2018 Task 1 Training (2594),ISIC_0000449.jpg,ISIC_0000449_segmentation.png,2304,3072,246871,7077888,0.0349
ISIC_0000451,val,42,ISIC 2018 Task 1 Training (2594),ISIC_0000451.jpg,ISIC_0000451_segmentation.png,2304,3072,1150479,7077888,0.1625
ISIC_0000453,train,42,ISIC 2018 Task 1 Training (2594),ISIC_0000453.jpg,ISIC_0000453_segmentation.png,2304,3072,1641874,7077888,0.232
ISIC_0000455,train,42,ISIC 2018 Task 1 Training (2594),ISIC_0000455.jpg,ISIC_0000455_segmentation.png,1824,2283,1168459,4164192,0.2806
ISIC_0000456,train,42,ISIC 2018 Task 1 Training (2594),ISIC_0000456.jpg,ISIC_0000456_segmentation.png,2304,3072,1844727,7077888,0.2606
ISIC_0000457,train,42,ISIC 2018 Task 1 Training (2594),ISIC_0000457.jpg,ISIC_0000457_segmentation.png,753,1028,277024,774084,0.3579
ISIC_0000458,train,42,ISIC 2018 Task 1 Training (2594),ISIC_0000458.jpg,ISIC_0000458_segmentation.png,802,919,183760,737038,0.2493
ISIC_0000460,train,42,ISIC 2018 Task 1 Training (2594),ISIC_0000460.jpg,ISIC_0000460_segmentation.png,802,919,130152,737038,0.1766
ISIC_0000461,train,42,ISIC 2018 Task 1 Training (2594),ISIC_0000461.jpg,ISIC_0000461_segmentation.png,802,919,242156,737038,0.3286
ISIC_0000463,train,42,ISIC 2018 Task 1 Training (2594),ISIC_0000463.jpg,ISIC_0000463_segmentation.png,2000,3008,1749824,6016000,0.2909
ISIC_0000465,val,42,ISIC 2018 Task 1 Training (2594),ISIC_0000465.jpg,ISIC_0000465_segmentation.png,802,919,114766,737038,0.1557
ISIC_0000466,val,42,ISIC 2018 Task 1 Training (2594),ISIC_0000466.jpg,ISIC_0000466_segmentation.png,802,919,254497,737038,0.3453
ISIC_0000469,train,42,ISIC 2018 Task 1 Training (2594),ISIC_0000469.jpg,ISIC_0000469_segmentation.png,802,919,194504,737038,0.2639
ISIC_0000470,train,42,ISIC 2018 Task 1 Training (2594),ISIC_0000470.jpg,ISIC_0000470_segmentation.png,802,919,128085,737038,0.1738
ISIC_0000471,train,42,ISIC 2018 Task 1 Training (2594),ISIC_0000471.jpg,ISIC_0000471_segmentation.png,802,919,107980,737038,0.1465
ISIC_0000473,train,42,ISIC 2018 Task 1 Training (2594),ISIC_0000473.jpg,ISIC_0000473_segmentation.png,2000,3008,1038908,6016000,0.1727
ISIC_0000474,train,42,ISIC 2018 Task 1 Training (2594),ISIC_0000474.jpg,ISIC_0000474_segmentation.png,802,919,360466,737038,0.4891
ISIC_0000476,train,42,ISIC 2018 Task 1 Training (2594),ISIC_0000476.jpg,ISIC_0000476_segmentation.png,802,919,339915,737038,0.4612
ISIC_0000477,train,42,ISIC 2018 Task 1 Training (2594),ISIC_0000477.jpg,ISIC_0000477_segmentation.png,802,919,273766,737038,0.3714
ISIC_0000479,train,42,ISIC 2018 Task 1 Training (2594),ISIC_0000479.jpg,ISIC_0000479_segmentation.png,802,919,368326,737038,0.4997
ISIC_0000480,train,42,ISIC 2018 Task 1 Training (2594),ISIC_0000480.jpg,ISIC_0000480_segmentation.png,802,919,143045,737038,0.1941
ISIC_0000481,train,42,ISIC 2018 Task 1 Training (2594),ISIC_0000481.jpg,ISIC_0000481_segmentation.png,802,919,507784,737038,0.689
ISIC_0000482,train,42,ISIC 2018 Task 1 Training (2594),ISIC_0000482.jpg,ISIC_0000482_segmentation.png,802,919,178016,737038,0.2415
ISIC_0000483,val,42,ISIC 2018 Task 1 Training (2594),ISIC_0000483.jpg,ISIC_0000483_segmentation.png,802,919,232226,737038,0.3151
ISIC_0000484,val,42,ISIC 2018 Task 1 Training (2594),ISIC_0000484.jpg,ISIC_0000484_segmentation.png,802,919,387287,737038,0.5255
ISIC_0000485,train,42,ISIC 2018 Task 1 Training (2594),ISIC_0000485.jpg,ISIC_0000485_segmentation.png,802,919,451527,737038,0.6126
ISIC_0000486,train,42,ISIC 2018 Task 1 Training (2594),ISIC_0000486.jpg,ISIC_0000486_segmentation.png,802,919,135183,737038,0.1834
ISIC_0000487,val,42,ISIC 2018 Task 1 Training (2594),ISIC_0000487.jpg,ISIC_0000487_segmentation.png,802,919,299143,737038,0.4059
ISIC_0000488,val,42,ISIC 2018 Task 1 Training (2594),ISIC_0000488.jpg,ISIC_0000488_segmentation.png,802,919,121823,737038,0.1653
ISIC_0000489,val,42,ISIC 2018 Task 1 Training (2594),ISIC_0000489.jpg,ISIC_0000489_segmentation.png,802,919,205749,737038,0.2792
ISIC_0000490,train,42,ISIC 2018 Task 1 Training (2594),ISIC_0000490.jpg,ISIC_0000490_segmentation.png,802,919,219271,737038,0.2975
ISIC_0000491,val,42,ISIC 2018 Task 1 Training (2594),ISIC_0000491.jpg,ISIC_0000491_segmentation.png,802,919,382993,737038,0.5196
ISIC_0000492,val,42,ISIC 2018 Task 1 Training (2594),ISIC_0000492.jpg,ISIC_0000492_segmentation.png,802,919,115393,737038,0.1566
ISIC_0000493,train,42,ISIC 2018 Task 1 Training (2594),ISIC_0000493.jpg,ISIC_0000493_segmentation.png,802,919,334997,737038,0.4545
ISIC_0000494,train,42,ISIC 2018 Task 1 Training (2594),ISIC_0000494.jpg,ISIC_0000494_segmentation.png,802,919,100829,737038,0.1368
ISIC_0000495,val,42,ISIC 2018 Task 1 Training (2594),ISIC_0000495.jpg,ISIC_0000495_segmentation.png,802,919,154109,737038,0.2091
ISIC_0000496,train,42,ISIC 2018 Task 1 Training (2594),ISIC_0000496.jpg,ISIC_0000496_segmentation.png,717,1019,180986,730623,0.2477
ISIC_0000498,train,42,ISIC 2018 Task 1 Training (2594),ISIC_0000498.jpg,ISIC_0000498_segmentation.png,802,919,216115,737038,0.2932
ISIC_0000499,train,42,ISIC 2018 Task 1 Training (2594),ISIC_0000499.jpg,ISIC_0000499_segmentation.png,802,919,114693,737038,0.1556
ISIC_0000500,train,42,ISIC 2018 Task 1 Training (2594),ISIC_0000500.jpg,ISIC_0000500_segmentation.png,802,919,156284,737038,0.212
ISIC_0000501,train,42,ISIC 2018 Task 1 Training (2594),ISIC_0000501.jpg,ISIC_0000501_segmentation.png,802,919,130659,737038,0.1773
ISIC_0000503,train,42,ISIC 2018 Task 1 Training (2594),ISIC_0000503.jpg,ISIC_0000503_segmentation.png,802,919,174632,737038,0.2369
ISIC_0000504,train,42,ISIC 2018 Task 1 Training (2594),ISIC_0000504.jpg,ISIC_0000504_segmentation.png,2592,3872,1271507,10036224,0.1267
ISIC_0000505,train,42,ISIC 2018 Task 1 Training (2594),ISIC_0000505.jpg,ISIC_0000505_segmentation.png,802,919,111375,737038,0.1511
ISIC_0000506,val,42,ISIC 2018 Task 1 Training (2594),ISIC_0000506.jpg,ISIC_0000506_segmentation.png,802,919,75417,737038,0.1023
ISIC_0000507,train,42,ISIC 2018 Task 1 Training (2594),ISIC_0000507.jpg,ISIC_0000507_segmentation.png,717,1019,185860,730623,0.2544
ISIC_0000508,train,42,ISIC 2018 Task 1 Training (2594),ISIC_0000508.jpg,ISIC_0000508_segmentation.png,717,1019,140533,730623,0.1923
ISIC_0000509,train,42,ISIC 2018 Task 1 Training (2594),ISIC_0000509.jpg,ISIC_0000509_segmentation.png,802,919,220822,737038,0.2996
ISIC_0000510,train,42,ISIC 2018 Task 1 Training (2594),ISIC_0000510.jpg,ISIC_0000510_segmentation.png,802,919,220002,737038,0.2985
ISIC_0000511,val,42,ISIC 2018 Task 1 Training (2594),ISIC_0000511.jpg,ISIC_0000511_segmentation.png,802,919,375134,737038,0.509
ISIC_0000513,val,42,ISIC 2018 Task 1 Training (2594),ISIC_0000513.jpg,ISIC_0000513_segmentation.png,802,919,194402,737038,0.2638
ISIC_0000514,train,42,ISIC 2018 Task 1 Training (2594),ISIC_0000514.jpg,ISIC_0000514_segmentation.png,802,919,95852,737038,0.1301
ISIC_0000515,train,42,ISIC 2018 Task 1 Training (2594),ISIC_0000515.jpg,ISIC_0000515_segmentation.png,802,919,333611,737038,0.4526
ISIC_0000517,train,42,ISIC 2018 Task 1 Training (2594),ISIC_0000517.jpg,ISIC_0000517_segmentation.png,802,919,565032,737038,0.7666
ISIC_0000518,train,42,ISIC 2018 Task 1 Training (2594),ISIC_0000518.jpg,ISIC_0000518_segmentation.png,802,919,137914,737038,0.1871
ISIC_0000519,train,42,ISIC 2018 Task 1 Training (2594),ISIC_0000519.jpg,ISIC_0000519_segmentation.png,2304,3072,3377877,7077888,0.4772
ISIC_0000520,train,42,ISIC 2018 Task 1 Training (2594),ISIC_0000520.jpg,ISIC_0000520_segmentation.png,2304,3072,1105089,7077888,0.1561
ISIC_0000521,train,42,ISIC 2018 Task 1 Training (2594),ISIC_0000521.jpg,ISIC_0000521_segmentation.png,2304,3072,3792195,7077888,0.5358
ISIC_0000522,train,42,ISIC 2018 Task 1 Training (2594),ISIC_0000522.jpg,ISIC_0000522_segmentation.png,802,919,200661,737038,0.2723
ISIC_0000523,train,42,ISIC 2018 Task 1 Training (2594),ISIC_0000523.jpg,ISIC_0000523_segmentation.png,802,919,159568,737038,0.2165
ISIC_0000524,train,42,ISIC 2018 Task 1 Training (2594),ISIC_0000524.jpg,ISIC_0000524_segmentation.png,802,919,230319,737038,0.3125
ISIC_0000525,train,42,ISIC 2018 Task 1 Training (2594),ISIC_0000525.jpg,ISIC_0000525_segmentation.png,711,1007,264717,715977,0.3697
ISIC_0000527,train,42,ISIC 2018 Task 1 Training (2594),ISIC_0000527.jpg,ISIC_0000527_segmentation.png,713,1011,172439,720843,0.2392
ISIC_0000528,train,42,ISIC 2018 Task 1 Training (2594),ISIC_0000528.jpg,ISIC_0000528_segmentation.png,711,1008,96649,716688,0.1349
ISIC_0000529,train,42,ISIC 2018 Task 1 Training (2594),ISIC_0000529.jpg,ISIC_0000529_segmentation.png,753,1028,306583,774084,0.3961
ISIC_0000530,train,42,ISIC 2018 Task 1 Training (2594),ISIC_0000530.jpg,ISIC_0000530_segmentation.png,802,919,171657,737038,0.2329
ISIC_0000531,train,42,ISIC 2018 Task 1 Training (2594),ISIC_0000531.jpg,ISIC_0000531_segmentation.png,802,919,137146,737038,0.1861
ISIC_0000532,train,42,ISIC 2018 Task 1 Training (2594),ISIC_0000532.jpg,ISIC_0000532_segmentation.png,802,919,156042,737038,0.2117
ISIC_0000533,train,42,ISIC 2018 Task 1 Training (2594),ISIC_0000533.jpg,ISIC_0000533_segmentation.png,682,1016,261582,692912,0.3775
ISIC_0000534,train,42,ISIC 2018 Task 1 Training (2594),ISIC_0000534.jpg,ISIC_0000534_segmentation.png,719,824,254215,592456,0.4291
ISIC_0000535,train,42,ISIC 2018 Task 1 Training (2594),ISIC_0000535.jpg,ISIC_0000535_segmentation.png,719,824,125155,592456,0.2112
ISIC_0000536,train,42,ISIC 2018 Task 1 Training (2594),ISIC_0000536.jpg,ISIC_0000536_segmentation.png,682,796,34306,542872,0.0632
ISIC_0000537,train,42,ISIC 2018 Task 1 Training (2594),ISIC_0000537.jpg,ISIC_0000537_segmentation.png,719,824,232931,592456,0.3932
ISIC_0000538,train,42,ISIC 2018 Task 1 Training (2594),ISIC_0000538.jpg,ISIC_0000538_segmentation.png,719,824,101644,592456,0.1716
ISIC_0000539,train,42,ISIC 2018 Task 1 Training (2594),ISIC_0000539.jpg,ISIC_0000539_segmentation.png,719,824,328438,592456,0.5544
ISIC_0000540,train,42,ISIC 2018 Task 1 Training (2594),ISIC_0000540.jpg,ISIC_0000540_segmentation.png,719,824,303841,592456,0.5128
ISIC_0000541,train,42,ISIC 2018 Task 1 Training (2594),ISIC_0000541.jpg,ISIC_0000541_segmentation.png,719,824,187114,592456,0.3158
ISIC_0000542,train,42,ISIC 2018 Task 1 Training (2594),ISIC_0000542.jpg,ISIC_0000542_segmentation.png,719,824,251735,592456,0.4249
ISIC_0000543,train,42,ISIC 2018 Task 1 Training (2594),ISIC_0000543.jpg,ISIC_0000543_segmentation.png,680,853,166945,580040,0.2878
ISIC_0000544,train,42,ISIC 2018 Task 1 Training (2594),ISIC_0000544.jpg,ISIC_0000544_segmentation.png,719,824,149971,592456,0.2531
ISIC_0000545,train,42,ISIC 2018 Task 1 Training (2594),ISIC_0000545.jpg,ISIC_0000545_segmentation.png,719,824,233913,592456,0.3948
ISIC_0000546,train,42,ISIC 2018 Task 1 Training (2594),ISIC_0000546.jpg,ISIC_0000546_segmentation.png,719,824,197884,592456,0.334
ISIC_0000547,train,42,ISIC 2018 Task 1 Training (2594),ISIC_0000547.jpg,ISIC_0000547_segmentation.png,719,824,304696,592456,0.5143
ISIC_0000548,train,42,ISIC 2018 Task 1 Training (2594),ISIC_0000548.jpg,ISIC_0000548_segmentation.png,750,771,129206,578250,0.2234
ISIC_0000549,val,42,ISIC 2018 Task 1 Training (2594),ISIC_0000549.jpg,ISIC_0000549_segmentation.png,719,824,315054,592456,0.5318
ISIC_0000550,train,42,ISIC 2018 Task 1 Training (2594),ISIC_0000550.jpg,ISIC_0000550_segmentation.png,719,824,221473,592456,0.3738
ISIC_0000552,train,42,ISIC 2018 Task 1 Training (2594),ISIC_0000552.jpg,ISIC_0000552_segmentation.png,566,679,212146,384314,0.552
ISIC_0000554,val,42,ISIC 2018 Task 1 Training (2594),ISIC_0000554.jpg,ISIC_0000554_segmentation.png,719,824,201485,592456,0.3401
ISIC_0000555,train,42,ISIC 2018 Task 1 Training (2594),ISIC_0000555.jpg,ISIC_0000555_segmentation.png,680,833,110212,566440,0.1946
ISIC_0000556,train,42,ISIC 2018 Task 1 Training (2594),ISIC_0000556.jpg,ISIC_0000556_segmentation.png,719,824,302489,592456,0.5106
ISIC_0000882,train,42,ISIC 2018 Task 1 Training (2594),ISIC_0000882.jpg,ISIC_0000882_segmentation.png,2016,3024,564136,6096384,0.0925
ISIC_0000900,val,42,ISIC 2018 Task 1 Training (2594),ISIC_0000900.jpg,ISIC_0000900_segmentation.png,2016,3024,416847,6096384,0.0684
ISIC_0000999,train,42,ISIC 2018 Task 1 Training (2594),ISIC_0000999.jpg,ISIC_0000999_segmentation.png,2016,3024,523620,6096384,0.0859
ISIC_0001100,train,42,ISIC 2018 Task 1 Training (2594),ISIC_0001100.jpg,ISIC_0001100_segmentation.png,2304,3072,1085138,7077888,0.1533
ISIC_0001102,train,42,ISIC 2018 Task 1 Training (2594),ISIC_0001102.jpg,ISIC_0001102_segmentation.png,2304,3072,3188981,7077888,0.4506
ISIC_0001103,train,42,ISIC 2018 Task 1 Training (2594),ISIC_0001103.jpg,ISIC_0001103_segmentation.png,2592,3872,1950436,10036224,0.1943
ISIC_0001105,train,42,ISIC 2018 Task 1 Training (2594),ISIC_0001105.jpg,ISIC_0001105_segmentation.png,2304,3072,1019454,7077888,0.144
ISIC_0001106,train,42,ISIC 2018 Task 1 Training (2594),ISIC_0001106.jpg,ISIC_0001106_segmentation.png,2592,3872,2490021,10036224,0.2481
ISIC_0001118,val,42,ISIC 2018 Task 1 Training (2594),ISIC_0001118.jpg,ISIC_0001118_segmentation.png,2592,3872,5993452,10036224,0.5972
ISIC_0001119,train,42,ISIC 2018 Task 1 Training (2594),ISIC_0001119.jpg,ISIC_0001119_segmentation.png,2304,3072,390654,7077888,0.0552
ISIC_0001126,train,42,ISIC 2018 Task 1 Training (2594),ISIC_0001126.jpg,ISIC_0001126_segmentation.png,2304,3072,1453473,7077888,0.2054
ISIC_0001128,val,42,ISIC 2018 Task 1 Training (2594),ISIC_0001128.jpg,ISIC_0001128_segmentation.png,2304,3072,1247632,7077888,0.1763
ISIC_0001131,train,42,ISIC 2018 Task 1 Training (2594),ISIC_0001131.jpg,ISIC_0001131_segmentation.png,2304,3072,2427916,7077888,0.343
ISIC_0001133,train,42,ISIC 2018 Task 1 Training (2594),ISIC_0001133.jpg,ISIC_0001133_segmentation.png,2304,3072,1715724,7077888,0.2424
ISIC_0001134,train,42,ISIC 2018 Task 1 Training (2594),ISIC_0001134.jpg,ISIC_0001134_segmentation.png,2304,3072,576768,7077888,0.0815
ISIC_0001140,train,42,ISIC 2018 Task 1 Training (2594),ISIC_0001140.jpg,ISIC_0001140_segmentation.png,1936,1936,1103789,3748096,0.2945
ISIC_0001142,val,42,ISIC 2018 Task 1 Training (2594),ISIC_0001142.jpg,ISIC_0001142_segmentation.png,2304,3072,3484636,7077888,0.4923
ISIC_0001148,train,42,ISIC 2018 Task 1 Training (2594),ISIC_0001148.jpg,ISIC_0001148_segmentation.png,2304,3072,2035005,7077888,0.2875
ISIC_0001152,train,42,ISIC 2018 Task 1 Training (2594),ISIC_0001152.jpg,ISIC_0001152_segmentation.png,1296,1936,1525097,2509056,0.6078
ISIC_0001163,train,42,ISIC 2018 Task 1 Training (2594),ISIC_0001163.jpg,ISIC_0001163_segmentation.png,2016,3024,596031,6096384,0.0978
ISIC_0001181,train,42,ISIC 2018 Task 1 Training (2594),ISIC_0001181.jpg,ISIC_0001181_segmentation.png,2848,4288,378959,12212224,0.031
ISIC_0001184,train,42,ISIC 2018 Task 1 Training (2594),ISIC_0001184.jpg,ISIC_0001184_segmentation.png,2848,4288,594587,12212224,0.0487
ISIC_0001185,train,42,ISIC 2018 Task 1 Training (2594),ISIC_0001185.jpg,ISIC_0001185_segmentation.png,2848,4288,510235,12212224,0.0418
ISIC_0001186,train,42,ISIC 2018 Task 1 Training (2594),ISIC_0001186.jpg,ISIC_0001186_segmentation.png,2848,4288,381005,12212224,0.0312
ISIC_0001188,train,42,ISIC 2018 Task 1 Training (2594),ISIC_0001188.jpg,ISIC_0001188_segmentation.png,2848,4288,461062,12212224,0.0378
ISIC_0001190,train,42,ISIC 2018 Task 1 Training (2594),ISIC_0001190.jpg,ISIC_0001190_segmentation.png,2848,4288,366485,12212224,0.03
ISIC_0001191,train,42,ISIC 2018 Task 1 Training (2594),ISIC_0001191.jpg,ISIC_0001191_segmentation.png,2848,4288,315252,12212224,0.0258
ISIC_0001204,train,42,ISIC 2018 Task 1 Training (2594),ISIC_0001204.jpg,ISIC_0001204_segmentation.png,2016,3024,608876,6096384,0.0999
ISIC_0001212,train,42,ISIC 2018 Task 1 Training (2594),ISIC_0001212.jpg,ISIC_0001212_segmentation.png,2848,4288,1295324,12212224,0.1061
ISIC_0001213,val,42,ISIC 2018 Task 1 Training (2594),ISIC_0001213.jpg,ISIC_0001213_segmentation.png,2848,4288,513685,12212224,0.0421
ISIC_0001216,val,42,ISIC 2018 Task 1 Training (2594),ISIC_0001216.jpg,ISIC_0001216_segmentation.png,2848,4288,414408,12212224,0.0339
ISIC_0001242,train,42,ISIC 2018 Task 1 Training (2594),ISIC_0001242.jpg,ISIC_0001242_segmentation.png,2848,4288,366687,12212224,0.03
ISIC_0001247,train,42,ISIC 2018 Task 1 Training (2594),ISIC_0001247.jpg,ISIC_0001247_segmentation.png,2016,3024,350173,6096384,0.0574
ISIC_0001254,train,42,ISIC 2018 Task 1 Training (2594),ISIC_0001254.jpg,ISIC_0001254_segmentation.png,2016,3024,409061,6096384,0.0671
ISIC_0001262,val,42,ISIC 2018 Task 1 Training (2594),ISIC_0001262.jpg,ISIC_0001262_segmentation.png,2016,3024,286617,6096384,0.047
ISIC_0001267,train,42,ISIC 2018 Task 1 Training (2594),ISIC_0001267.jpg,ISIC_0001267_segmentation.png,2016,3024,350402,6096384,0.0575
ISIC_0001275,train,42,ISIC 2018 Task 1 Training (2594),ISIC_0001275.jpg,ISIC_0001275_segmentation.png,2016,3024,341147,6096384,0.056
ISIC_0001286,train,42,ISIC 2018 Task 1 Training (2594),ISIC_0001286.jpg,ISIC_0001286_segmentation.png,2016,3024,365789,6096384,0.06
ISIC_0001292,val,42,ISIC 2018 Task 1 Training (2594),ISIC_0001292.jpg,ISIC_0001292_segmentation.png,2016,3024,333134,6096384,0.0546
ISIC_0001296,train,42,ISIC 2018 Task 1 Training (2594),ISIC_0001296.jpg,ISIC_0001296_segmentation.png,2016,3024,328165,6096384,0.0538
ISIC_0001299,train,42,ISIC 2018 Task 1 Training (2594),ISIC_0001299.jpg,ISIC_0001299_segmentation.png,2016,3024,378768,6096384,0.0621
ISIC_0001306,val,42,ISIC 2018 Task 1 Training (2594),ISIC_0001306.jpg,ISIC_0001306_segmentation.png,2016,3024,204898,6096384,0.0336
ISIC_0001367,train,42,ISIC 2018 Task 1 Training (2594),ISIC_0001367.jpg,ISIC_0001367_segmentation.png,2016,3024,383927,6096384,0.063
ISIC_0001372,train,42,ISIC 2018 Task 1 Training (2594),ISIC_0001372.jpg,ISIC_0001372_segmentation.png,2016,3024,364723,6096384,0.0598
ISIC_0001374,val,42,ISIC 2018 Task 1 Training (2594),ISIC_0001374.jpg,ISIC_0001374_segmentation.png,2016,3024,441399,6096384,0.0724
ISIC_0001385,train,42,ISIC 2018 Task 1 Training (2594),ISIC_0001385.jpg,ISIC_0001385_segmentation.png,2016,3024,455763,6096384,0.0748
ISIC_0001423,val,42,ISIC 2018 Task 1 Training (2594),ISIC_0001423.jpg,ISIC_0001423_segmentation.png,2016,3024,454655,6096384,0.0746
ISIC_0001427,train,42,ISIC 2018 Task 1 Training (2594),ISIC_0001427.jpg,ISIC_0001427_segmentation.png,2016,3024,397939,6096384,0.0653
ISIC_0001442,train,42,ISIC 2018 Task 1 Training (2594),ISIC_0001442.jpg,ISIC_0001442_segmentation.png,2016,3024,481113,6096384,0.0789
ISIC_0001449,train,42,ISIC 2018 Task 1 Training (2594),ISIC_0001449.jpg,ISIC_0001449_segmentation.png,2016,3024,319036,6096384,0.0523
ISIC_0001769,train,42,ISIC 2018 Task 1 Training (2594),ISIC_0001769.jpg,ISIC_0001769_segmentation.png,2016,3024,217079,6096384,0.0356
ISIC_0001852,train,42,ISIC 2018 Task 1 Training (2594),ISIC_0001852.jpg,ISIC_0001852_segmentation.png,2016,3024,131212,6096384,0.0215
ISIC_0001871,val,42,ISIC 2018 Task 1 Training (2594),ISIC_0001871.jpg,ISIC_0001871_segmentation.png,2016,3024,206061,6096384,0.0338
ISIC_0001960,train,42,ISIC 2018 Task 1 Training (2594),ISIC_0001960.jpg,ISIC_0001960_segmentation.png,2016,3024,289911,6096384,0.0476
ISIC_0002093,val,42,ISIC 2018 Task 1 Training (2594),ISIC_0002093.jpg,ISIC_0002093_segmentation.png,2016,3024,1247380,6096384,0.2046
ISIC_0002107,train,42,ISIC 2018 Task 1 Training (2594),ISIC_0002107.jpg,ISIC_0002107_segmentation.png,2016,3024,818578,6096384,0.1343
ISIC_0002206,train,42,ISIC 2018 Task 1 Training (2594),ISIC_0002206.jpg,ISIC_0002206_segmentation.png,2016,3024,305607,6096384,0.0501
ISIC_0002246,val,42,ISIC 2018 Task 1 Training (2594),ISIC_0002246.jpg,ISIC_0002246_segmentation.png,2016,3024,430960,6096384,0.0707
ISIC_0002251,train,42,ISIC 2018 Task 1 Training (2594),ISIC_0002251.jpg,ISIC_0002251_segmentation.png,2016,3024,669620,6096384,0.1098
ISIC_0002287,train,42,ISIC 2018 Task 1 Training (2594),ISIC_0002287.jpg,ISIC_0002287_segmentation.png,2016,3024,698767,6096384,0.1146
ISIC_0002353,train,42,ISIC 2018 Task 1 Training (2594),ISIC_0002353.jpg,ISIC_0002353_segmentation.png,2016,3024,423512,6096384,0.0695
ISIC_0002374,train,42,ISIC 2018 Task 1 Training (2594),ISIC_0002374.jpg,ISIC_0002374_segmentation.png,2016,3024,314630,6096384,0.0516
ISIC_0002438,train,42,ISIC 2018 Task 1 Training (2594),ISIC_0002438.jpg,ISIC_0002438_segmentation.png,2016,3024,450791,6096384,0.0739
ISIC_0002439,train,42,ISIC 2018 Task 1 Training (2594),ISIC_0002439.jpg,ISIC_0002439_segmentation.png,2016,3024,545005,6096384,0.0894
ISIC_0002453,train,42,ISIC 2018 Task 1 Training (2594),ISIC_0002453.jpg,ISIC_0002453_segmentation.png,2016,3024,377033,6096384,0.0618
ISIC_0002459,train,42,ISIC 2018 Task 1 Training (2594),ISIC_0002459.jpg,ISIC_0002459_segmentation.png,2016,3024,533761,6096384,0.0876
ISIC_0002469,val,42,ISIC 2018 Task 1 Training (2594),ISIC_0002469.jpg,ISIC_0002469_segmentation.png,2016,3024,540363,6096384,0.0886
ISIC_0002476,train,42,ISIC 2018 Task 1 Training (2594),ISIC_0002476.jpg,ISIC_0002476_segmentation.png,2016,3024,398257,6096384,0.0653
ISIC_0002488,train,42,ISIC 2018 Task 1 Training (2594),ISIC_0002488.jpg,ISIC_0002488_segmentation.png,2016,3024,306409,6096384,0.0503
ISIC_0002489,train,42,ISIC 2018 Task 1 Training (2594),ISIC_0002489.jpg,ISIC_0002489_segmentation.png,2016,3024,513506,6096384,0.0842
ISIC_0002616,train,42,ISIC 2018 Task 1 Training (2594),ISIC_0002616.jpg,ISIC_0002616_segmentation.png,2848,4288,391865,12212224,0.0321
ISIC_0002647,train,42,ISIC 2018 Task 1 Training (2594),ISIC_0002647.jpg,ISIC_0002647_segmentation.png,2848,4288,497973,12212224,0.0408
ISIC_0002673,train,42,ISIC 2018 Task 1 Training (2594),ISIC_0002673.jpg,ISIC_0002673_segmentation.png,2016,3024,339049,6096384,0.0556
ISIC_0002780,train,42,ISIC 2018 Task 1 Training (2594),ISIC_0002780.jpg,ISIC_0002780_segmentation.png,2848,4288,678566,12212224,0.0556
ISIC_0002806,train,42,ISIC 2018 Task 1 Training (2594),ISIC_0002806.jpg,ISIC_0002806_segmentation.png,2848,4288,1573906,12212224,0.1289
ISIC_0002829,train,42,ISIC 2018 Task 1 Training (2594),ISIC_0002829.jpg,ISIC_0002829_segmentation.png,2016,3024,516925,6096384,0.0848
ISIC_0002836,train,42,ISIC 2018 Task 1 Training (2594),ISIC_0002836.jpg,ISIC_0002836_segmentation.png,2848,4288,1183370,12212224,0.0969
ISIC_0002871,train,42,ISIC 2018 Task 1 Training (2594),ISIC_0002871.jpg,ISIC_0002871_segmentation.png,2848,4288,489052,12212224,0.04
ISIC_0002879,train,42,ISIC 2018 Task 1 Training (2594),ISIC_0002879.jpg,ISIC_0002879_segmentation.png,2016,3024,474903,6096384,0.0779
ISIC_0002885,val,42,ISIC 2018 Task 1 Training (2594),ISIC_0002885.jpg,ISIC_0002885_segmentation.png,2848,4288,914919,12212224,0.0749
ISIC_0002948,train,42,ISIC 2018 Task 1 Training (2594),ISIC_0002948.jpg,ISIC_0002948_segmentation.png,2016,3024,347247,6096384,0.057
ISIC_0002975,train,42,ISIC 2018 Task 1 Training (2594),ISIC_0002975.jpg,ISIC_0002975_segmentation.png,2848,4288,490530,12212224,0.0402
ISIC_0002976,val,42,ISIC 2018 Task 1 Training (2594),ISIC_0002976.jpg,ISIC_0002976_segmentation.png,2848,4288,486435,12212224,0.0398
ISIC_0003005,train,42,ISIC 2018 Task 1 Training (2594),ISIC_0003005.jpg,ISIC_0003005_segmentation.png,2016,3024,518584,6096384,0.0851
ISIC_0003056,train,42,ISIC 2018 Task 1 Training (2594),ISIC_0003056.jpg,ISIC_0003056_segmentation.png,2848,4288,401872,12212224,0.0329
ISIC_0003174,train,42,ISIC 2018 Task 1 Training (2594),ISIC_0003174.jpg,ISIC_0003174_segmentation.png,2016,3024,288506,6096384,0.0473
ISIC_0003308,train,42,ISIC 2018 Task 1 Training (2594),ISIC_0003308.jpg,ISIC_0003308_segmentation.png,2016,3024,571672,6096384,0.0938
ISIC_0003346,train,42,ISIC 2018 Task 1 Training (2594),ISIC_0003346.jpg,ISIC_0003346_segmentation.png,2848,4288,357200,12212224,0.0292
ISIC_0003462,val,42,ISIC 2018 Task 1 Training (2594),ISIC_0003462.jpg,ISIC_0003462_segmentation.png,2016,3024,161705,6096384,0.0265
ISIC_0003539,train,42,ISIC 2018 Task 1 Training (2594),ISIC_0003539.jpg,ISIC_0003539_segmentation.png,2016,3024,317040,6096384,0.052
ISIC_0003559,train,42,ISIC 2018 Task 1 Training (2594),ISIC_0003559.jpg,ISIC_0003559_segmentation.png,2848,4288,584853,12212224,0.0479
ISIC_0003582,train,42,ISIC 2018 Task 1 Training (2594),ISIC_0003582.jpg,ISIC_0003582_segmentation.png,2016,3024,1074487,6096384,0.1762
ISIC_0003657,val,42,ISIC 2018 Task 1 Training (2594),ISIC_0003657.jpg,ISIC_0003657_segmentation.png,2016,3024,341365,6096384,0.056
ISIC_0003728,train,42,ISIC 2018 Task 1 Training (2594),ISIC_0003728.jpg,ISIC_0003728_segmentation.png,2016,3024,310550,6096384,0.0509
ISIC_0003805,train,42,ISIC 2018 Task 1 Training (2594),ISIC_0003805.jpg,ISIC_0003805_segmentation.png,2016,3024,136852,6096384,0.0224
ISIC_0004110,train,42,ISIC 2018 Task 1 Training (2594),ISIC_0004110.jpg,ISIC_0004110_segmentation.png,2016,3024,812100,6096384,0.1332
ISIC_0004115,train,42,ISIC 2018 Task 1 Training (2594),ISIC_0004115.jpg,ISIC_0004115_segmentation.png,2848,4288,958673,12212224,0.0785
ISIC_0004168,train,42,ISIC 2018 Task 1 Training (2594),ISIC_0004168.jpg,ISIC_0004168_segmentation.png,2848,4288,378226,12212224,0.031
ISIC_0004309,train,42,ISIC 2018 Task 1 Training (2594),ISIC_0004309.jpg,ISIC_0004309_segmentation.png,2848,4288,410111,12212224,0.0336
ISIC_0004337,train,42,ISIC 2018 Task 1 Training (2594),ISIC_0004337.jpg,ISIC_0004337_segmentation.png,2016,3024,208243,6096384,0.0342
ISIC_0004346,train,42,ISIC 2018 Task 1 Training (2594),ISIC_0004346.jpg,ISIC_0004346_segmentation.png,2848,4288,486015,12212224,0.0398
ISIC_0004715,val,42,ISIC 2018 Task 1 Training (2594),ISIC_0004715.jpg,ISIC_0004715_segmentation.png,2016,3024,493139,6096384,0.0809
ISIC_0004985,train,42,ISIC 2018 Task 1 Training (2594),ISIC_0004985.jpg,ISIC_0004985_segmentation.png,2848,4288,681109,12212224,0.0558
ISIC_0005000,train,42,ISIC 2018 Task 1 Training (2594),ISIC_0005000.jpg,ISIC_0005000_segmentation.png,2848,4256,396814,12121088,0.0327
ISIC_0005187,val,42,ISIC 2018 Task 1 Training (2594),ISIC_0005187.jpg,ISIC_0005187_segmentation.png,2016,3024,344889,6096384,0.0566
ISIC_0005247,val,42,ISIC 2018 Task 1 Training (2594),ISIC_0005247.jpg,ISIC_0005247_segmentation.png,2016,3024,580708,6096384,0.0953
ISIC_0005548,train,42,ISIC 2018 Task 1 Training (2594),ISIC_0005548.jpg,ISIC_0005548_segmentation.png,2016,3024,704360,6096384,0.1155
ISIC_0005555,train,42,ISIC 2018 Task 1 Training (2594),ISIC_0005555.jpg,ISIC_0005555_segmentation.png,2016,3024,489896,6096384,0.0804
ISIC_0005620,train,42,ISIC 2018 Task 1 Training (2594),ISIC_0005620.jpg,ISIC_0005620_segmentation.png,2016,3024,397853,6096384,0.0653
ISIC_0005639,train,42,ISIC 2018 Task 1 Training (2594),ISIC_0005639.jpg,ISIC_0005639_segmentation.png,2016,3024,1138775,6096384,0.1868
ISIC_0005666,train,42,ISIC 2018 Task 1 Training (2594),ISIC_0005666.jpg,ISIC_0005666_segmentation.png,2016,3024,509178,6096384,0.0835
ISIC_0005787,val,42,ISIC 2018 Task 1 Training (2594),ISIC_0005787.jpg,ISIC_0005787_segmentation.png,2016,3024,651552,6096384,0.1069
ISIC_0006021,train,42,ISIC 2018 Task 1 Training (2594),ISIC_0006021.jpg,ISIC_0006021_segmentation.png,2848,4288,820604,12212224,0.0672
ISIC_0006114,train,42,ISIC 2018 Task 1 Training (2594),ISIC_0006114.jpg,ISIC_0006114_segmentation.png,2016,3024,299759,6096384,0.0492
ISIC_0006193,train,42,ISIC 2018 Task 1 Training (2594),ISIC_0006193.jpg,ISIC_0006193_segmentation.png,2016,3024,376693,6096384,0.0618
ISIC_0006350,train,42,ISIC 2018 Task 1 Training (2594),ISIC_0006350.jpg,ISIC_0006350_segmentation.png,2016,3024,727793,6096384,0.1194
ISIC_0006612,val,42,ISIC 2018 Task 1 Training (2594),ISIC_0006612.jpg,ISIC_0006612_segmentation.png,2848,4288,763927,12212224,0.0626
ISIC_0006651,train,42,ISIC 2018 Task 1 Training (2594),ISIC_0006651.jpg,ISIC_0006651_segmentation.png,2016,3024,283730,6096384,0.0465
ISIC_0006671,train,42,ISIC 2018 Task 1 Training (2594),ISIC_0006671.jpg,ISIC_0006671_segmentation.png,2016,3024,173787,6096384,0.0285
ISIC_0006711,train,42,ISIC 2018 Task 1 Training (2594),ISIC_0006711.jpg,ISIC_0006711_segmentation.png,2848,4288,431395,12212224,0.0353
ISIC_0006776,train,42,ISIC 2018 Task 1 Training (2594),ISIC_0006776.jpg,ISIC_0006776_segmentation.png,2016,3024,412130,6096384,0.0676
ISIC_0006795,train,42,ISIC 2018 Task 1 Training (2594),ISIC_0006795.jpg,ISIC_0006795_segmentation.png,2848,4288,722707,12212224,0.0592
ISIC_0006800,val,42,ISIC 2018 Task 1 Training (2594),ISIC_0006800.jpg,ISIC_0006800_segmentation.png,2016,3024,487754,6096384,0.08
ISIC_0006815,train,42,ISIC 2018 Task 1 Training (2594),ISIC_0006815.jpg,ISIC_0006815_segmentation.png,2848,4288,94800,12212224,0.0078
ISIC_0006914,train,42,ISIC 2018 Task 1 Training (2594),ISIC_0006914.jpg,ISIC_0006914_segmentation.png,2016,3024,696672,6096384,0.1143
ISIC_0006940,train,42,ISIC 2018 Task 1 Training (2594),ISIC_0006940.jpg,ISIC_0006940_segmentation.png,2848,4288,758648,12212224,0.0621
ISIC_0006982,train,42,ISIC 2018 Task 1 Training (2594),ISIC_0006982.jpg,ISIC_0006982_segmentation.png,2016,3024,1141752,6096384,0.1873
ISIC_0007038,train,42,ISIC 2018 Task 1 Training (2594),ISIC_0007038.jpg,ISIC_0007038_segmentation.png,2848,4288,407080,12212224,0.0333
ISIC_0007087,val,42,ISIC 2018 Task 1 Training (2594),ISIC_0007087.jpg,ISIC_0007087_segmentation.png,2016,3024,708364,6096384,0.1162
ISIC_0007141,train,42,ISIC 2018 Task 1 Training (2594),ISIC_0007141.jpg,ISIC_0007141_segmentation.png,2016,3024,1003497,6096384,0.1646
ISIC_0007156,train,42,ISIC 2018 Task 1 Training (2594),ISIC_0007156.jpg,ISIC_0007156_segmentation.png,2016,3024,384761,6096384,0.0631
ISIC_0007241,train,42,ISIC 2018 Task 1 Training (2594),ISIC_0007241.jpg,ISIC_0007241_segmentation.png,2016,3024,346920,6096384,0.0569
ISIC_0007322,train,42,ISIC 2018 Task 1 Training (2594),ISIC_0007322.jpg,ISIC_0007322_segmentation.png,2848,4288,794621,12212224,0.0651
ISIC_0007332,train,42,ISIC 2018 Task 1 Training (2594),ISIC_0007332.jpg,ISIC_0007332_segmentation.png,2016,3024,530766,6096384,0.0871
ISIC_0007344,train,42,ISIC 2018 Task 1 Training (2594),ISIC_0007344.jpg,ISIC_0007344_segmentation.png,2016,3024,522771,6096384,0.0858
ISIC_0007475,train,42,ISIC 2018 Task 1 Training (2594),ISIC_0007475.jpg,ISIC_0007475_segmentation.png,2016,3024,786048,6096384,0.1289
ISIC_0007528,train,42,ISIC 2018 Task 1 Training (2594),ISIC_0007528.jpg,ISIC_0007528_segmentation.png,2016,3024,165858,6096384,0.0272
ISIC_0007557,val,42,ISIC 2018 Task 1 Training (2594),ISIC_0007557.jpg,ISIC_0007557_segmentation.png,2016,3024,785419,6096384,0.1288
ISIC_0007693,train,42,ISIC 2018 Task 1 Training (2594),ISIC_0007693.jpg,ISIC_0007693_segmentation.png,2016,3024,342608,6096384,0.0562
ISIC_0007760,train,42,ISIC 2018 Task 1 Training (2594),ISIC_0007760.jpg,ISIC_0007760_segmentation.png,2016,3024,452341,6096384,0.0742
ISIC_0007788,train,42,ISIC 2018 Task 1 Training (2594),ISIC_0007788.jpg,ISIC_0007788_segmentation.png,2848,4288,1240987,12212224,0.1016
ISIC_0007796,train,42,ISIC 2018 Task 1 Training (2594),ISIC_0007796.jpg,ISIC_0007796_segmentation.png,2016,3024,280691,6096384,0.046
ISIC_0008029,val,42,ISIC 2018 Task 1 Training (2594),ISIC_0008029.jpg,ISIC_0008029_segmentation.png,2848,4288,708141,12212224,0.058
ISIC_0008116,train,42,ISIC 2018 Task 1 Training (2594),ISIC_0008116.jpg,ISIC_0008116_segmentation.png,2016,3024,397815,6096384,0.0653
ISIC_0008145,train,42,ISIC 2018 Task 1 Training (2594),ISIC_0008145.jpg,ISIC_0008145_segmentation.png,2848,4288,308419,12212224,0.0253
ISIC_0008207,train,42,ISIC 2018 Task 1 Training (2594),ISIC_0008207.jpg,ISIC_0008207_segmentation.png,2848,4288,423858,12212224,0.0347
ISIC_0008236,train,42,ISIC 2018 Task 1 Training (2594),ISIC_0008236.jpg,ISIC_0008236_segmentation.png,2848,4288,805256,12212224,0.0659
ISIC_0008256,train,42,ISIC 2018 Task 1 Training (2594),ISIC_0008256.jpg,ISIC_0008256_segmentation.png,2848,4288,531795,12212224,0.0435
ISIC_0008280,val,42,ISIC 2018 Task 1 Training (2594),ISIC_0008280.jpg,ISIC_0008280_segmentation.png,2016,3024,361732,6096384,0.0593
ISIC_0008294,train,42,ISIC 2018 Task 1 Training (2594),ISIC_0008294.jpg,ISIC_0008294_segmentation.png,2016,3024,184764,6096384,0.0303
ISIC_0008347,val,42,ISIC 2018 Task 1 Training (2594),ISIC_0008347.jpg,ISIC_0008347_segmentation.png,2848,4288,414888,12212224,0.034
ISIC_0008396,train,42,ISIC 2018 Task 1 Training (2594),ISIC_0008396.jpg,ISIC_0008396_segmentation.png,2848,4288,364446,12212224,0.0298
ISIC_0008403,train,42,ISIC 2018 Task 1 Training (2594),ISIC_0008403.jpg,ISIC_0008403_segmentation.png,2016,3024,572061,6096384,0.0938
ISIC_0008406,train,42,ISIC 2018 Task 1 Training (2594),ISIC_0008406.jpg,ISIC_0008406_segmentation.png,2848,4288,469897,12212224,0.0385
ISIC_0008507,train,42,ISIC 2018 Task 1 Training (2594),ISIC_0008507.jpg,ISIC_0008507_segmentation.png,2848,4288,604656,12212224,0.0495
ISIC_0008524,train,42,ISIC 2018 Task 1 Training (2594),ISIC_0008524.jpg,ISIC_0008524_segmentation.png,2848,4288,324846,12212224,0.0266
ISIC_0008528,train,42,ISIC 2018 Task 1 Training (2594),ISIC_0008528.jpg,ISIC_0008528_segmentation.png,2848,4288,1048838,12212224,0.0859
ISIC_0008541,train,42,ISIC 2018 Task 1 Training (2594),ISIC_0008541.jpg,ISIC_0008541_segmentation.png,2848,4288,380092,12212224,0.0311
ISIC_0008552,val,42,ISIC 2018 Task 1 Training (2594),ISIC_0008552.jpg,ISIC_0008552_segmentation.png,2848,4288,488509,12212224,0.04
ISIC_0008600,train,42,ISIC 2018 Task 1 Training (2594),ISIC_0008600.jpg,ISIC_0008600_segmentation.png,2016,3024,830011,6096384,0.1361
ISIC_0008626,train,42,ISIC 2018 Task 1 Training (2594),ISIC_0008626.jpg,ISIC_0008626_segmentation.png,2848,4288,1224306,12212224,0.1003
ISIC_0008659,train,42,ISIC 2018 Task 1 Training (2594),ISIC_0008659.jpg,ISIC_0008659_segmentation.png,2848,4288,412343,12212224,0.0338
ISIC_0008785,train,42,ISIC 2018 Task 1 Training (2594),ISIC_0008785.jpg,ISIC_0008785_segmentation.png,2016,3024,582551,6096384,0.0956
ISIC_0008807,train,42,ISIC 2018 Task 1 Training (2594),ISIC_0008807.jpg,ISIC_0008807_segmentation.png,2848,4288,476683,12212224,0.039
ISIC_0008879,train,42,ISIC 2018 Task 1 Training (2594),ISIC_0008879.jpg,ISIC_0008879_segmentation.png,2848,4288,387040,12212224,0.0317
ISIC_0008913,val,42,ISIC 2018 Task 1 Training (2594),ISIC_0008913.jpg,ISIC_0008913_segmentation.png,2848,4288,2028909,12212224,0.1661
ISIC_0008992,train,42,ISIC 2018 Task 1 Training (2594),ISIC_0008992.jpg,ISIC_0008992_segmentation.png,2848,4288,504400,12212224,0.0413
ISIC_0008993,val,42,ISIC 2018 Task 1 Training (2594),ISIC_0008993.jpg,ISIC_0008993_segmentation.png,2016,3024,433972,6096384,0.0712
ISIC_0008998,train,42,ISIC 2018 Task 1 Training (2594),ISIC_0008998.jpg,ISIC_0008998_segmentation.png,2848,4288,4453540,12212224,0.3647
ISIC_0009035,val,42,ISIC 2018 Task 1 Training (2594),ISIC_0009035.jpg,ISIC_0009035_segmentation.png,2848,4288,1423482,12212224,0.1166
ISIC_0009078,train,42,ISIC 2018 Task 1 Training (2594),ISIC_0009078.jpg,ISIC_0009078_segmentation.png,2016,3024,361985,6096384,0.0594
ISIC_0009083,train,42,ISIC 2018 Task 1 Training (2594),ISIC_0009083.jpg,ISIC_0009083_segmentation.png,2848,4288,738282,12212224,0.0605
ISIC_0009160,train,42,ISIC 2018 Task 1 Training (2594),ISIC_0009160.jpg,ISIC_0009160_segmentation.png,2016,3024,420513,6096384,0.069
ISIC_0009165,train,42,ISIC 2018 Task 1 Training (2594),ISIC_0009165.jpg,ISIC_0009165_segmentation.png,2848,4288,662042,12212224,0.0542
ISIC_0009188,train,42,ISIC 2018 Task 1 Training (2594),ISIC_0009188.jpg,ISIC_0009188_segmentation.png,2848,4288,432468,12212224,0.0354
ISIC_0009201,val,42,ISIC 2018 Task 1 Training (2594),ISIC_0009201.jpg,ISIC_0009201_segmentation.png,2848,4288,1672734,12212224,0.137
ISIC_0009252,train,42,ISIC 2018 Task 1 Training (2594),ISIC_0009252.jpg,ISIC_0009252_segmentation.png,2016,3024,375771,6096384,0.0616
ISIC_0009297,val,42,ISIC 2018 Task 1 Training (2594),ISIC_0009297.jpg,ISIC_0009297_segmentation.png,2848,4288,634587,12212224,0.052
ISIC_0009298,train,42,ISIC 2018 Task 1 Training (2594),ISIC_0009298.jpg,ISIC_0009298_segmentation.png,2848,4288,873091,12212224,0.0715
ISIC_0009344,train,42,ISIC 2018 Task 1 Training (2594),ISIC_0009344.jpg,ISIC_0009344_segmentation.png,2848,4288,734607,12212224,0.0602
ISIC_0009430,train,42,ISIC 2018 Task 1 Training (2594),ISIC_0009430.jpg,ISIC_0009430_segmentation.png,2016,3024,471244,6096384,0.0773
ISIC_0009504,val,42,ISIC 2018 Task 1 Training (2594),ISIC_0009504.jpg,ISIC_0009504_segmentation.png,2848,4288,377500,12212224,0.0309
ISIC_0009533,val,42,ISIC 2018 Task 1 Training (2594),ISIC_0009533.jpg,ISIC_0009533_segmentation.png,2848,4288,747109,12212224,0.0612
ISIC_0009564,val,42,ISIC 2018 Task 1 Training (2594),ISIC_0009564.jpg,ISIC_0009564_segmentation.png,2848,4288,380432,12212224,0.0312
ISIC_0009583,train,42,ISIC 2018 Task 1 Training (2594),ISIC_0009583.jpg,ISIC_0009583_segmentation.png,2848,4288,584902,12212224,0.0479
ISIC_0009599,train,42,ISIC 2018 Task 1 Training (2594),ISIC_0009599.jpg,ISIC_0009599_segmentation.png,2848,4288,841862,12212224,0.0689
ISIC_0009758,train,42,ISIC 2018 Task 1 Training (2594),ISIC_0009758.jpg,ISIC_0009758_segmentation.png,2016,3024,754111,6096384,0.1237
ISIC_0009800,train,42,ISIC 2018 Task 1 Training (2594),ISIC_0009800.jpg,ISIC_0009800_segmentation.png,2848,4288,668808,12212224,0.0548
ISIC_0009860,val,42,ISIC 2018 Task 1 Training (2594),ISIC_0009860.jpg,ISIC_0009860_segmentation.png,2848,4288,502513,12212224,0.0411
ISIC_0009868,train,42,ISIC 2018 Task 1 Training (2594),ISIC_0009868.jpg,ISIC_0009868_segmentation.png,768,1024,140567,786432,0.1787
ISIC_0009869,val,42,ISIC 2018 Task 1 Training (2594),ISIC_0009869.jpg,ISIC_0009869_segmentation.png,768,1024,45574,786432,0.058
ISIC_0009873,train,42,ISIC 2018 Task 1 Training (2594),ISIC_0009873.jpg,ISIC_0009873_segmentation.png,768,1024,205961,786432,0.2619
ISIC_0009874,train,42,ISIC 2018 Task 1 Training (2594),ISIC_0009874.jpg,ISIC_0009874_segmentation.png,768,1024,106934,786432,0.136
ISIC_0009875,train,42,ISIC 2018 Task 1 Training (2594),ISIC_0009875.jpg,ISIC_0009875_segmentation.png,768,1024,260817,786432,0.3316
ISIC_0009877,val,42,ISIC 2018 Task 1 Training (2594),ISIC_0009877.jpg,ISIC_0009877_segmentation.png,768,1024,193509,786432,0.2461
ISIC_0009879,train,42,ISIC 2018 Task 1 Training (2594),ISIC_0009879.jpg,ISIC_0009879_segmentation.png,768,1024,222037,786432,0.2823
ISIC_0009880,train,42,ISIC 2018 Task 1 Training (2594),ISIC_0009880.jpg,ISIC_0009880_segmentation.png,768,1024,188785,786432,0.2401
ISIC_0009881,train,42,ISIC 2018 Task 1 Training (2594),ISIC_0009881.jpg,ISIC_0009881_segmentation.png,768,1024,145191,786432,0.1846
ISIC_0009883,val,42,ISIC 2018 Task 1 Training (2594),ISIC_0009883.jpg,ISIC_0009883_segmentation.png,768,1024,138239,786432,0.1758
ISIC_0009884,train,42,ISIC 2018 Task 1 Training (2594),ISIC_0009884.jpg,ISIC_0009884_segmentation.png,768,1024,85466,786432,0.1087
ISIC_0009885,val,42,ISIC 2018 Task 1 Training (2594),ISIC_0009885.jpg,ISIC_0009885_segmentation.png,768,1024,46995,786432,0.0598
ISIC_0009888,val,42,ISIC 2018 Task 1 Training (2594),ISIC_0009888.jpg,ISIC_0009888_segmentation.png,768,1024,84978,786432,0.1081
ISIC_0009889,train,42,ISIC 2018 Task 1 Training (2594),ISIC_0009889.jpg,ISIC_0009889_segmentation.png,768,1024,81350,786432,0.1034
ISIC_0009891,train,42,ISIC 2018 Task 1 Training (2594),ISIC_0009891.jpg,ISIC_0009891_segmentation.png,768,1024,147157,786432,0.1871
ISIC_0009895,train,42,ISIC 2018 Task 1 Training (2594),ISIC_0009895.jpg,ISIC_0009895_segmentation.png,768,1024,174992,786432,0.2225
ISIC_0009896,val,42,ISIC 2018 Task 1 Training (2594),ISIC_0009896.jpg,ISIC_0009896_segmentation.png,768,1024,269889,786432,0.3432
ISIC_0009897,train,42,ISIC 2018 Task 1 Training (2594),ISIC_0009897.jpg,ISIC_0009897_segmentation.png,768,1024,479501,786432,0.6097
ISIC_0009898,train,42,ISIC 2018 Task 1 Training (2594),ISIC_0009898.jpg,ISIC_0009898_segmentation.png,768,1024,161825,786432,0.2058
ISIC_0009899,train,42,ISIC 2018 Task 1 Training (2594),ISIC_0009899.jpg,ISIC_0009899_segmentation.png,768,1024,263381,786432,0.3349
ISIC_0009901,train,42,ISIC 2018 Task 1 Training (2594),ISIC_0009901.jpg,ISIC_0009901_segmentation.png,768,1024,255415,786432,0.3248
ISIC_0009902,train,42,ISIC 2018 Task 1 Training (2594),ISIC_0009902.jpg,ISIC_0009902_segmentation.png,768,1024,248937,786432,0.3165
ISIC_0009904,train,42,ISIC 2018 Task 1 Training (2594),ISIC_0009904.jpg,ISIC_0009904_segmentation.png,768,1024,360564,786432,0.4585
ISIC_0009906,train,42,ISIC 2018 Task 1 Training (2594),ISIC_0009906.jpg,ISIC_0009906_segmentation.png,768,1024,248359,786432,0.3158
ISIC_0009909,train,42,ISIC 2018 Task 1 Training (2594),ISIC_0009909.jpg,ISIC_0009909_segmentation.png,768,1024,160884,786432,0.2046
ISIC_0009910,train,42,ISIC 2018 Task 1 Training (2594),ISIC_0009910.jpg,ISIC_0009910_segmentation.png,768,1024,311187,786432,0.3957
ISIC_0009914,train,42,ISIC 2018 Task 1 Training (2594),ISIC_0009914.jpg,ISIC_0009914_segmentation.png,768,1024,155603,786432,0.1979
ISIC_0009915,train,42,ISIC 2018 Task 1 Training (2594),ISIC_0009915.jpg,ISIC_0009915_segmentation.png,768,1024,290577,786432,0.3695
ISIC_0009917,val,42,ISIC 2018 Task 1 Training (2594),ISIC_0009917.jpg,ISIC_0009917_segmentation.png,768,1024,85625,786432,0.1089
ISIC_0009918,train,42,ISIC 2018 Task 1 Training (2594),ISIC_0009918.jpg,ISIC_0009918_segmentation.png,768,1024,422024,786432,0.5366
ISIC_0009919,train,42,ISIC 2018 Task 1 Training (2594),ISIC_0009919.jpg,ISIC_0009919_segmentation.png,768,1024,263386,786432,0.3349
ISIC_0009920,train,42,ISIC 2018 Task 1 Training (2594),ISIC_0009920.jpg,ISIC_0009920_segmentation.png,768,1024,248997,786432,0.3166
ISIC_0009921,train,42,ISIC 2018 Task 1 Training (2594),ISIC_0009921.jpg,ISIC_0009921_segmentation.png,768,1024,510701,786432,0.6494
ISIC_0009923,train,42,ISIC 2018 Task 1 Training (2594),ISIC_0009923.jpg,ISIC_0009923_segmentation.png,768,1024,230341,786432,0.2929
ISIC_0009925,val,42,ISIC 2018 Task 1 Training (2594),ISIC_0009925.jpg,ISIC_0009925_segmentation.png,768,1024,248101,786432,0.3155
ISIC_0009927,train,42,ISIC 2018 Task 1 Training (2594),ISIC_0009927.jpg,ISIC_0009927_segmentation.png,768,1024,120885,786432,0.1537
ISIC_0009928,val,42,ISIC 2018 Task 1 Training (2594),ISIC_0009928.jpg,ISIC_0009928_segmentation.png,768,1024,476542,786432,0.606
ISIC_0009929,val,42,ISIC 2018 Task 1 Training (2594),ISIC_0009929.jpg,ISIC_0009929_segmentation.png,768,1024,17191,786432,0.0219
ISIC_0009930,train,42,ISIC 2018 Task 1 Training (2594),ISIC_0009930.jpg,ISIC_0009930_segmentation.png,768,1024,19190,786432,0.0244
ISIC_0009931,train,42,ISIC 2018 Task 1 Training (2594),ISIC_0009931.jpg,ISIC_0009931_segmentation.png,768,1024,246398,786432,0.3133
ISIC_0009932,train,42,ISIC 2018 Task 1 Training (2594),ISIC_0009932.jpg,ISIC_0009932_segmentation.png,768,1024,193356,786432,0.2459
ISIC_0009933,train,42,ISIC 2018 Task 1 Training (2594),ISIC_0009933.jpg,ISIC_0009933_segmentation.png,768,1024,153954,786432,0.1958
ISIC_0009934,train,42,ISIC 2018 Task 1 Training (2594),ISIC_0009934.jpg,ISIC_0009934_segmentation.png,768,1024,676132,786432,0.8597
ISIC_0009935,train,42,ISIC 2018 Task 1 Training (2594),ISIC_0009935.jpg,ISIC_0009935_segmentation.png,768,1024,111441,786432,0.1417
ISIC_0009936,train,42,ISIC 2018 Task 1 Training (2594),ISIC_0009936.jpg,ISIC_0009936_segmentation.png,768,1024,28668,786432,0.0365
ISIC_0009937,train,42,ISIC 2018 Task 1 Training (2594),ISIC_0009937.jpg,ISIC_0009937_segmentation.png,768,1024,58382,786432,0.0742
ISIC_0009938,train,42,ISIC 2018 Task 1 Training (2594),ISIC_0009938.jpg,ISIC_0009938_segmentation.png,768,1024,197855,786432,0.2516
ISIC_0009939,train,42,ISIC 2018 Task 1 Training (2594),ISIC_0009939.jpg,ISIC_0009939_segmentation.png,768,1024,195066,786432,0.248
ISIC_0009940,train,42,ISIC 2018 Task 1 Training (2594),ISIC_0009940.jpg,ISIC_0009940_segmentation.png,768,1024,414988,786432,0.5277
ISIC_0009941,train,42,ISIC 2018 Task 1 Training (2594),ISIC_0009941.jpg,ISIC_0009941_segmentation.png,768,1024,130753,786432,0.1663
ISIC_0009942,train,42,ISIC 2018 Task 1 Training (2594),ISIC_0009942.jpg,ISIC_0009942_segmentation.png,768,1024,153509,786432,0.1952
ISIC_0009943,val,42,ISIC 2018 Task 1 Training (2594),ISIC_0009943.jpg,ISIC_0009943_segmentation.png,768,1024,95456,786432,0.1214
ISIC_0009944,val,42,ISIC 2018 Task 1 Training (2594),ISIC_0009944.jpg,ISIC_0009944_segmentation.png,768,1024,102532,786432,0.1304
ISIC_0009945,train,42,ISIC 2018 Task 1 Training (2594),ISIC_0009945.jpg,ISIC_0009945_segmentation.png,768,1024,82387,786432,0.1048
ISIC_0009946,train,42,ISIC 2018 Task 1 Training (2594),ISIC_0009946.jpg,ISIC_0009946_segmentation.png,768,1024,216788,786432,0.2757
ISIC_0009947,val,42,ISIC 2018 Task 1 Training (2594),ISIC_0009947.jpg,ISIC_0009947_segmentation.png,768,1024,127464,786432,0.1621
ISIC_0009948,val,42,ISIC 2018 Task 1 Training (2594),ISIC_0009948.jpg,ISIC_0009948_segmentation.png,768,1024,394433,786432,0.5015
ISIC_0009949,train,42,ISIC 2018 Task 1 Training (2594),ISIC_0009949.jpg,ISIC_0009949_segmentation.png,768,1024,160933,786432,0.2046
ISIC_0009950,train,42,ISIC 2018 Task 1 Training (2594),ISIC_0009950.jpg,ISIC_0009950_segmentation.png,768,1024,200568,786432,0.255
ISIC_0009951,train,42,ISIC 2018 Task 1 Training (2594),ISIC_0009951.jpg,ISIC_0009951_segmentation.png,768,1024,257589,786432,0.3275
ISIC_0009953,train,42,ISIC 2018 Task 1 Training (2594),ISIC_0009953.jpg,ISIC_0009953_segmentation.png,768,1024,297060,786432,0.3777
ISIC_0009954,train,42,ISIC 2018 Task 1 Training (2594),ISIC_0009954.jpg,ISIC_0009954_segmentation.png,768,1024,102432,786432,0.1302
ISIC_0009955,val,42,ISIC 2018 Task 1 Training (2594),ISIC_0009955.jpg,ISIC_0009955_segmentation.png,768,1024,115885,786432,0.1474
ISIC_0009956,train,42,ISIC 2018 Task 1 Training (2594),ISIC_0009956.jpg,ISIC_0009956_segmentation.png,768,1024,213056,786432,0.2709
ISIC_0009958,train,42,ISIC 2018 Task 1 Training (2594),ISIC_0009958.jpg,ISIC_0009958_segmentation.png,768,1024,118025,786432,0.1501
ISIC_0009960,train,42,ISIC 2018 Task 1 Training (2594),ISIC_0009960.jpg,ISIC_0009960_segmentation.png,768,1024,28750,786432,0.0366
ISIC_0009961,val,42,ISIC 2018 Task 1 Training (2594),ISIC_0009961.jpg,ISIC_0009961_segmentation.png,768,1024,300056,786432,0.3815
ISIC_0009962,train,42,ISIC 2018 Task 1 Training (2594),ISIC_0009962.jpg,ISIC_0009962_segmentation.png,768,1024,533677,786432,0.6786
ISIC_0009964,train,42,ISIC 2018 Task 1 Training (2594),ISIC_0009964.jpg,ISIC_0009964_segmentation.png,768,1024,51471,786432,0.0654
ISIC_0009965,train,42,ISIC 2018 Task 1 Training (2594),ISIC_0009965.jpg,ISIC_0009965_segmentation.png,768,1024,313748,786432,0.399
ISIC_0009966,val,42,ISIC 2018 Task 1 Training (2594),ISIC_0009966.jpg,ISIC_0009966_segmentation.png,768,1024,159451,786432,0.2028
ISIC_0009967,train,42,ISIC 2018 Task 1 Training (2594),ISIC_0009967.jpg,ISIC_0009967_segmentation.png,768,1024,141014,786432,0.1793
ISIC_0009969,train,42,ISIC 2018 Task 1 Training (2594),ISIC_0009969.jpg,ISIC_0009969_segmentation.png,768,1024,237545,786432,0.3021
ISIC_0009970,train,42,ISIC 2018 Task 1 Training (2594),ISIC_0009970.jpg,ISIC_0009970_segmentation.png,768,1024,512151,786432,0.6512
ISIC_0009971,train,42,ISIC 2018 Task 1 Training (2594),ISIC_0009971.jpg,ISIC_0009971_segmentation.png,768,1024,24664,786432,0.0314
ISIC_0009972,train,42,ISIC 2018 Task 1 Training (2594),ISIC_0009972.jpg,ISIC_0009972_segmentation.png,768,1024,81658,786432,0.1038
ISIC_0009973,train,42,ISIC 2018 Task 1 Training (2594),ISIC_0009973.jpg,ISIC_0009973_segmentation.png,768,1024,212361,786432,0.27
ISIC_0009974,train,42,ISIC 2018 Task 1 Training (2594),ISIC_0009974.jpg,ISIC_0009974_segmentation.png,768,1024,325235,786432,0.4136
ISIC_0009975,train,42,ISIC 2018 Task 1 Training (2594),ISIC_0009975.jpg,ISIC_0009975_segmentation.png,768,1024,172143,786432,0.2189
ISIC_0009976,train,42,ISIC 2018 Task 1 Training (2594),ISIC_0009976.jpg,ISIC_0009976_segmentation.png,768,1024,95704,786432,0.1217
ISIC_0009977,train,42,ISIC 2018 Task 1 Training (2594),ISIC_0009977.jpg,ISIC_0009977_segmentation.png,768,1024,116195,786432,0.1477
ISIC_0009978,val,42,ISIC 2018 Task 1 Training (2594),ISIC_0009978.jpg,ISIC_0009978_segmentation.png,768,1024,158875,786432,0.202
ISIC_0009979,train,42,ISIC 2018 Task 1 Training (2594),ISIC_0009979.jpg,ISIC_0009979_segmentation.png,768,1024,81159,786432,0.1032
ISIC_0009980,train,42,ISIC 2018 Task 1 Training (2594),ISIC_0009980.jpg,ISIC_0009980_segmentation.png,768,1024,691134,786432,0.8788
ISIC_0009981,train,42,ISIC 2018 Task 1 Training (2594),ISIC_0009981.jpg,ISIC_0009981_segmentation.png,768,1024,54997,786432,0.0699
ISIC_0009982,val,42,ISIC 2018 Task 1 Training (2594),ISIC_0009982.jpg,ISIC_0009982_segmentation.png,768,1024,105603,786432,0.1343
ISIC_0009987,train,42,ISIC 2018 Task 1 Training (2594),ISIC_0009987.jpg,ISIC_0009987_segmentation.png,768,1024,195227,786432,0.2482
ISIC_0009988,train,42,ISIC 2018 Task 1 Training (2594),ISIC_0009988.jpg,ISIC_0009988_segmentation.png,768,1024,750372,786432,0.9541
ISIC_0009990,train,42,ISIC 2018 Task 1 Training (2594),ISIC_0009990.jpg,ISIC_0009990_segmentation.png,768,1024,764453,786432,0.9721
ISIC_0009991,train,42,ISIC 2018 Task 1 Training (2594),ISIC_0009991.jpg,ISIC_0009991_segmentation.png,768,1024,208959,786432,0.2657
ISIC_0009992,train,42,ISIC 2018 Task 1 Training (2594),ISIC_0009992.jpg,ISIC_0009992_segmentation.png,768,1024,406084,786432,0.5164
ISIC_0009993,train,42,ISIC 2018 Task 1 Training (2594),ISIC_0009993.jpg,ISIC_0009993_segmentation.png,768,1024,222690,786432,0.2832
ISIC_0009994,train,42,ISIC 2018 Task 1 Training (2594),ISIC_0009994.jpg,ISIC_0009994_segmentation.png,768,1024,131386,786432,0.1671
ISIC_0009995,val,42,ISIC 2018 Task 1 Training (2594),ISIC_0009995.jpg,ISIC_0009995_segmentation.png,768,1024,726665,786432,0.924
ISIC_0009998,train,42,ISIC 2018 Task 1 Training (2594),ISIC_0009998.jpg,ISIC_0009998_segmentation.png,768,1024,195989,786432,0.2492
ISIC_0010000,train,42,ISIC 2018 Task 1 Training (2594),ISIC_0010000.jpg,ISIC_0010000_segmentation.png,768,1024,423655,786432,0.5387
ISIC_0010002,train,42,ISIC 2018 Task 1 Training (2594),ISIC_0010002.jpg,ISIC_0010002_segmentation.png,768,1024,233518,786432,0.2969
ISIC_0010003,train,42,ISIC 2018 Task 1 Training (2594),ISIC_0010003.jpg,ISIC_0010003_segmentation.png,768,1024,43927,786432,0.0559
ISIC_0010005,train,42,ISIC 2018 Task 1 Training (2594),ISIC_0010005.jpg,ISIC_0010005_segmentation.png,768,1024,440411,786432,0.56
ISIC_0010006,train,42,ISIC 2018 Task 1 Training (2594),ISIC_0010006.jpg,ISIC_0010006_segmentation.png,768,1024,273343,786432,0.3476
ISIC_0010009,val,42,ISIC 2018 Task 1 Training (2594),ISIC_0010009.jpg,ISIC_0010009_segmentation.png,768,1024,49439,786432,0.0629
ISIC_0010010,train,42,ISIC 2018 Task 1 Training (2594),ISIC_0010010.jpg,ISIC_0010010_segmentation.png,768,1024,88460,786432,0.1125
ISIC_0010011,train,42,ISIC 2018 Task 1 Training (2594),ISIC_0010011.jpg,ISIC_0010011_segmentation.png,768,1024,202375,786432,0.2573
ISIC_0010013,val,42,ISIC 2018 Task 1 Training (2594),ISIC_0010013.jpg,ISIC_0010013_segmentation.png,768,1024,133958,786432,0.1703
ISIC_0010014,train,42,ISIC 2018 Task 1 Training (2594),ISIC_0010014.jpg,ISIC_0010014_segmentation.png,768,1024,123229,786432,0.1567
ISIC_0010015,train,42,ISIC 2018 Task 1 Training (2594),ISIC_0010015.jpg,ISIC_0010015_segmentation.png,768,1024,224432,786432,0.2854
ISIC_0010016,val,42,ISIC 2018 Task 1 Training (2594),ISIC_0010016.jpg,ISIC_0010016_segmentation.png,768,1024,50672,786432,0.0644
ISIC_0010017,train,42,ISIC 2018 Task 1 Training (2594),ISIC_0010017.jpg,ISIC_0010017_segmentation.png,768,1024,331826,786432,0.4219
ISIC_0010018,train,42,ISIC 2018 Task 1 Training (2594),ISIC_0010018.jpg,ISIC_0010018_segmentation.png,768,1024,107599,786432,0.1368
ISIC_0010019,train,42,ISIC 2018 Task 1 Training (2594),ISIC_0010019.jpg,ISIC_0010019_segmentation.png,768,1024,287225,786432,0.3652
ISIC_0010020,train,42,ISIC 2018 Task 1 Training (2594),ISIC_0010020.jpg,ISIC_0010020_segmentation.png,768,1024,367804,786432,0.4677
ISIC_0010021,train,42,ISIC 2018 Task 1 Training (2594),ISIC_0010021.jpg,ISIC_0010021_segmentation.png,768,1024,419255,786432,0.5331
ISIC_0010022,train,42,ISIC 2018 Task 1 Training (2594),ISIC_0010022.jpg,ISIC_0010022_segmentation.png,768,1024,429471,786432,0.5461
ISIC_0010023,train,42,ISIC 2018 Task 1 Training (2594),ISIC_0010023.jpg,ISIC_0010023_segmentation.png,768,1024,227210,786432,0.2889
ISIC_0010024,train,42,ISIC 2018 Task 1 Training (2594),ISIC_0010024.jpg,ISIC_0010024_segmentation.png,768,1024,115775,786432,0.1472
ISIC_0010025,train,42,ISIC 2018 Task 1 Training (2594),ISIC_0010025.jpg,ISIC_0010025_segmentation.png,768,1024,128631,786432,0.1636
ISIC_0010028,val,42,ISIC 2018 Task 1 Training (2594),ISIC_0010028.jpg,ISIC_0010028_segmentation.png,768,1024,150869,786432,0.1918
ISIC_0010029,train,42,ISIC 2018 Task 1 Training (2594),ISIC_0010029.jpg,ISIC_0010029_segmentation.png,768,1024,342479,786432,0.4355
ISIC_0010032,train,42,ISIC 2018 Task 1 Training (2594),ISIC_0010032.jpg,ISIC_0010032_segmentation.png,768,1024,103615,786432,0.1318
ISIC_0010034,val,42,ISIC 2018 Task 1 Training (2594),ISIC_0010034.jpg,ISIC_0010034_segmentation.png,768,1024,284553,786432,0.3618
ISIC_0010036,train,42,ISIC 2018 Task 1 Training (2594),ISIC_0010036.jpg,ISIC_0010036_segmentation.png,768,1024,348317,786432,0.4429
ISIC_0010037,train,42,ISIC 2018 Task 1 Training (2594),ISIC_0010037.jpg,ISIC_0010037_segmentation.png,768,1024,651550,786432,0.8285
ISIC_0010038,val,42,ISIC 2018 Task 1 Training (2594),ISIC_0010038.jpg,ISIC_0010038_segmentation.png,768,1024,422337,786432,0.537
ISIC_0010041,train,42,ISIC 2018 Task 1 Training (2594),ISIC_0010041.jpg,ISIC_0010041_segmentation.png,768,1024,656051,786432,0.8342
ISIC_0010042,train,42,ISIC 2018 Task 1 Training (2594),ISIC_0010042.jpg,ISIC_0010042_segmentation.png,768,1024,118600,786432,0.1508
ISIC_0010043,train,42,ISIC 2018 Task 1 Training (2594),ISIC_0010043.jpg,ISIC_0010043_segmentation.png,768,1024,260226,786432,0.3309
ISIC_0010044,val,42,ISIC 2018 Task 1 Training (2594),ISIC_0010044.jpg,ISIC_0010044_segmentation.png,768,1024,129428,786432,0.1646
ISIC_0010046,train,42,ISIC 2018 Task 1 Training (2594),ISIC_0010046.jpg,ISIC_0010046_segmentation.png,768,1024,104619,786432,0.133
ISIC_0010047,val,42,ISIC 2018 Task 1 Training (2594),ISIC_0010047.jpg,ISIC_0010047_segmentation.png,768,1024,233349,786432,0.2967
ISIC_0010053,train,42,ISIC 2018 Task 1 Training (2594),ISIC_0010053.jpg,ISIC_0010053_segmentation.png,768,1024,58509,786432,0.0744
ISIC_0010054,train,42,ISIC 2018 Task 1 Training (2594),ISIC_0010054.jpg,ISIC_0010054_segmentation.png,768,1024,246454,786432,0.3134
ISIC_0010055,train,42,ISIC 2018 Task 1 Training (2594),ISIC_0010055.jpg,ISIC_0010055_segmentation.png,768,1024,175466,786432,0.2231
ISIC_0010056,val,42,ISIC 2018 Task 1 Training (2594),ISIC_0010056.jpg,ISIC_0010056_segmentation.png,768,1024,755622,786432,0.9608
ISIC_0010057,train,42,ISIC 2018 Task 1 Training (2594),ISIC_0010057.jpg,ISIC_0010057_segmentation.png,768,1024,452627,786432,0.5755
ISIC_0010058,train,42,ISIC 2018 Task 1 Training (2594),ISIC_0010058.jpg,ISIC_0010058_segmentation.png,768,1024,208290,786432,0.2649
ISIC_0010059,train,42,ISIC 2018 Task 1 Training (2594),ISIC_0010059.jpg,ISIC_0010059_segmentation.png,768,1024,64116,786432,0.0815
ISIC_0010060,train,42,ISIC 2018 Task 1 Training (2594),ISIC_0010060.jpg,ISIC_0010060_segmentation.png,768,1024,41481,786432,0.0527
ISIC_0010061,val,42,ISIC 2018 Task 1 Training (2594),ISIC_0010061.jpg,ISIC_0010061_segmentation.png,768,1024,68751,786432,0.0874
ISIC_0010062,train,42,ISIC 2018 Task 1 Training (2594),ISIC_0010062.jpg,ISIC_0010062_segmentation.png,768,1024,586070,786432,0.7452
ISIC_0010063,train,42,ISIC 2018 Task 1 Training (2594),ISIC_0010063.jpg,ISIC_0010063_segmentation.png,768,1024,693360,786432,0.8817
ISIC_0010064,train,42,ISIC 2018 Task 1 Training (2594),ISIC_0010064.jpg,ISIC_0010064_segmentation.png,768,1024,110927,786432,0.1411
ISIC_0010066,train,42,ISIC 2018 Task 1 Training (2594),ISIC_0010066.jpg,ISIC_0010066_segmentation.png,768,1024,228894,786432,0.2911
ISIC_0010067,train,42,ISIC 2018 Task 1 Training (2594),ISIC_0010067.jpg,ISIC_0010067_segmentation.png,768,1024,167074,786432,0.2124
ISIC_0010069,train,42,ISIC 2018 Task 1 Training (2594),ISIC_0010069.jpg,ISIC_0010069_segmentation.png,768,1024,65215,786432,0.0829
ISIC_0010070,val,42,ISIC 2018 Task 1 Training (2594),ISIC_0010070.jpg,ISIC_0010070_segmentation.png,768,1024,230735,786432,0.2934
ISIC_0010071,train,42,ISIC 2018 Task 1 Training (2594),ISIC_0010071.jpg,ISIC_0010071_segmentation.png,768,1024,630546,786432,0.8018
ISIC_0010073,train,42,ISIC 2018 Task 1 Training (2594),ISIC_0010073.jpg,ISIC_0010073_segmentation.png,768,1024,229257,786432,0.2915
ISIC_0010074,train,42,ISIC 2018 Task 1 Training (2594),ISIC_0010074.jpg,ISIC_0010074_segmentation.png,768,1024,185770,786432,0.2362
ISIC_0010075,val,42,ISIC 2018 Task 1 Training (2594),ISIC_0010075.jpg,ISIC_0010075_segmentation.png,768,1024,490970,786432,0.6243
ISIC_0010077,train,42,ISIC 2018 Task 1 Training (2594),ISIC_0010077.jpg,ISIC_0010077_segmentation.png,768,1024,100925,786432,0.1283
ISIC_0010078,val,42,ISIC 2018 Task 1 Training (2594),ISIC_0010078.jpg,ISIC_0010078_segmentation.png,768,1024,368687,786432,0.4688
ISIC_0010081,train,42,ISIC 2018 Task 1 Training (2594),ISIC_0010081.jpg,ISIC_0010081_segmentation.png,768,1024,95417,786432,0.1213
ISIC_0010086,train,42,ISIC 2018 Task 1 Training (2594),ISIC_0010086.jpg,ISIC_0010086_segmentation.png,768,1024,144161,786432,0.1833
ISIC_0010088,train,42,ISIC 2018 Task 1 Training (2594),ISIC_0010088.jpg,ISIC_0010088_segmentation.png,768,1024,53978,786432,0.0686
ISIC_0010089,train,42,ISIC 2018 Task 1 Training (2594),ISIC_0010089.jpg,ISIC_0010089_segmentation.png,768,1024,53936,786432,0.0686
ISIC_0010090,train,42,ISIC 2018 Task 1 Training (2594),ISIC_0010090.jpg,ISIC_0010090_segmentation.png,768,1024,34519,786432,0.0439
ISIC_0010092,train,42,ISIC 2018 Task 1 Training (2594),ISIC_0010092.jpg,ISIC_0010092_segmentation.png,768,1024,110542,786432,0.1406
ISIC_0010093,val,42,ISIC 2018 Task 1 Training (2594),ISIC_0010093.jpg,ISIC_0010093_segmentation.png,768,1024,499885,786432,0.6356
ISIC_0010094,train,42,ISIC 2018 Task 1 Training (2594),ISIC_0010094.jpg,ISIC_0010094_segmentation.png,768,1024,159201,786432,0.2024
ISIC_0010100,train,42,ISIC 2018 Task 1 Training (2594),ISIC_0010100.jpg,ISIC_0010100_segmentation.png,768,1024,250007,786432,0.3179
ISIC_0010102,train,42,ISIC 2018 Task 1 Training (2594),ISIC_0010102.jpg,ISIC_0010102_segmentation.png,768,1024,223986,786432,0.2848
ISIC_0010104,train,42,ISIC 2018 Task 1 Training (2594),ISIC_0010104.jpg,ISIC_0010104_segmentation.png,768,1024,41474,786432,0.0527
ISIC_0010105,train,42,ISIC 2018 Task 1 Training (2594),ISIC_0010105.jpg,ISIC_0010105_segmentation.png,768,1024,113920,786432,0.1449
ISIC_0010168,train,42,ISIC 2018 Task 1 Training (2594),ISIC_0010168.jpg,ISIC_0010168_segmentation.png,768,1024,195086,786432,0.2481
ISIC_0010169,train,42,ISIC 2018 Task 1 Training (2594),ISIC_0010169.jpg,ISIC_0010169_segmentation.png,768,1024,658800,786432,0.8377
ISIC_0010171,train,42,ISIC 2018 Task 1 Training (2594),ISIC_0010171.jpg,ISIC_0010171_segmentation.png,768,1024,237994,786432,0.3026
ISIC_0010173,train,42,ISIC 2018 Task 1 Training (2594),ISIC_0010173.jpg,ISIC_0010173_segmentation.png,768,1024,88630,786432,0.1127
ISIC_0010174,train,42,ISIC 2018 Task 1 Training (2594),ISIC_0010174.jpg,ISIC_0010174_segmentation.png,768,1024,215202,786432,0.2736
ISIC_0010175,val,42,ISIC 2018 Task 1 Training (2594),ISIC_0010175.jpg,ISIC_0010175_segmentation.png,768,1024,525060,786432,0.6676
ISIC_0010176,train,42,ISIC 2018 Task 1 Training (2594),ISIC_0010176.jpg,ISIC_0010176_segmentation.png,768,1024,63480,786432,0.0807
ISIC_0010177,train,42,ISIC 2018 Task 1 Training (2594),ISIC_0010177.jpg,ISIC_0010177_segmentation.png,768,1024,33680,786432,0.0428
ISIC_0010178,train,42,ISIC 2018 Task 1 Training (2594),ISIC_0010178.jpg,ISIC_0010178_segmentation.png,768,1024,93349,786432,0.1187
ISIC_0010180,train,42,ISIC 2018 Task 1 Training (2594),ISIC_0010180.jpg,ISIC_0010180_segmentation.png,768,1024,116619,786432,0.1483
ISIC_0010182,train,42,ISIC 2018 Task 1 Training (2594),ISIC_0010182.jpg,ISIC_0010182_segmentation.png,768,1024,33357,786432,0.0424
ISIC_0010183,train,42,ISIC 2018 Task 1 Training (2594),ISIC_0010183.jpg,ISIC_0010183_segmentation.png,768,1024,41100,786432,0.0523
ISIC_0010184,train,42,ISIC 2018 Task 1 Training (2594),ISIC_0010184.jpg,ISIC_0010184_segmentation.png,768,1024,73976,786432,0.0941
ISIC_0010185,val,42,ISIC 2018 Task 1 Training (2594),ISIC_0010185.jpg,ISIC_0010185_segmentation.png,768,1024,67587,786432,0.0859
ISIC_0010186,train,42,ISIC 2018 Task 1 Training (2594),ISIC_0010186.jpg,ISIC_0010186_segmentation.png,768,1024,271674,786432,0.3455
ISIC_0010187,val,42,ISIC 2018 Task 1 Training (2594),ISIC_0010187.jpg,ISIC_0010187_segmentation.png,768,1024,297583,786432,0.3784
ISIC_0010189,train,42,ISIC 2018 Task 1 Training (2594),ISIC_0010189.jpg,ISIC_0010189_segmentation.png,768,1024,772212,786432,0.9819
ISIC_0010190,train,42,ISIC 2018 Task 1 Training (2594),ISIC_0010190.jpg,ISIC_0010190_segmentation.png,768,1024,666341,786432,0.8473
ISIC_0010191,val,42,ISIC 2018 Task 1 Training (2594),ISIC_0010191.jpg,ISIC_0010191_segmentation.png,768,1024,302353,786432,0.3845
ISIC_0010192,train,42,ISIC 2018 Task 1 Training (2594),ISIC_0010192.jpg,ISIC_0010192_segmentation.png,768,1024,149156,786432,0.1897
ISIC_0010194,val,42,ISIC 2018 Task 1 Training (2594),ISIC_0010194.jpg,ISIC_0010194_segmentation.png,768,1024,175459,786432,0.2231
ISIC_0010201,train,42,ISIC 2018 Task 1 Training (2594),ISIC_0010201.jpg,ISIC_0010201_segmentation.png,768,1024,401761,786432,0.5109
ISIC_0010202,train,42,ISIC 2018 Task 1 Training (2594),ISIC_0010202.jpg,ISIC_0010202_segmentation.png,768,1024,545945,786432,0.6942
ISIC_0010204,val,42,ISIC 2018 Task 1 Training (2594),ISIC_0010204.jpg,ISIC_0010204_segmentation.png,768,1024,771685,786432,0.9812
ISIC_0010205,train,42,ISIC 2018 Task 1 Training (2594),ISIC_0010205.jpg,ISIC_0010205_segmentation.png,768,1024,71965,786432,0.0915
ISIC_0010206,val,42,ISIC 2018 Task 1 Training (2594),ISIC_0010206.jpg,ISIC_0010206_segmentation.png,768,1024,72593,786432,0.0923
ISIC_0010207,train,42,ISIC 2018 Task 1 Training (2594),ISIC_0010207.jpg,ISIC_0010207_segmentation.png,768,1024,42098,786432,0.0535
ISIC_0010212,val,42,ISIC 2018 Task 1 Training (2594),ISIC_0010212.jpg,ISIC_0010212_segmentation.png,768,1024,263973,786432,0.3357
ISIC_0010213,train,42,ISIC 2018 Task 1 Training (2594),ISIC_0010213.jpg,ISIC_0010213_segmentation.png,768,1024,201680,786432,0.2564
ISIC_0010215,train,42,ISIC 2018 Task 1 Training (2594),ISIC_0010215.jpg,ISIC_0010215_segmentation.png,768,1024,167697,786432,0.2132
ISIC_0010216,train,42,ISIC 2018 Task 1 Training (2594),ISIC_0010216.jpg,ISIC_0010216_segmentation.png,768,1024,91243,786432,0.116
ISIC_0010219,train,42,ISIC 2018 Task 1 Training (2594),ISIC_0010219.jpg,ISIC_0010219_segmentation.png,768,1024,157931,786432,0.2008
ISIC_0010220,train,42,ISIC 2018 Task 1 Training (2594),ISIC_0010220.jpg,ISIC_0010220_segmentation.png,768,1024,59350,786432,0.0755
ISIC_0010222,train,42,ISIC 2018 Task 1 Training (2594),ISIC_0010222.jpg,ISIC_0010222_segmentation.png,768,1024,663022,786432,0.8431
ISIC_0010225,train,42,ISIC 2018 Task 1 Training (2594),ISIC_0010225.jpg,ISIC_0010225_segmentation.png,768,1024,104078,786432,0.1323
ISIC_0010226,train,42,ISIC 2018 Task 1 Training (2594),ISIC_0010226.jpg,ISIC_0010226_segmentation.png,768,1024,118783,786432,0.151
ISIC_0010227,train,42,ISIC 2018 Task 1 Training (2594),ISIC_0010227.jpg,ISIC_0010227_segmentation.png,768,1024,80011,786432,0.1017
ISIC_0010228,train,42,ISIC 2018 Task 1 Training (2594),ISIC_0010228.jpg,ISIC_0010228_segmentation.png,768,1024,685555,786432,0.8717
ISIC_0010229,train,42,ISIC 2018 Task 1 Training (2594),ISIC_0010229.jpg,ISIC_0010229_segmentation.png,768,1024,148720,786432,0.1891
ISIC_0010231,train,42,ISIC 2018 Task 1 Training (2594),ISIC_0010231.jpg,ISIC_0010231_segmentation.png,768,1024,411526,786432,0.5233
ISIC_0010232,val,42,ISIC 2018 Task 1 Training (2594),ISIC_0010232.jpg,ISIC_0010232_segmentation.png,768,1024,568380,786432,0.7227
ISIC_0010233,val,42,ISIC 2018 Task 1 Training (2594),ISIC_0010233.jpg,ISIC_0010233_segmentation.png,768,1024,263282,786432,0.3348
ISIC_0010234,train,42,ISIC 2018 Task 1 Training (2594),ISIC_0010234.jpg,ISIC_0010234_segmentation.png,768,1024,56312,786432,0.0716
ISIC_0010235,val,42,ISIC 2018 Task 1 Training (2594),ISIC_0010235.jpg,ISIC_0010235_segmentation.png,768,1024,665925,786432,0.8468
ISIC_0010236,val,42,ISIC 2018 Task 1 Training (2594),ISIC_0010236.jpg,ISIC_0010236_segmentation.png,768,1024,47845,786432,0.0608
ISIC_0010237,train,42,ISIC 2018 Task 1 Training (2594),ISIC_0010237.jpg,ISIC_0010237_segmentation.png,768,1024,43351,786432,0.0551
ISIC_0010238,train,42,ISIC 2018 Task 1 Training (2594),ISIC_0010238.jpg,ISIC_0010238_segmentation.png,768,1024,278113,786432,0.3536
ISIC_0010239,train,42,ISIC 2018 Task 1 Training (2594),ISIC_0010239.jpg,ISIC_0010239_segmentation.png,768,1024,581480,786432,0.7394
ISIC_0010240,train,42,ISIC 2018 Task 1 Training (2594),ISIC_0010240.jpg,ISIC_0010240_segmentation.png,768,1024,146257,786432,0.186
ISIC_0010241,train,42,ISIC 2018 Task 1 Training (2594),ISIC_0010241.jpg,ISIC_0010241_segmentation.png,768,1024,166543,786432,0.2118
ISIC_0010244,val,42,ISIC 2018 Task 1 Training (2594),ISIC_0010244.jpg,ISIC_0010244_segmentation.png,768,1024,31127,786432,0.0396
ISIC_0010247,train,42,ISIC 2018 Task 1 Training (2594),ISIC_0010247.jpg,ISIC_0010247_segmentation.png,768,1024,201317,786432,0.256
ISIC_0010248,train,42,ISIC 2018 Task 1 Training (2594),ISIC_0010248.jpg,ISIC_0010248_segmentation.png,768,1024,267524,786432,0.3402
ISIC_0010249,val,42,ISIC 2018 Task 1 Training (2594),ISIC_0010249.jpg,ISIC_0010249_segmentation.png,768,1024,476441,786432,0.6058
ISIC_0010251,train,42,ISIC 2018 Task 1 Training (2594),ISIC_0010251.jpg,ISIC_0010251_segmentation.png,768,1024,27724,786432,0.0353
ISIC_0010252,train,42,ISIC 2018 Task 1 Training (2594),ISIC_0010252.jpg,ISIC_0010252_segmentation.png,768,1024,655226,786432,0.8332
ISIC_0010255,train,42,ISIC 2018 Task 1 Training (2594),ISIC_0010255.jpg,ISIC_0010255_segmentation.png,768,1024,25436,786432,0.0323
ISIC_0010256,train,42,ISIC 2018 Task 1 Training (2594),ISIC_0010256.jpg,ISIC_0010256_segmentation.png,768,1024,25417,786432,0.0323
ISIC_0010257,train,42,ISIC 2018 Task 1 Training (2594),ISIC_0010257.jpg,ISIC_0010257_segmentation.png,768,1024,557984,786432,0.7095
ISIC_0010262,train,42,ISIC 2018 Task 1 Training (2594),ISIC_0010262.jpg,ISIC_0010262_segmentation.png,768,1024,85172,786432,0.1083
ISIC_0010263,val,42,ISIC 2018 Task 1 Training (2594),ISIC_0010263.jpg,ISIC_0010263_segmentation.png,768,1024,27799,786432,0.0353
ISIC_0010264,train,42,ISIC 2018 Task 1 Training (2594),ISIC_0010264.jpg,ISIC_0010264_segmentation.png,768,1024,438947,786432,0.5581
ISIC_0010265,val,42,ISIC 2018 Task 1 Training (2594),ISIC_0010265.jpg,ISIC_0010265_segmentation.png,768,1024,112635,786432,0.1432
ISIC_0010267,train,42,ISIC 2018 Task 1 Training (2594),ISIC_0010267.jpg,ISIC_0010267_segmentation.png,768,1024,420590,786432,0.5348
ISIC_0010317,train,42,ISIC 2018 Task 1 Training (2594),ISIC_0010317.jpg,ISIC_0010317_segmentation.png,768,1024,49631,786432,0.0631
ISIC_0010318,train,42,ISIC 2018 Task 1 Training (2594),ISIC_0010318.jpg,ISIC_0010318_segmentation.png,768,1024,100096,786432,0.1273
ISIC_0010319,val,42,ISIC 2018 Task 1 Training (2594),ISIC_0010319.jpg,ISIC_0010319_segmentation.png,768,1024,388126,786432,0.4935
ISIC_0010320,val,42,ISIC 2018 Task 1 Training (2594),ISIC_0010320.jpg,ISIC_0010320_segmentation.png,768,1024,533940,786432,0.6789
ISIC_0010321,val,42,ISIC 2018 Task 1 Training (2594),ISIC_0010321.jpg,ISIC_0010321_segmentation.png,768,1024,279025,786432,0.3548
ISIC_0010322,train,42,ISIC 2018 Task 1 Training (2594),ISIC_0010322.jpg,ISIC_0010322_segmentation.png,768,1024,684596,786432,0.8705
ISIC_0010323,val,42,ISIC 2018 Task 1 Training (2594),ISIC_0010323.jpg,ISIC_0010323_segmentation.png,768,1024,715379,786432,0.9097
ISIC_0010326,train,42,ISIC 2018 Task 1 Training (2594),ISIC_0010326.jpg,ISIC_0010326_segmentation.png,768,1024,277855,786432,0.3533
ISIC_0010327,train,42,ISIC 2018 Task 1 Training (2594),ISIC_0010327.jpg,ISIC_0010327_segmentation.png,768,1024,141841,786432,0.1804
ISIC_0010329,train,42,ISIC 2018 Task 1 Training (2594),ISIC_0010329.jpg,ISIC_0010329_segmentation.png,768,1024,688969,786432,0.8761
ISIC_0010330,val,42,ISIC 2018 Task 1 Training (2594),ISIC_0010330.jpg,ISIC_0010330_segmentation.png,768,1024,274780,786432,0.3494
ISIC_0010332,train,42,ISIC 2018 Task 1 Training (2594),ISIC_0010332.jpg,ISIC_0010332_segmentation.png,768,1024,293166,786432,0.3728
ISIC_0010333,train,42,ISIC 2018 Task 1 Training (2594),ISIC_0010333.jpg,ISIC_0010333_segmentation.png,768,1024,275221,786432,0.35
ISIC_0010334,train,42,ISIC 2018 Task 1 Training (2594),ISIC_0010334.jpg,ISIC_0010334_segmentation.png,768,1024,425212,786432,0.5407
ISIC_0010335,train,42,ISIC 2018 Task 1 Training (2594),ISIC_0010335.jpg,ISIC_0010335_segmentation.png,768,1024,528919,786432,0.6726
ISIC_0010336,train,42,ISIC 2018 Task 1 Training (2594),ISIC_0010336.jpg,ISIC_0010336_segmentation.png,768,1024,224660,786432,0.2857
ISIC_0010337,train,42,ISIC 2018 Task 1 Training (2594),ISIC_0010337.jpg,ISIC_0010337_segmentation.png,768,1024,153414,786432,0.1951
ISIC_0010339,train,42,ISIC 2018 Task 1 Training (2594),ISIC_0010339.jpg,ISIC_0010339_segmentation.png,768,1024,91895,786432,0.1169
ISIC_0010340,train,42,ISIC 2018 Task 1 Training (2594),ISIC_0010340.jpg,ISIC_0010340_segmentation.png,768,1024,235080,786432,0.2989
ISIC_0010341,train,42,ISIC 2018 Task 1 Training (2594),ISIC_0010341.jpg,ISIC_0010341_segmentation.png,768,1024,77698,786432,0.0988
ISIC_0010342,val,42,ISIC 2018 Task 1 Training (2594),ISIC_0010342.jpg,ISIC_0010342_segmentation.png,768,1024,397444,786432,0.5054
ISIC_0010344,val,42,ISIC 2018 Task 1 Training (2594),ISIC_0010344.jpg,ISIC_0010344_segmentation.png,768,1024,175470,786432,0.2231
ISIC_0010346,val,42,ISIC 2018 Task 1 Training (2594),ISIC_0010346.jpg,ISIC_0010346_segmentation.png,768,1024,230849,786432,0.2935
ISIC_0010347,train,42,ISIC 2018 Task 1 Training (2594),ISIC_0010347.jpg,ISIC_0010347_segmentation.png,768,1024,205690,786432,0.2615
ISIC_0010348,train,42,ISIC 2018 Task 1 Training (2594),ISIC_0010348.jpg,ISIC_0010348_segmentation.png,768,1024,218454,786432,0.2778
ISIC_0010349,train,42,ISIC 2018 Task 1 Training (2594),ISIC_0010349.jpg,ISIC_0010349_segmentation.png,768,1024,530095,786432,0.6741
ISIC_0010350,train,42,ISIC 2018 Task 1 Training (2594),ISIC_0010350.jpg,ISIC_0010350_segmentation.png,768,1024,227802,786432,0.2897
ISIC_0010351,train,42,ISIC 2018 Task 1 Training (2594),ISIC_0010351.jpg,ISIC_0010351_segmentation.png,768,1024,59987,786432,0.0763
ISIC_0010356,train,42,ISIC 2018 Task 1 Training (2594),ISIC_0010356.jpg,ISIC_0010356_segmentation.png,768,1024,71035,786432,0.0903
ISIC_0010357,train,42,ISIC 2018 Task 1 Training (2594),ISIC_0010357.jpg,ISIC_0010357_segmentation.png,768,1024,88644,786432,0.1127
ISIC_0010358,train,42,ISIC 2018 Task 1 Training (2594),ISIC_0010358.jpg,ISIC_0010358_segmentation.png,768,1024,148660,786432,0.189
ISIC_0010360,train,42,ISIC 2018 Task 1 Training (2594),ISIC_0010360.jpg,ISIC_0010360_segmentation.png,768,1024,203205,786432,0.2584
ISIC_0010361,train,42,ISIC 2018 Task 1 Training (2594),ISIC_0010361.jpg,ISIC_0010361_segmentation.png,768,1024,398208,786432,0.5063
ISIC_0010362,train,42,ISIC 2018 Task 1 Training (2594),ISIC_0010362.jpg,ISIC_0010362_segmentation.png,768,1024,40033,786432,0.0509
ISIC_0010364,train,42,ISIC 2018 Task 1 Training (2594),ISIC_0010364.jpg,ISIC_0010364_segmentation.png,768,1024,146432,786432,0.1862
ISIC_0010365,train,42,ISIC 2018 Task 1 Training (2594),ISIC_0010365.jpg,ISIC_0010365_segmentation.png,768,1024,124178,786432,0.1579
ISIC_0010367,train,42,ISIC 2018 Task 1 Training (2594),ISIC_0010367.jpg,ISIC_0010367_segmentation.png,768,1024,91116,786432,0.1159
ISIC_0010368,train,42,ISIC 2018 Task 1 Training (2594),ISIC_0010368.jpg,ISIC_0010368_segmentation.png,768,1024,140289,786432,0.1784
ISIC_0010370,train,42,ISIC 2018 Task 1 Training (2594),ISIC_0010370.jpg,ISIC_0010370_segmentation.png,768,1024,262897,786432,0.3343
ISIC_0010372,train,42,ISIC 2018 Task 1 Training (2594),ISIC_0010372.jpg,ISIC_0010372_segmentation.png,768,1024,166138,786432,0.2113
ISIC_0010374,train,42,ISIC 2018 Task 1 Training (2594),ISIC_0010374.jpg,ISIC_0010374_segmentation.png,768,1024,340054,786432,0.4324
ISIC_0010379,train,42,ISIC 2018 Task 1 Training (2594),ISIC_0010379.jpg,ISIC_0010379_segmentation.png,768,1024,175214,786432,0.2228
ISIC_0010380,train,42,ISIC 2018 Task 1 Training (2594),ISIC_0010380.jpg,ISIC_0010380_segmentation.png,768,1024,99510,786432,0.1265
ISIC_0010382,train,42,ISIC 2018 Task 1 Training (2594),ISIC_0010382.jpg,ISIC_0010382_segmentation.png,768,1024,664168,786432,0.8445
ISIC_0010435,train,42,ISIC 2018 Task 1 Training (2594),ISIC_0010435.jpg,ISIC_0010435_segmentation.png,768,1024,67655,786432,0.086
ISIC_0010439,train,42,ISIC 2018 Task 1 Training (2594),ISIC_0010439.jpg,ISIC_0010439_segmentation.png,768,1024,14868,786432,0.0189
ISIC_0010441,val,42,ISIC 2018 Task 1 Training (2594),ISIC_0010441.jpg,ISIC_0010441_segmentation.png,768,1024,94458,786432,0.1201
ISIC_0010442,train,42,ISIC 2018 Task 1 Training (2594),ISIC_0010442.jpg,ISIC_0010442_segmentation.png,768,1024,243031,786432,0.309
ISIC_0010443,train,42,ISIC 2018 Task 1 Training (2594),ISIC_0010443.jpg,ISIC_0010443_segmentation.png,768,1024,109063,786432,0.1387
ISIC_0010444,train,42,ISIC 2018 Task 1 Training (2594),ISIC_0010444.jpg,ISIC_0010444_segmentation.png,768,1024,31611,786432,0.0402
ISIC_0010445,train,42,ISIC 2018 Task 1 Training (2594),ISIC_0010445.jpg,ISIC_0010445_segmentation.png,768,1024,188974,786432,0.2403
ISIC_0010447,train,42,ISIC 2018 Task 1 Training (2594),ISIC_0010447.jpg,ISIC_0010447_segmentation.png,768,1024,321273,786432,0.4085
ISIC_0010448,train,42,ISIC 2018 Task 1 Training (2594),ISIC_0010448.jpg,ISIC_0010448_segmentation.png,768,1024,540348,786432,0.6871
ISIC_0010449,train,42,ISIC 2018 Task 1 Training (2594),ISIC_0010449.jpg,ISIC_0010449_segmentation.png,768,1024,247001,786432,0.3141
ISIC_0010452,val,42,ISIC 2018 Task 1 Training (2594),ISIC_0010452.jpg,ISIC_0010452_segmentation.png,768,1024,214692,786432,0.273
ISIC_0010455,train,42,ISIC 2018 Task 1 Training (2594),ISIC_0010455.jpg,ISIC_0010455_segmentation.png,768,1024,426819,786432,0.5427
ISIC_0010456,train,42,ISIC 2018 Task 1 Training (2594),ISIC_0010456.jpg,ISIC_0010456_segmentation.png,768,1024,27122,786432,0.0345
ISIC_0010457,train,42,ISIC 2018 Task 1 Training (2594),ISIC_0010457.jpg,ISIC_0010457_segmentation.png,768,1024,659988,786432,0.8392
ISIC_0010458,train,42,ISIC 2018 Task 1 Training (2594),ISIC_0010458.jpg,ISIC_0010458_segmentation.png,768,1024,104928,786432,0.1334
ISIC_0010459,train,42,ISIC 2018 Task 1 Training (2594),ISIC_0010459.jpg,ISIC_0010459_segmentation.png,768,1024,536231,786432,0.6819
ISIC_0010461,train,42,ISIC 2018 Task 1 Training (2594),ISIC_0010461.jpg,ISIC_0010461_segmentation.png,768,1024,93696,786432,0.1191
ISIC_0010462,train,42,ISIC 2018 Task 1 Training (2594),ISIC_0010462.jpg,ISIC_0010462_segmentation.png,768,1024,65791,786432,0.0837
ISIC_0010463,train,42,ISIC 2018 Task 1 Training (2594),ISIC_0010463.jpg,ISIC_0010463_segmentation.png,768,1024,253496,786432,0.3223
ISIC_0010465,train,42,ISIC 2018 Task 1 Training (2594),ISIC_0010465.jpg,ISIC_0010465_segmentation.png,768,1024,150574,786432,0.1915
ISIC_0010466,train,42,ISIC 2018 Task 1 Training (2594),ISIC_0010466.jpg,ISIC_0010466_segmentation.png,768,1024,81211,786432,0.1033
ISIC_0010467,train,42,ISIC 2018 Task 1 Training (2594),ISIC_0010467.jpg,ISIC_0010467_segmentation.png,768,1024,83302,786432,0.1059
ISIC_0010468,train,42,ISIC 2018 Task 1 Training (2594),ISIC_0010468.jpg,ISIC_0010468_segmentation.png,768,1024,127981,786432,0.1627
ISIC_0010472,train,42,ISIC 2018 Task 1 Training (2594),ISIC_0010472.jpg,ISIC_0010472_segmentation.png,768,1024,36562,786432,0.0465
ISIC_0010473,train,42,ISIC 2018 Task 1 Training (2594),ISIC_0010473.jpg,ISIC_0010473_segmentation.png,768,1024,319049,786432,0.4057
ISIC_0010474,train,42,ISIC 2018 Task 1 Training (2594),ISIC_0010474.jpg,ISIC_0010474_segmentation.png,768,1024,51690,786432,0.0657
ISIC_0010475,train,42,ISIC 2018 Task 1 Training (2594),ISIC_0010475.jpg,ISIC_0010475_segmentation.png,768,1024,123734,786432,0.1573
ISIC_0010476,train,42,ISIC 2018 Task 1 Training (2594),ISIC_0010476.jpg,ISIC_0010476_segmentation.png,768,1024,107430,786432,0.1366
ISIC_0010477,train,42,ISIC 2018 Task 1 Training (2594),ISIC_0010477.jpg,ISIC_0010477_segmentation.png,768,1024,638025,786432,0.8113
ISIC_0010479,train,42,ISIC 2018 Task 1 Training (2594),ISIC_0010479.jpg,ISIC_0010479_segmentation.png,768,1024,350194,786432,0.4453
ISIC_0010480,train,42,ISIC 2018 Task 1 Training (2594),ISIC_0010480.jpg,ISIC_0010480_segmentation.png,768,1024,359391,786432,0.457
ISIC_0010481,train,42,ISIC 2018 Task 1 Training (2594),ISIC_0010481.jpg,ISIC_0010481_segmentation.png,768,1024,100298,786432,0.1275
ISIC_0010483,train,42,ISIC 2018 Task 1 Training (2594),ISIC_0010483.jpg,ISIC_0010483_segmentation.png,768,1024,96448,786432,0.1226
ISIC_0010487,train,42,ISIC 2018 Task 1 Training (2594),ISIC_0010487.jpg,ISIC_0010487_segmentation.png,768,1024,179076,786432,0.2277
ISIC_0010488,train,42,ISIC 2018 Task 1 Training (2594),ISIC_0010488.jpg,ISIC_0010488_segmentation.png,768,1024,355291,786432,0.4518
ISIC_0010490,val,42,ISIC 2018 Task 1 Training (2594),ISIC_0010490.jpg,ISIC_0010490_segmentation.png,768,1024,273826,786432,0.3482
ISIC_0010492,val,42,ISIC 2018 Task 1 Training (2594),ISIC_0010492.jpg,ISIC_0010492_segmentation.png,768,1024,638671,786432,0.8121
ISIC_0010493,val,42,ISIC 2018 Task 1 Training (2594),ISIC_0010493.jpg,ISIC_0010493_segmentation.png,768,1024,337754,786432,0.4295
ISIC_0010494,val,42,ISIC 2018 Task 1 Training (2594),ISIC_0010494.jpg,ISIC_0010494_segmentation.png,768,1024,258793,786432,0.3291
ISIC_0010496,val,42,ISIC 2018 Task 1 Training (2594),ISIC_0010496.jpg,ISIC_0010496_segmentation.png,768,1024,283956,786432,0.3611
ISIC_0010497,train,42,ISIC 2018 Task 1 Training (2594),ISIC_0010497.jpg,ISIC_0010497_segmentation.png,768,1024,433301,786432,0.551
ISIC_0010498,val,42,ISIC 2018 Task 1 Training (2594),ISIC_0010498.jpg,ISIC_0010498_segmentation.png,768,1024,208832,786432,0.2655
ISIC_0010552,val,42,ISIC 2018 Task 1 Training (2594),ISIC_0010552.jpg,ISIC_0010552_segmentation.png,768,1024,288013,786432,0.3662
ISIC_0010553,train,42,ISIC 2018 Task 1 Training (2594),ISIC_0010553.jpg,ISIC_0010553_segmentation.png,768,1024,112961,786432,0.1436
ISIC_0010554,train,42,ISIC 2018 Task 1 Training (2594),ISIC_0010554.jpg,ISIC_0010554_segmentation.png,768,1024,108672,786432,0.1382
ISIC_0010557,train,42,ISIC 2018 Task 1 Training (2594),ISIC_0010557.jpg,ISIC_0010557_segmentation.png,768,1024,97208,786432,0.1236
ISIC_0010558,train,42,ISIC 2018 Task 1 Training (2594),ISIC_0010558.jpg,ISIC_0010558_segmentation.png,768,1024,347338,786432,0.4417
ISIC_0010562,train,42,ISIC 2018 Task 1 Training (2594),ISIC_0010562.jpg,ISIC_0010562_segmentation.png,768,1024,102818,786432,0.1307
ISIC_0010565,train,42,ISIC 2018 Task 1 Training (2594),ISIC_0010565.jpg,ISIC_0010565_segmentation.png,768,1024,185801,786432,0.2363
ISIC_0010566,train,42,ISIC 2018 Task 1 Training (2594),ISIC_0010566.jpg,ISIC_0010566_segmentation.png,768,1024,111852,786432,0.1422
ISIC_0010567,train,42,ISIC 2018 Task 1 Training (2594),ISIC_0010567.jpg,ISIC_0010567_segmentation.png,768,1024,86908,786432,0.1105
ISIC_0010568,train,42,ISIC 2018 Task 1 Training (2594),ISIC_0010568.jpg,ISIC_0010568_segmentation.png,768,1024,407595,786432,0.5183
ISIC_0010569,train,42,ISIC 2018 Task 1 Training (2594),ISIC_0010569.jpg,ISIC_0010569_segmentation.png,768,1024,15288,786432,0.0194
ISIC_0010570,val,42,ISIC 2018 Task 1 Training (2594),ISIC_0010570.jpg,ISIC_0010570_segmentation.png,768,1024,295174,786432,0.3753
ISIC_0010571,val,42,ISIC 2018 Task 1 Training (2594),ISIC_0010571.jpg,ISIC_0010571_segmentation.png,768,1024,224728,786432,0.2858
ISIC_0010572,train,42,ISIC 2018 Task 1 Training (2594),ISIC_0010572.jpg,ISIC_0010572_segmentation.png,768,1024,383510,786432,0.4877
ISIC_0010573,train,42,ISIC 2018 Task 1 Training (2594),ISIC_0010573.jpg,ISIC_0010573_segmentation.png,768,1024,300650,786432,0.3823
ISIC_0010574,val,42,ISIC 2018 Task 1 Training (2594),ISIC_0010574.jpg,ISIC_0010574_segmentation.png,768,1024,108515,786432,0.138
ISIC_0010576,train,42,ISIC 2018 Task 1 Training (2594),ISIC_0010576.jpg,ISIC_0010576_segmentation.png,768,1024,240519,786432,0.3058
ISIC_0010581,val,42,ISIC 2018 Task 1 Training (2594),ISIC_0010581.jpg,ISIC_0010581_segmentation.png,768,1024,143395,786432,0.1823
ISIC_0010584,train,42,ISIC 2018 Task 1 Training (2594),ISIC_0010584.jpg,ISIC_0010584_segmentation.png,768,1024,71638,786432,0.0911
ISIC_0010585,train,42,ISIC 2018 Task 1 Training (2594),ISIC_0010585.jpg,ISIC_0010585_segmentation.png,768,1024,19302,786432,0.0245
ISIC_0010587,val,42,ISIC 2018 Task 1 Training (2594),ISIC_0010587.jpg,ISIC_0010587_segmentation.png,768,1024,119308,786432,0.1517
ISIC_0010588,train,42,ISIC 2018 Task 1 Training (2594),ISIC_0010588.jpg,ISIC_0010588_segmentation.png,768,1024,716395,786432,0.9109
ISIC_0010589,train,42,ISIC 2018 Task 1 Training (2594),ISIC_0010589.jpg,ISIC_0010589_segmentation.png,768,1024,438176,786432,0.5572
ISIC_0010590,train,42,ISIC 2018 Task 1 Training (2594),ISIC_0010590.jpg,ISIC_0010590_segmentation.png,768,1024,56303,786432,0.0716
ISIC_0010591,train,42,ISIC 2018 Task 1 Training (2594),ISIC_0010591.jpg,ISIC_0010591_segmentation.png,768,1024,198295,786432,0.2521
ISIC_0010592,train,42,ISIC 2018 Task 1 Training (2594),ISIC_0010592.jpg,ISIC_0010592_segmentation.png,768,1024,15209,786432,0.0193
ISIC_0010593,train,42,ISIC 2018 Task 1 Training (2594),ISIC_0010593.jpg,ISIC_0010593_segmentation.png,768,1024,64912,786432,0.0825
ISIC_0010595,train,42,ISIC 2018 Task 1 Training (2594),ISIC_0010595.jpg,ISIC_0010595_segmentation.png,768,1024,316193,786432,0.4021
ISIC_0010596,train,42,ISIC 2018 Task 1 Training (2594),ISIC_0010596.jpg,ISIC_0010596_segmentation.png,768,1024,320091,786432,0.407
ISIC_0010597,train,42,ISIC 2018 Task 1 Training (2594),ISIC_0010597.jpg,ISIC_0010597_segmentation.png,768,1024,262588,786432,0.3339
ISIC_0010598,train,42,ISIC 2018 Task 1 Training (2594),ISIC_0010598.jpg,ISIC_0010598_segmentation.png,768,1024,49218,786432,0.0626
ISIC_0010599,val,42,ISIC 2018 Task 1 Training (2594),ISIC_0010599.jpg,ISIC_0010599_segmentation.png,768,1024,276556,786432,0.3517
ISIC_0010602,val,42,ISIC 2018 Task 1 Training (2594),ISIC_0010602.jpg,ISIC_0010602_segmentation.png,768,1024,431056,786432,0.5481
ISIC_0010603,train,42,ISIC 2018 Task 1 Training (2594),ISIC_0010603.jpg,ISIC_0010603_segmentation.png,768,1024,567779,786432,0.722
ISIC_0010604,train,42,ISIC 2018 Task 1 Training (2594),ISIC_0010604.jpg,ISIC_0010604_segmentation.png,768,1024,731561,786432,0.9302
ISIC_0010605,val,42,ISIC 2018 Task 1 Training (2594),ISIC_0010605.jpg,ISIC_0010605_segmentation.png,768,1024,603318,786432,0.7672
ISIC_0010606,val,42,ISIC 2018 Task 1 Training (2594),ISIC_0010606.jpg,ISIC_0010606_segmentation.png,768,1024,146209,786432,0.1859
ISIC_0010607,train,42,ISIC 2018 Task 1 Training (2594),ISIC_0010607.jpg,ISIC_0010607_segmentation.png,768,1024,37609,786432,0.0478
ISIC_0010844,train,42,ISIC 2018 Task 1 Training (2594),ISIC_0010844.jpg,ISIC_0010844_segmentation.png,768,1024,197939,786432,0.2517
ISIC_0010846,train,42,ISIC 2018 Task 1 Training (2594),ISIC_0010846.jpg,ISIC_0010846_segmentation.png,768,1024,407066,786432,0.5176
ISIC_0010847,train,42,ISIC 2018 Task 1 Training (2594),ISIC_0010847.jpg,ISIC_0010847_segmentation.png,768,1024,280041,786432,0.3561
ISIC_0010848,train,42,ISIC 2018 Task 1 Training (2594),ISIC_0010848.jpg,ISIC_0010848_segmentation.png,768,1024,102652,786432,0.1305
ISIC_0010849,train,42,ISIC 2018 Task 1 Training (2594),ISIC_0010849.jpg,ISIC_0010849_segmentation.png,768,1024,265213,786432,0.3372
ISIC_0010850,train,42,ISIC 2018 Task 1 Training (2594),ISIC_0010850.jpg,ISIC_0010850_segmentation.png,768,1024,107229,786432,0.1363
ISIC_0010851,train,42,ISIC 2018 Task 1 Training (2594),ISIC_0010851.jpg,ISIC_0010851_segmentation.png,768,1024,127213,786432,0.1618
ISIC_0010852,train,42,ISIC 2018 Task 1 Training (2594),ISIC_0010852.jpg,ISIC_0010852_segmentation.png,768,1024,63309,786432,0.0805
ISIC_0010853,train,42,ISIC 2018 Task 1 Training (2594),ISIC_0010853.jpg,ISIC_0010853_segmentation.png,768,1024,43047,786432,0.0547
ISIC_0010854,train,42,ISIC 2018 Task 1 Training (2594),ISIC_0010854.jpg,ISIC_0010854_segmentation.png,768,1024,95787,786432,0.1218
ISIC_0010856,val,42,ISIC 2018 Task 1 Training (2594),ISIC_0010856.jpg,ISIC_0010856_segmentation.png,768,1024,204560,786432,0.2601
ISIC_0010857,train,42,ISIC 2018 Task 1 Training (2594),ISIC_0010857.jpg,ISIC_0010857_segmentation.png,768,1024,665660,786432,0.8464
ISIC_0010858,train,42,ISIC 2018 Task 1 Training (2594),ISIC_0010858.jpg,ISIC_0010858_segmentation.png,768,1024,199362,786432,0.2535
ISIC_0010860,train,42,ISIC 2018 Task 1 Training (2594),ISIC_0010860.jpg,ISIC_0010860_segmentation.png,768,1024,206813,786432,0.263
ISIC_0010861,val,42,ISIC 2018 Task 1 Training (2594),ISIC_0010861.jpg,ISIC_0010861_segmentation.png,768,1024,28871,786432,0.0367
ISIC_0010862,train,42,ISIC 2018 Task 1 Training (2594),ISIC_0010862.jpg,ISIC_0010862_segmentation.png,768,1024,123112,786432,0.1565
ISIC_0010863,train,42,ISIC 2018 Task 1 Training (2594),ISIC_0010863.jpg,ISIC_0010863_segmentation.png,768,1024,446678,786432,0.568
ISIC_0010864,val,42,ISIC 2018 Task 1 Training (2594),ISIC_0010864.jpg,ISIC_0010864_segmentation.png,768,1024,128912,786432,0.1639
ISIC_0011079,val,42,ISIC 2018 Task 1 Training (2594),ISIC_0011079.jpg,ISIC_0011079_segmentation.png,768,1024,372087,786432,0.4731
ISIC_0011081,train,42,ISIC 2018 Task 1 Training (2594),ISIC_0011081.jpg,ISIC_0011081_segmentation.png,768,1024,263669,786432,0.3353
ISIC_0011082,train,42,ISIC 2018 Task 1 Training (2594),ISIC_0011082.jpg,ISIC_0011082_segmentation.png,768,1024,15595,786432,0.0198
ISIC_0011083,train,42,ISIC 2018 Task 1 Training (2594),ISIC_0011083.jpg,ISIC_0011083_segmentation.png,768,1024,23984,786432,0.0305
ISIC_0011084,val,42,ISIC 2018 Task 1 Training (2594),ISIC_0011084.jpg,ISIC_0011084_segmentation.png,768,1024,217936,786432,0.2771
ISIC_0011085,val,42,ISIC 2018 Task 1 Training (2594),ISIC_0011085.jpg,ISIC_0011085_segmentation.png,768,1024,91375,786432,0.1162
ISIC_0011088,train,42,ISIC 2018 Task 1 Training (2594),ISIC_0011088.jpg,ISIC_0011088_segmentation.png,768,1024,241804,786432,0.3075
ISIC_0011089,train,42,ISIC 2018 Task 1 Training (2594),ISIC_0011089.jpg,ISIC_0011089_segmentation.png,768,1024,187683,786432,0.2387
ISIC_0011090,train,42,ISIC 2018 Task 1 Training (2594),ISIC_0011090.jpg,ISIC_0011090_segmentation.png,768,1024,278817,786432,0.3545
ISIC_0011092,train,42,ISIC 2018 Task 1 Training (2594),ISIC_0011092.jpg,ISIC_0011092_segmentation.png,768,1024,88982,786432,0.1131
ISIC_0011095,train,42,ISIC 2018 Task 1 Training (2594),ISIC_0011095.jpg,ISIC_0011095_segmentation.png,768,1024,175027,786432,0.2226
ISIC_0011097,train,42,ISIC 2018 Task 1 Training (2594),ISIC_0011097.jpg,ISIC_0011097_segmentation.png,768,1024,102938,786432,0.1309
ISIC_0011098,val,42,ISIC 2018 Task 1 Training (2594),ISIC_0011098.jpg,ISIC_0011098_segmentation.png,768,1024,78998,786432,0.1005
ISIC_0011099,train,42,ISIC 2018 Task 1 Training (2594),ISIC_0011099.jpg,ISIC_0011099_segmentation.png,768,1024,224870,786432,0.2859
ISIC_0011101,train,42,ISIC 2018 Task 1 Training (2594),ISIC_0011101.jpg,ISIC_0011101_segmentation.png,768,1024,175843,786432,0.2236
ISIC_0011102,train,42,ISIC 2018 Task 1 Training (2594),ISIC_0011102.jpg,ISIC_0011102_segmentation.png,768,1024,250748,786432,0.3188
ISIC_0011104,train,42,ISIC 2018 Task 1 Training (2594),ISIC_0011104.jpg,ISIC_0011104_segmentation.png,768,1024,339138,786432,0.4312
ISIC_0011105,train,42,ISIC 2018 Task 1 Training (2594),ISIC_0011105.jpg,ISIC_0011105_segmentation.png,768,1024,415230,786432,0.528
ISIC_0011107,train,42,ISIC 2018 Task 1 Training (2594),ISIC_0011107.jpg,ISIC_0011107_segmentation.png,768,1024,471589,786432,0.5997
ISIC_0011109,train,42,ISIC 2018 Task 1 Training (2594),ISIC_0011109.jpg,ISIC_0011109_segmentation.png,768,1024,487339,786432,0.6197
ISIC_0011110,train,42,ISIC 2018 Task 1 Training (2594),ISIC_0011110.jpg,ISIC_0011110_segmentation.png,768,1024,121163,786432,0.1541
ISIC_0011112,train,42,ISIC 2018 Task 1 Training (2594),ISIC_0011112.jpg,ISIC_0011112_segmentation.png,768,1024,604635,786432,0.7688
ISIC_0011114,val,42,ISIC 2018 Task 1 Training (2594),ISIC_0011114.jpg,ISIC_0011114_segmentation.png,768,1024,127396,786432,0.162
ISIC_0011115,train,42,ISIC 2018 Task 1 Training (2594),ISIC_0011115.jpg,ISIC_0011115_segmentation.png,768,1024,24777,786432,0.0315
ISIC_0011117,train,42,ISIC 2018 Task 1 Training (2594),ISIC_0011117.jpg,ISIC_0011117_segmentation.png,768,1024,365377,786432,0.4646
ISIC_0011118,train,42,ISIC 2018 Task 1 Training (2594),ISIC_0011118.jpg,ISIC_0011118_segmentation.png,768,1024,115655,786432,0.1471
ISIC_0011119,train,42,ISIC 2018 Task 1 Training (2594),ISIC_0011119.jpg,ISIC_0011119_segmentation.png,768,1024,102218,786432,0.13
ISIC_0011120,train,42,ISIC 2018 Task 1 Training (2594),ISIC_0011120.jpg,ISIC_0011120_segmentation.png,768,1024,746114,786432,0.9487
ISIC_0011121,train,42,ISIC 2018 Task 1 Training (2594),ISIC_0011121.jpg,ISIC_0011121_segmentation.png,768,1024,739831,786432,0.9407
ISIC_0011123,val,42,ISIC 2018 Task 1 Training (2594),ISIC_0011123.jpg,ISIC_0011123_segmentation.png,768,1024,220286,786432,0.2801
ISIC_0011124,train,42,ISIC 2018 Task 1 Training (2594),ISIC_0011124.jpg,ISIC_0011124_segmentation.png,768,1024,212933,786432,0.2708
ISIC_0011127,train,42,ISIC 2018 Task 1 Training (2594),ISIC_0011127.jpg,ISIC_0011127_segmentation.png,768,1024,97151,786432,0.1235
ISIC_0011128,train,42,ISIC 2018 Task 1 Training (2594),ISIC_0011128.jpg,ISIC_0011128_segmentation.png,768,1024,311513,786432,0.3961
ISIC_0011129,train,42,ISIC 2018 Task 1 Training (2594),ISIC_0011129.jpg,ISIC_0011129_segmentation.png,768,1024,351021,786432,0.4463
ISIC_0011130,train,42,ISIC 2018 Task 1 Training (2594),ISIC_0011130.jpg,ISIC_0011130_segmentation.png,768,1024,93668,786432,0.1191
ISIC_0011131,val,42,ISIC 2018 Task 1 Training (2594),ISIC_0011131.jpg,ISIC_0011131_segmentation.png,768,1024,178916,786432,0.2275
ISIC_0011132,train,42,ISIC 2018 Task 1 Training (2594),ISIC_0011132.jpg,ISIC_0011132_segmentation.png,768,1024,148685,786432,0.1891
ISIC_0011135,train,42,ISIC 2018 Task 1 Training (2594),ISIC_0011135.jpg,ISIC_0011135_segmentation.png,768,1024,141128,786432,0.1795
ISIC_0011137,train,42,ISIC 2018 Task 1 Training (2594),ISIC_0011137.jpg,ISIC_0011137_segmentation.png,768,1024,262530,786432,0.3338
ISIC_0011139,train,42,ISIC 2018 Task 1 Training (2594),ISIC_0011139.jpg,ISIC_0011139_segmentation.png,768,1024,286955,786432,0.3649
ISIC_0011140,train,42,ISIC 2018 Task 1 Training (2594),ISIC_0011140.jpg,ISIC_0011140_segmentation.png,768,1024,82575,786432,0.105
ISIC_0011143,train,42,ISIC 2018 Task 1 Training (2594),ISIC_0011143.jpg,ISIC_0011143_segmentation.png,768,1024,9575,786432,0.0122
ISIC_0011144,train,42,ISIC 2018 Task 1 Training (2594),ISIC_0011144.jpg,ISIC_0011144_segmentation.png,768,1024,217117,786432,0.2761
ISIC_0011146,val,42,ISIC 2018 Task 1 Training (2594),ISIC_0011146.jpg,ISIC_0011146_segmentation.png,768,1024,106303,786432,0.1352
ISIC_0011149,val,42,ISIC 2018 Task 1 Training (2594),ISIC_0011149.jpg,ISIC_0011149_segmentation.png,768,1024,460942,786432,0.5861
ISIC_0011150,train,42,ISIC 2018 Task 1 Training (2594),ISIC_0011150.jpg,ISIC_0011150_segmentation.png,768,1024,95300,786432,0.1212
ISIC_0011151,val,42,ISIC 2018 Task 1 Training (2594),ISIC_0011151.jpg,ISIC_0011151_segmentation.png,768,1024,655557,786432,0.8336
ISIC_0011155,train,42,ISIC 2018 Task 1 Training (2594),ISIC_0011155.jpg,ISIC_0011155_segmentation.png,768,1024,310108,786432,0.3943
ISIC_0011156,train,42,ISIC 2018 Task 1 Training (2594),ISIC_0011156.jpg,ISIC_0011156_segmentation.png,768,1024,393787,786432,0.5007
ISIC_0011157,val,42,ISIC 2018 Task 1 Training (2594),ISIC_0011157.jpg,ISIC_0011157_segmentation.png,768,1024,119909,786432,0.1525
ISIC_0011158,val,42,ISIC 2018 Task 1 Training (2594),ISIC_0011158.jpg,ISIC_0011158_segmentation.png,768,1024,511679,786432,0.6506
ISIC_0011159,train,42,ISIC 2018 Task 1 Training (2594),ISIC_0011159.jpg,ISIC_0011159_segmentation.png,768,1024,477711,786432,0.6074
ISIC_0011161,train,42,ISIC 2018 Task 1 Training (2594),ISIC_0011161.jpg,ISIC_0011161_segmentation.png,768,1024,400716,786432,0.5095
ISIC_0011162,val,42,ISIC 2018 Task 1 Training (2594),ISIC_0011162.jpg,ISIC_0011162_segmentation.png,768,1024,106609,786432,0.1356
ISIC_0011163,train,42,ISIC 2018 Task 1 Training (2594),ISIC_0011163.jpg,ISIC_0011163_segmentation.png,768,1024,95195,786432,0.121
ISIC_0011164,train,42,ISIC 2018 Task 1 Training (2594),ISIC_0011164.jpg,ISIC_0011164_segmentation.png,768,1024,70108,786432,0.0891
ISIC_0011165,train,42,ISIC 2018 Task 1 Training (2594),ISIC_0011165.jpg,ISIC_0011165_segmentation.png,768,1024,250925,786432,0.3191
ISIC_0011166,train,42,ISIC 2018 Task 1 Training (2594),ISIC_0011166.jpg,ISIC_0011166_segmentation.png,768,1024,79725,786432,0.1014
ISIC_0011167,train,42,ISIC 2018 Task 1 Training (2594),ISIC_0011167.jpg,ISIC_0011167_segmentation.png,768,1024,618935,786432,0.787
ISIC_0011168,train,42,ISIC 2018 Task 1 Training (2594),ISIC_0011168.jpg,ISIC_0011168_segmentation.png,768,1024,46337,786432,0.0589
ISIC_0011169,val,42,ISIC 2018 Task 1 Training (2594),ISIC_0011169.jpg,ISIC_0011169_segmentation.png,768,1024,177593,786432,0.2258
ISIC_0011170,val,42,ISIC 2018 Task 1 Training (2594),ISIC_0011170.jpg,ISIC_0011170_segmentation.png,768,1024,169004,786432,0.2149
ISIC_0011171,train,42,ISIC 2018 Task 1 Training (2594),ISIC_0011171.jpg,ISIC_0011171_segmentation.png,768,1024,68573,786432,0.0872
ISIC_0011173,train,42,ISIC 2018 Task 1 Training (2594),ISIC_0011173.jpg,ISIC_0011173_segmentation.png,768,1024,27273,786432,0.0347
ISIC_0011176,train,42,ISIC 2018 Task 1 Training (2594),ISIC_0011176.jpg,ISIC_0011176_segmentation.png,768,1024,220896,786432,0.2809
ISIC_0011177,val,42,ISIC 2018 Task 1 Training (2594),ISIC_0011177.jpg,ISIC_0011177_segmentation.png,768,1024,302342,786432,0.3844
ISIC_0011199,val,42,ISIC 2018 Task 1 Training (2594),ISIC_0011199.jpg,ISIC_0011199_segmentation.png,768,1024,36699,786432,0.0467
ISIC_0011202,train,42,ISIC 2018 Task 1 Training (2594),ISIC_0011202.jpg,ISIC_0011202_segmentation.png,768,1024,145034,786432,0.1844
ISIC_0011203,train,42,ISIC 2018 Task 1 Training (2594),ISIC_0011203.jpg,ISIC_0011203_segmentation.png,768,1024,298467,786432,0.3795
ISIC_0011204,train,42,ISIC 2018 Task 1 Training (2594),ISIC_0011204.jpg,ISIC_0011204_segmentation.png,768,1024,142051,786432,0.1806
ISIC_0011205,train,42,ISIC 2018 Task 1 Training (2594),ISIC_0011205.jpg,ISIC_0011205_segmentation.png,768,1024,75741,786432,0.0963
ISIC_0011207,train,42,ISIC 2018 Task 1 Training (2594),ISIC_0011207.jpg,ISIC_0011207_segmentation.png,768,1024,46915,786432,0.0597
ISIC_0011208,train,42,ISIC 2018 Task 1 Training (2594),ISIC_0011208.jpg,ISIC_0011208_segmentation.png,768,1024,67831,786432,0.0863
ISIC_0011210,train,42,ISIC 2018 Task 1 Training (2594),ISIC_0011210.jpg,ISIC_0011210_segmentation.png,768,1024,33723,786432,0.0429
ISIC_0011211,train,42,ISIC 2018 Task 1 Training (2594),ISIC_0011211.jpg,ISIC_0011211_segmentation.png,768,1024,306684,786432,0.39
ISIC_0011212,train,42,ISIC 2018 Task 1 Training (2594),ISIC_0011212.jpg,ISIC_0011212_segmentation.png,768,1024,426110,786432,0.5418
ISIC_0011213,val,42,ISIC 2018 Task 1 Training (2594),ISIC_0011213.jpg,ISIC_0011213_segmentation.png,768,1024,31027,786432,0.0395
ISIC_0011214,train,42,ISIC 2018 Task 1 Training (2594),ISIC_0011214.jpg,ISIC_0011214_segmentation.png,768,1024,408484,786432,0.5194
ISIC_0011218,train,42,ISIC 2018 Task 1 Training (2594),ISIC_0011218.jpg,ISIC_0011218_segmentation.png,768,1024,69258,786432,0.0881
ISIC_0011219,val,42,ISIC 2018 Task 1 Training (2594),ISIC_0011219.jpg,ISIC_0011219_segmentation.png,768,1024,79402,786432,0.101
ISIC_0011220,train,42,ISIC 2018 Task 1 Training (2594),ISIC_0011220.jpg,ISIC_0011220_segmentation.png,768,1024,29449,786432,0.0374
ISIC_0011223,train,42,ISIC 2018 Task 1 Training (2594),ISIC_0011223.jpg,ISIC_0011223_segmentation.png,768,1024,78900,786432,0.1003
ISIC_0011224,train,42,ISIC 2018 Task 1 Training (2594),ISIC_0011224.jpg,ISIC_0011224_segmentation.png,768,1024,192014,786432,0.2442
ISIC_0011225,train,42,ISIC 2018 Task 1 Training (2594),ISIC_0011225.jpg,ISIC_0011225_segmentation.png,768,1024,18599,786432,0.0236
ISIC_0011227,train,42,ISIC 2018 Task 1 Training (2594),ISIC_0011227.jpg,ISIC_0011227_segmentation.png,768,1024,275858,786432,0.3508
ISIC_0011228,train,42,ISIC 2018 Task 1 Training (2594),ISIC_0011228.jpg,ISIC_0011228_segmentation.png,768,1024,246334,786432,0.3132
ISIC_0011229,train,42,ISIC 2018 Task 1 Training (2594),ISIC_0011229.jpg,ISIC_0011229_segmentation.png,768,1024,294731,786432,0.3748
ISIC_0011230,train,42,ISIC 2018 Task 1 Training (2594),ISIC_0011230.jpg,ISIC_0011230_segmentation.png,768,1024,89938,786432,0.1144
ISIC_0011292,train,42,ISIC 2018 Task 1 Training (2594),ISIC_0011292.jpg,ISIC_0011292_segmentation.png,768,1024,92955,786432,0.1182
ISIC_0011294,train,42,ISIC 2018 Task 1 Training (2594),ISIC_0011294.jpg,ISIC_0011294_segmentation.png,768,1024,139382,786432,0.1772
ISIC_0011295,train,42,ISIC 2018 Task 1 Training (2594),ISIC_0011295.jpg,ISIC_0011295_segmentation.png,768,1024,364651,786432,0.4637
ISIC_0011296,train,42,ISIC 2018 Task 1 Training (2594),ISIC_0011296.jpg,ISIC_0011296_segmentation.png,768,1024,147491,786432,0.1875
ISIC_0011297,train,42,ISIC 2018 Task 1 Training (2594),ISIC_0011297.jpg,ISIC_0011297_segmentation.png,768,1024,97510,786432,0.124
ISIC_0011298,train,42,ISIC 2018 Task 1 Training (2594),ISIC_0011298.jpg,ISIC_0011298_segmentation.png,768,1024,59164,786432,0.0752
ISIC_0011300,train,42,ISIC 2018 Task 1 Training (2594),ISIC_0011300.jpg,ISIC_0011300_segmentation.png,768,1024,694353,786432,0.8829
ISIC_0011301,train,42,ISIC 2018 Task 1 Training (2594),ISIC_0011301.jpg,ISIC_0011301_segmentation.png,768,1024,219126,786432,0.2786
ISIC_0011303,train,42,ISIC 2018 Task 1 Training (2594),ISIC_0011303.jpg,ISIC_0011303_segmentation.png,768,1024,97908,786432,0.1245
ISIC_0011304,train,42,ISIC 2018 Task 1 Training (2594),ISIC_0011304.jpg,ISIC_0011304_segmentation.png,768,1024,64268,786432,0.0817
ISIC_0011305,train,42,ISIC 2018 Task 1 Training (2594),ISIC_0011305.jpg,ISIC_0011305_segmentation.png,768,1024,102788,786432,0.1307
ISIC_0011306,val,42,ISIC 2018 Task 1 Training (2594),ISIC_0011306.jpg,ISIC_0011306_segmentation.png,768,1024,120912,786432,0.1537
ISIC_0011315,train,42,ISIC 2018 Task 1 Training (2594),ISIC_0011315.jpg,ISIC_0011315_segmentation.png,768,1024,251329,786432,0.3196
ISIC_0011317,train,42,ISIC 2018 Task 1 Training (2594),ISIC_0011317.jpg,ISIC_0011317_segmentation.png,768,1024,37384,786432,0.0475
ISIC_0011322,train,42,ISIC 2018 Task 1 Training (2594),ISIC_0011322.jpg,ISIC_0011322_segmentation.png,768,1024,319368,786432,0.4061
ISIC_0011323,val,42,ISIC 2018 Task 1 Training (2594),ISIC_0011323.jpg,ISIC_0011323_segmentation.png,768,1024,109401,786432,0.1391
ISIC_0011324,train,42,ISIC 2018 Task 1 Training (2594),ISIC_0011324.jpg,ISIC_0011324_segmentation.png,768,1024,118785,786432,0.151
ISIC_0011326,train,42,ISIC 2018 Task 1 Training (2594),ISIC_0011326.jpg,ISIC_0011326_segmentation.png,768,1024,164209,786432,0.2088
ISIC_0011327,val,42,ISIC 2018 Task 1 Training (2594),ISIC_0011327.jpg,ISIC_0011327_segmentation.png,768,1024,292064,786432,0.3714
ISIC_0011328,train,42,ISIC 2018 Task 1 Training (2594),ISIC_0011328.jpg,ISIC_0011328_segmentation.png,768,1024,194152,786432,0.2469
ISIC_0011329,train,42,ISIC 2018 Task 1 Training (2594),ISIC_0011329.jpg,ISIC_0011329_segmentation.png,768,1024,695333,786432,0.8842
ISIC_0011330,train,42,ISIC 2018 Task 1 Training (2594),ISIC_0011330.jpg,ISIC_0011330_segmentation.png,768,1024,68892,786432,0.0876
ISIC_0011333,val,42,ISIC 2018 Task 1 Training (2594),ISIC_0011333.jpg,ISIC_0011333_segmentation.png,768,1024,272006,786432,0.3459
ISIC_0011334,train,42,ISIC 2018 Task 1 Training (2594),ISIC_0011334.jpg,ISIC_0011334_segmentation.png,768,1024,752353,786432,0.9567
ISIC_0011336,train,42,ISIC 2018 Task 1 Training (2594),ISIC_0011336.jpg,ISIC_0011336_segmentation.png,768,1024,253855,786432,0.3228
ISIC_0011338,val,42,ISIC 2018 Task 1 Training (2594),ISIC_0011338.jpg,ISIC_0011338_segmentation.png,768,1024,127652,786432,0.1623
ISIC_0011339,val,42,ISIC 2018 Task 1 Training (2594),ISIC_0011339.jpg,ISIC_0011339_segmentation.png,768,1024,158960,786432,0.2021
ISIC_0011341,train,42,ISIC 2018 Task 1 Training (2594),ISIC_0011341.jpg,ISIC_0011341_segmentation.png,768,1024,96239,786432,0.1224
ISIC_0011343,train,42,ISIC 2018 Task 1 Training (2594),ISIC_0011343.jpg,ISIC_0011343_segmentation.png,768,1024,108275,786432,0.1377
ISIC_0011344,train,42,ISIC 2018 Task 1 Training (2594),ISIC_0011344.jpg,ISIC_0011344_segmentation.png,768,1024,130006,786432,0.1653
ISIC_0011345,train,42,ISIC 2018 Task 1 Training (2594),ISIC_0011345.jpg,ISIC_0011345_segmentation.png,768,1024,91757,786432,0.1167
ISIC_0011347,train,42,ISIC 2018 Task 1 Training (2594),ISIC_0011347.jpg,ISIC_0011347_segmentation.png,768,1024,621457,786432,0.7902
ISIC_0011348,val,42,ISIC 2018 Task 1 Training (2594),ISIC_0011348.jpg,ISIC_0011348_segmentation.png,768,1024,597314,786432,0.7595
ISIC_0011349,train,42,ISIC 2018 Task 1 Training (2594),ISIC_0011349.jpg,ISIC_0011349_segmentation.png,768,1024,502364,786432,0.6388
ISIC_0011352,train,42,ISIC 2018 Task 1 Training (2594),ISIC_0011352.jpg,ISIC_0011352_segmentation.png,768,1024,336870,786432,0.4284
ISIC_0011353,val,42,ISIC 2018 Task 1 Training (2594),ISIC_0011353.jpg,ISIC_0011353_segmentation.png,768,1024,48481,786432,0.0616
ISIC_0011356,train,42,ISIC 2018 Task 1 Training (2594),ISIC_0011356.jpg,ISIC_0011356_segmentation.png,768,1024,775933,786432,0.9866
ISIC_0011357,val,42,ISIC 2018 Task 1 Training (2594),ISIC_0011357.jpg,ISIC_0011357_segmentation.png,768,1024,101093,786432,0.1285
ISIC_0011358,train,42,ISIC 2018 Task 1 Training (2594),ISIC_0011358.jpg,ISIC_0011358_segmentation.png,768,1024,197773,786432,0.2515
ISIC_0011359,train,42,ISIC 2018 Task 1 Training (2594),ISIC_0011359.jpg,ISIC_0011359_segmentation.png,768,1024,140676,786432,0.1789
ISIC_0011360,train,42,ISIC 2018 Task 1 Training (2594),ISIC_0011360.jpg,ISIC_0011360_segmentation.png,768,1024,651974,786432,0.829
ISIC_0011361,train,42,ISIC 2018 Task 1 Training (2594),ISIC_0011361.jpg,ISIC_0011361_segmentation.png,768,1024,645943,786432,0.8214
ISIC_0011362,train,42,ISIC 2018 Task 1 Training (2594),ISIC_0011362.jpg,ISIC_0011362_segmentation.png,768,1024,138186,786432,0.1757
ISIC_0011363,val,42,ISIC 2018 Task 1 Training (2594),ISIC_0011363.jpg,ISIC_0011363_segmentation.png,768,1024,466330,786432,0.593
ISIC_0011366,val,42,ISIC 2018 Task 1 Training (2594),ISIC_0011366.jpg,ISIC_0011366_segmentation.png,768,1024,318386,786432,0.4048
ISIC_0011367,train,42,ISIC 2018 Task 1 Training (2594),ISIC_0011367.jpg,ISIC_0011367_segmentation.png,768,1024,41675,786432,0.053
ISIC_0011372,val,42,ISIC 2018 Task 1 Training (2594),ISIC_0011372.jpg,ISIC_0011372_segmentation.png,768,1024,32917,786432,0.0419
ISIC_0011373,train,42,ISIC 2018 Task 1 Training (2594),ISIC_0011373.jpg,ISIC_0011373_segmentation.png,768,1024,600281,786432,0.7633
ISIC_0011374,val,42,ISIC 2018 Task 1 Training (2594),ISIC_0011374.jpg,ISIC_0011374_segmentation.png,768,1024,501541,786432,0.6377
ISIC_0011378,val,42,ISIC 2018 Task 1 Training (2594),ISIC_0011378.jpg,ISIC_0011378_segmentation.png,768,1024,162649,786432,0.2068
ISIC_0011382,val,42,ISIC 2018 Task 1 Training (2594),ISIC_0011382.jpg,ISIC_0011382_segmentation.png,768,1024,243472,786432,0.3096
ISIC_0011383,val,42,ISIC 2018 Task 1 Training (2594),ISIC_0011383.jpg,ISIC_0011383_segmentation.png,768,1024,103583,786432,0.1317
ISIC_0011384,val,42,ISIC 2018 Task 1 Training (2594),ISIC_0011384.jpg,ISIC_0011384_segmentation.png,768,1024,204411,786432,0.2599
ISIC_0011385,train,42,ISIC 2018 Task 1 Training (2594),ISIC_0011385.jpg,ISIC_0011385_segmentation.png,768,1024,190742,786432,0.2425
ISIC_0011386,val,42,ISIC 2018 Task 1 Training (2594),ISIC_0011386.jpg,ISIC_0011386_segmentation.png,768,1024,72814,786432,0.0926
ISIC_0011387,train,42,ISIC 2018 Task 1 Training (2594),ISIC_0011387.jpg,ISIC_0011387_segmentation.png,768,1024,484893,786432,0.6166
ISIC_0011390,train,42,ISIC 2018 Task 1 Training (2594),ISIC_0011390.jpg,ISIC_0011390_segmentation.png,768,1024,601748,786432,0.7652
ISIC_0011393,train,42,ISIC 2018 Task 1 Training (2594),ISIC_0011393.jpg,ISIC_0011393_segmentation.png,768,1024,33416,786432,0.0425
ISIC_0011397,val,42,ISIC 2018 Task 1 Training (2594),ISIC_0011397.jpg,ISIC_0011397_segmentation.png,768,1024,288220,786432,0.3665
ISIC_0011398,train,42,ISIC 2018 Task 1 Training (2594),ISIC_0011398.jpg,ISIC_0011398_segmentation.png,768,1024,309073,786432,0.393
ISIC_0011402,train,42,ISIC 2018 Task 1 Training (2594),ISIC_0011402.jpg,ISIC_0011402_segmentation.png,768,1024,562439,786432,0.7152
ISIC_0012086,train,42,ISIC 2018 Task 1 Training (2594),ISIC_0012086.jpg,ISIC_0012086_segmentation.png,2848,4288,5764979,12212224,0.4721
ISIC_0012089,val,42,ISIC 2018 Task 1 Training (2594),ISIC_0012089.jpg,ISIC_0012089_segmentation.png,2848,4288,184073,12212224,0.0151
ISIC_0012090,val,42,ISIC 2018 Task 1 Training (2594),ISIC_0012090.jpg,ISIC_0012090_segmentation.png,2848,4288,2301108,12212224,0.1884
ISIC_0012092,train,42,ISIC 2018 Task 1 Training (2594),ISIC_0012092.jpg,ISIC_0012092_segmentation.png,2848,4288,1296614,12212224,0.1062
ISIC_0012094,train,42,ISIC 2018 Task 1 Training (2594),ISIC_0012094.jpg,ISIC_0012094_segmentation.png,2000,3008,123462,6016000,0.0205
ISIC_0012095,train,42,ISIC 2018 Task 1 Training (2594),ISIC_0012095.jpg,ISIC_0012095_segmentation.png,2000,3008,284144,6016000,0.0472
ISIC_0012097,train,42,ISIC 2018 Task 1 Training (2594),ISIC_0012097.jpg,ISIC_0012097_segmentation.png,2000,3008,187719,6016000,0.0312
ISIC_0012099,train,42,ISIC 2018 Task 1 Training (2594),ISIC_0012099.jpg,ISIC_0012099_segmentation.png,2000,3008,88455,6016000,0.0147
ISIC_0012102,train,42,ISIC 2018 Task 1 Training (2594),ISIC_0012102.jpg,ISIC_0012102_segmentation.png,2000,3008,231287,6016000,0.0384
ISIC_0012105,train,42,ISIC 2018 Task 1 Training (2594),ISIC_0012105.jpg,ISIC_0012105_segmentation.png,2000,3008,178521,6016000,0.0297
ISIC_0012107,train,42,ISIC 2018 Task 1 Training (2594),ISIC_0012107.jpg,ISIC_0012107_segmentation.png,2000,3008,911526,6016000,0.1515
ISIC_0012108,train,42,ISIC 2018 Task 1 Training (2594),ISIC_0012108.jpg,ISIC_0012108_segmentation.png,2000,3008,359189,6016000,0.0597
ISIC_0012109,train,42,ISIC 2018 Task 1 Training (2594),ISIC_0012109.jpg,ISIC_0012109_segmentation.png,2000,3008,129415,6016000,0.0215
ISIC_0012116,train,42,ISIC 2018 Task 1 Training (2594),ISIC_0012116.jpg,ISIC_0012116_segmentation.png,2000,3008,265916,6016000,0.0442
ISIC_0012118,train,42,ISIC 2018 Task 1 Training (2594),ISIC_0012118.jpg,ISIC_0012118_segmentation.png,2000,3008,244290,6016000,0.0406
ISIC_0012126,val,42,ISIC 2018 Task 1 Training (2594),ISIC_0012126.jpg,ISIC_0012126_segmentation.png,2000,3008,75301,6016000,0.0125
ISIC_0012127,train,42,ISIC 2018 Task 1 Training (2594),ISIC_0012127.jpg,ISIC_0012127_segmentation.png,2000,3008,106564,6016000,0.0177
ISIC_0012134,train,42,ISIC 2018 Task 1 Training (2594),ISIC_0012134.jpg,ISIC_0012134_segmentation.png,2000,3008,4841137,6016000,0.8047
ISIC_0012135,val,42,ISIC 2018 Task 1 Training (2594),ISIC_0012135.jpg,ISIC_0012135_segmentation.png,2000,3008,169137,6016000,0.0281
ISIC_0012136,val,42,ISIC 2018 Task 1 Training (2594),ISIC_0012136.jpg,ISIC_0012136_segmentation.png,2000,3008,2668300,6016000,0.4435
ISIC_0012137,train,42,ISIC 2018 Task 1 Training (2594),ISIC_0012137.jpg,ISIC_0012137_segmentation.png,2000,3008,288996,6016000,0.048
ISIC_0012143,train,42,ISIC 2018 Task 1 Training (2594),ISIC_0012143.jpg,ISIC_0012143_segmentation.png,2000,3008,1124326,6016000,0.1869
ISIC_0012147,train,42,ISIC 2018 Task 1 Training (2594),ISIC_0012147.jpg,ISIC_0012147_segmentation.png,2000,3008,211608,6016000,0.0352
ISIC_0012148,train,42,ISIC 2018 Task 1 Training (2594),ISIC_0012148.jpg,ISIC_0012148_segmentation.png,2000,3008,293037,6016000,0.0487
ISIC_0012149,train,42,ISIC 2018 Task 1 Training (2594),ISIC_0012149.jpg,ISIC_0012149_segmentation.png,2000,3008,312660,6016000,0.052
ISIC_0012151,train,42,ISIC 2018 Task 1 Training (2594),ISIC_0012151.jpg,ISIC_0012151_segmentation.png,2000,3008,1558295,6016000,0.259
ISIC_0012155,val,42,ISIC 2018 Task 1 Training (2594),ISIC_0012155.jpg,ISIC_0012155_segmentation.png,2000,3008,232443,6016000,0.0386
ISIC_0012156,train,42,ISIC 2018 Task 1 Training (2594),ISIC_0012156.jpg,ISIC_0012156_segmentation.png,2000,3008,112073,6016000,0.0186
ISIC_0012159,train,42,ISIC 2018 Task 1 Training (2594),ISIC_0012159.jpg,ISIC_0012159_segmentation.png,2000,3008,328058,6016000,0.0545
ISIC_0012160,train,42,ISIC 2018 Task 1 Training (2594),ISIC_0012160.jpg,ISIC_0012160_segmentation.png,2000,3008,109831,6016000,0.0183
ISIC_0012164,train,42,ISIC 2018 Task 1 Training (2594),ISIC_0012164.jpg,ISIC_0012164_segmentation.png,2000,3008,112815,6016000,0.0188
ISIC_0012167,train,42,ISIC 2018 Task 1 Training (2594),ISIC_0012167.jpg,ISIC_0012167_segmentation.png,2000,3008,302662,6016000,0.0503
ISIC_0012173,val,42,ISIC 2018 Task 1 Training (2594),ISIC_0012173.jpg,ISIC_0012173_segmentation.png,2000,3008,467854,6016000,0.0778
ISIC_0012177,train,42,ISIC 2018 Task 1 Training (2594),ISIC_0012177.jpg,ISIC_0012177_segmentation.png,2000,3008,188228,6016000,0.0313
ISIC_0012178,train,42,ISIC 2018 Task 1 Training (2594),ISIC_0012178.jpg,ISIC_0012178_segmentation.png,2000,3008,444346,6016000,0.0739
ISIC_0012179,train,42,ISIC 2018 Task 1 Training (2594),ISIC_0012179.jpg,ISIC_0012179_segmentation.png,2000,3008,36520,6016000,0.0061
ISIC_0012182,train,42,ISIC 2018 Task 1 Training (2594),ISIC_0012182.jpg,ISIC_0012182_segmentation.png,2000,3008,185022,6016000,0.0308
ISIC_0012187,train,42,ISIC 2018 Task 1 Training (2594),ISIC_0012187.jpg,ISIC_0012187_segmentation.png,2000,3008,206125,6016000,0.0343
ISIC_0012191,train,42,ISIC 2018 Task 1 Training (2594),ISIC_0012191.jpg,ISIC_0012191_segmentation.png,2000,3008,221207,6016000,0.0368
ISIC_0012201,train,42,ISIC 2018 Task 1 Training (2594),ISIC_0012201.jpg,ISIC_0012201_segmentation.png,2000,3008,361298,6016000,0.0601
ISIC_0012203,val,42,ISIC 2018 Task 1 Training (2594),ISIC_0012203.jpg,ISIC_0012203_segmentation.png,2000,3008,141776,6016000,0.0236
ISIC_0012204,train,42,ISIC 2018 Task 1 Training (2594),ISIC_0012204.jpg,ISIC_0012204_segmentation.png,2000,3008,171424,6016000,0.0285
ISIC_0012205,train,42,ISIC 2018 Task 1 Training (2594),ISIC_0012205.jpg,ISIC_0012205_segmentation.png,2000,3008,233887,6016000,0.0389
ISIC_0012206,train,42,ISIC 2018 Task 1 Training (2594),ISIC_0012206.jpg,ISIC_0012206_segmentation.png,2000,3008,630098,6016000,0.1047
ISIC_0012207,val,42,ISIC 2018 Task 1 Training (2594),ISIC_0012207.jpg,ISIC_0012207_segmentation.png,2000,3008,761912,6016000,0.1266
ISIC_0012208,train,42,ISIC 2018 Task 1 Training (2594),ISIC_0012208.jpg,ISIC_0012208_segmentation.png,2000,3008,278012,6016000,0.0462
ISIC_0012210,train,42,ISIC 2018 Task 1 Training (2594),ISIC_0012210.jpg,ISIC_0012210_segmentation.png,2000,3008,791881,6016000,0.1316
ISIC_0012211,val,42,ISIC 2018 Task 1 Training (2594),ISIC_0012211.jpg,ISIC_0012211_segmentation.png,2000,3008,472383,6016000,0.0785
ISIC_0012212,train,42,ISIC 2018 Task 1 Training (2594),ISIC_0012212.jpg,ISIC_0012212_segmentation.png,2000,3008,165365,6016000,0.0275
ISIC_0012213,val,42,ISIC 2018 Task 1 Training (2594),ISIC_0012213.jpg,ISIC_0012213_segmentation.png,2000,3008,90946,6016000,0.0151
ISIC_0012216,val,42,ISIC 2018 Task 1 Training (2594),ISIC_0012216.jpg,ISIC_0012216_segmentation.png,2000,3008,1250382,6016000,0.2078
ISIC_0012221,train,42,ISIC 2018 Task 1 Training (2594),ISIC_0012221.jpg,ISIC_0012221_segmentation.png,2000,3008,195511,6016000,0.0325
ISIC_0012222,val,42,ISIC 2018 Task 1 Training (2594),ISIC_0012222.jpg,ISIC_0012222_segmentation.png,2000,3008,194086,6016000,0.0323
ISIC_0012223,val,42,ISIC 2018 Task 1 Training (2594),ISIC_0012223.jpg,ISIC_0012223_segmentation.png,2848,4288,7018402,12212224,0.5747
ISIC_0012224,val,42,ISIC 2018 Task 1 Training (2594),ISIC_0012224.jpg,ISIC_0012224_segmentation.png,2848,4288,1010525,12212224,0.0827
ISIC_0012227,train,42,ISIC 2018 Task 1 Training (2594),ISIC_0012227.jpg,ISIC_0012227_segmentation.png,2848,4288,3328448,12212224,0.2726
ISIC_0012228,train,42,ISIC 2018 Task 1 Training (2594),ISIC_0012228.jpg,ISIC_0012228_segmentation.png,2848,4288,660593,12212224,0.0541
ISIC_0012230,train,42,ISIC 2018 Task 1 Training (2594),ISIC_0012230.jpg,ISIC_0012230_segmentation.png,2848,4288,240228,12212224,0.0197
ISIC_0012232,train,42,ISIC 2018 Task 1 Training (2594),ISIC_0012232.jpg,ISIC_0012232_segmentation.png,2848,4288,504821,12212224,0.0413
ISIC_0012233,train,42,ISIC 2018 Task 1 Training (2594),ISIC_0012233.jpg,ISIC_0012233_segmentation.png,2848,4288,455879,12212224,0.0373
ISIC_0012235,train,42,ISIC 2018 Task 1 Training (2594),ISIC_0012235.jpg,ISIC_0012235_segmentation.png,2848,4288,587903,12212224,0.0481
ISIC_0012238,train,42,ISIC 2018 Task 1 Training (2594),ISIC_0012238.jpg,ISIC_0012238_segmentation.png,2848,4288,991580,12212224,0.0812
ISIC_0012245,val,42,ISIC 2018 Task 1 Training (2594),ISIC_0012245.jpg,ISIC_0012245_segmentation.png,2848,4288,2203574,12212224,0.1804
ISIC_0012246,train,42,ISIC 2018 Task 1 Training (2594),ISIC_0012246.jpg,ISIC_0012246_segmentation.png,2848,4288,1628243,12212224,0.1333
ISIC_0012248,train,42,ISIC 2018 Task 1 Training (2594),ISIC_0012248.jpg,ISIC_0012248_segmentation.png,2848,4288,4563810,12212224,0.3737
ISIC_0012250,train,42,ISIC 2018 Task 1 Training (2594),ISIC_0012250.jpg,ISIC_0012250_segmentation.png,2000,3008,193530,6016000,0.0322
ISIC_0012253,train,42,ISIC 2018 Task 1 Training (2594),ISIC_0012253.jpg,ISIC_0012253_segmentation.png,2848,4288,1267793,12212224,0.1038
ISIC_0012256,train,42,ISIC 2018 Task 1 Training (2594),ISIC_0012256.jpg,ISIC_0012256_segmentation.png,2848,4288,1071587,12212224,0.0877
ISIC_0012257,train,42,ISIC 2018 Task 1 Training (2594),ISIC_0012257.jpg,ISIC_0012257_segmentation.png,2848,4288,451455,12212224,0.037
ISIC_0012258,train,42,ISIC 2018 Task 1 Training (2594),ISIC_0012258.jpg,ISIC_0012258_segmentation.png,2848,4288,652482,12212224,0.0534
ISIC_0012259,train,42,ISIC 2018 Task 1 Training (2594),ISIC_0012259.jpg,ISIC_0012259_segmentation.png,2848,4288,470483,12212224,0.0385
ISIC_0012260,train,42,ISIC 2018 Task 1 Training (2594),ISIC_0012260.jpg,ISIC_0012260_segmentation.png,2000,3008,160482,6016000,0.0267
ISIC_0012261,train,42,ISIC 2018 Task 1 Training (2594),ISIC_0012261.jpg,ISIC_0012261_segmentation.png,2848,4288,508563,12212224,0.0416
ISIC_0012263,val,42,ISIC 2018 Task 1 Training (2594),ISIC_0012263.jpg,ISIC_0012263_segmentation.png,2848,4288,481341,12212224,0.0394
ISIC_0012266,train,42,ISIC 2018 Task 1 Training (2594),ISIC_0012266.jpg,ISIC_0012266_segmentation.png,2848,4288,1860013,12212224,0.1523
ISIC_0012268,train,42,ISIC 2018 Task 1 Training (2594),ISIC_0012268.jpg,ISIC_0012268_segmentation.png,2848,4288,406571,12212224,0.0333
ISIC_0012271,train,42,ISIC 2018 Task 1 Training (2594),ISIC_0012271.jpg,ISIC_0012271_segmentation.png,2848,4288,327987,12212224,0.0269
ISIC_0012272,train,42,ISIC 2018 Task 1 Training (2594),ISIC_0012272.jpg,ISIC_0012272_segmentation.png,2848,4288,3160924,12212224,0.2588
ISIC_0012273,val,42,ISIC 2018 Task 1 Training (2594),ISIC_0012273.jpg,ISIC_0012273_segmentation.png,2000,3008,2374225,6016000,0.3947
ISIC_0012278,train,42,ISIC 2018 Task 1 Training (2594),ISIC_0012278.jpg,ISIC_0012278_segmentation.png,2000,3008,86009,6016000,0.0143
ISIC_0012281,train,42,ISIC 2018 Task 1 Training (2594),ISIC_0012281.jpg,ISIC_0012281_segmentation.png,2848,4288,238585,12212224,0.0195
ISIC_0012282,train,42,ISIC 2018 Task 1 Training (2594),ISIC_0012282.jpg,ISIC_0012282_segmentation.png,2848,4288,658518,12212224,0.0539
ISIC_0012284,train,42,ISIC 2018 Task 1 Training (2594),ISIC_0012284.jpg,ISIC_0012284_segmentation.png,2000,3008,789296,6016000,0.1312
ISIC_0012285,train,42,ISIC 2018 Task 1 Training (2594),ISIC_0012285.jpg,ISIC_0012285_segmentation.png,2000,3008,89911,6016000,0.0149
ISIC_0012288,train,42,ISIC 2018 Task 1 Training (2594),ISIC_0012288.jpg,ISIC_0012288_segmentation.png,2848,4288,361677,12212224,0.0296
ISIC_0012290,train,42,ISIC 2018 Task 1 Training (2594),ISIC_0012290.jpg,ISIC_0012290_segmentation.png,2000,3008,3240916,6016000,0.5387
ISIC_0012298,train,42,ISIC 2018 Task 1 Training (2594),ISIC_0012298.jpg,ISIC_0012298_segmentation.png,2848,4288,1032691,12212224,0.0846
ISIC_0012299,train,42,ISIC 2018 Task 1 Training (2594),ISIC_0012299.jpg,ISIC_0012299_segmentation.png,2000,3008,1062006,6016000,0.1765
ISIC_0012303,train,42,ISIC 2018 Task 1 Training (2594),ISIC_0012303.jpg,ISIC_0012303_segmentation.png,2000,3008,173115,6016000,0.0288
ISIC_0012306,train,42,ISIC 2018 Task 1 Training (2594),ISIC_0012306.jpg,ISIC_0012306_segmentation.png,2000,3008,157552,6016000,0.0262
ISIC_0012309,train,42,ISIC 2018 Task 1 Training (2594),ISIC_0012309.jpg,ISIC_0012309_segmentation.png,2848,4288,374976,12212224,0.0307
ISIC_0012311,train,42,ISIC 2018 Task 1 Training (2594),ISIC_0012311.jpg,ISIC_0012311_segmentation.png,2000,3008,469095,6016000,0.078
ISIC_0012313,val,42,ISIC 2018 Task 1 Training (2594),ISIC_0012313.jpg,ISIC_0012313_segmentation.png,2000,3008,165307,6016000,0.0275
ISIC_0012314,train,42,ISIC 2018 Task 1 Training (2594),ISIC_0012314.jpg,ISIC_0012314_segmentation.png,2000,3008,1929161,6016000,0.3207
ISIC_0012316,train,42,ISIC 2018 Task 1 Training (2594),ISIC_0012316.jpg,ISIC_0012316_segmentation.png,2000,3008,109056,6016000,0.0181
ISIC_0012318,train,42,ISIC 2018 Task 1 Training (2594),ISIC_0012318.jpg,ISIC_0012318_segmentation.png,2000,3008,256392,6016000,0.0426
ISIC_0012320,train,42,ISIC 2018 Task 1 Training (2594),ISIC_0012320.jpg,ISIC_0012320_segmentation.png,2000,3008,252304,6016000,0.0419
ISIC_0012323,train,42,ISIC 2018 Task 1 Training (2594),ISIC_0012323.jpg,ISIC_0012323_segmentation.png,2000,3008,2988106,6016000,0.4967
ISIC_0012324,train,42,ISIC 2018 Task 1 Training (2594),ISIC_0012324.jpg,ISIC_0012324_segmentation.png,2000,3008,330989,6016000,0.055
ISIC_0012325,train,42,ISIC 2018 Task 1 Training (2594),ISIC_0012325.jpg,ISIC_0012325_segmentation.png,2000,3008,628896,6016000,0.1045
ISIC_0012329,train,42,ISIC 2018 Task 1 Training (2594),ISIC_0012329.jpg,ISIC_0012329_segmentation.png,2000,3008,671487,6016000,0.1116
ISIC_0012330,train,42,ISIC 2018 Task 1 Training (2594),ISIC_0012330.jpg,ISIC_0012330_segmentation.png,2000,3008,458268,6016000,0.0762
ISIC_0012332,val,42,ISIC 2018 Task 1 Training (2594),ISIC_0012332.jpg,ISIC_0012332_segmentation.png,2000,3008,426346,6016000,0.0709
ISIC_0012333,train,42,ISIC 2018 Task 1 Training (2594),ISIC_0012333.jpg,ISIC_0012333_segmentation.png,2000,3008,107301,6016000,0.0178
ISIC_0012334,train,42,ISIC 2018 Task 1 Training (2594),ISIC_0012334.jpg,ISIC_0012334_segmentation.png,2000,3008,279172,6016000,0.0464
ISIC_0012335,train,42,ISIC 2018 Task 1 Training (2594),ISIC_0012335.jpg,ISIC_0012335_segmentation.png,2000,3008,169693,6016000,0.0282
ISIC_0012338,train,42,ISIC 2018 Task 1 Training (2594),ISIC_0012338.jpg,ISIC_0012338_segmentation.png,2000,3008,216505,6016000,0.036
ISIC_0012342,train,42,ISIC 2018 Task 1 Training (2594),ISIC_0012342.jpg,ISIC_0012342_segmentation.png,2848,4288,1410436,12212224,0.1155
ISIC_0012348,train,42,ISIC 2018 Task 1 Training (2594),ISIC_0012348.jpg,ISIC_0012348_segmentation.png,2000,3008,673534,6016000,0.112
ISIC_0012351,train,42,ISIC 2018 Task 1 Training (2594),ISIC_0012351.jpg,ISIC_0012351_segmentation.png,2000,3008,187390,6016000,0.0311
ISIC_0012356,val,42,ISIC 2018 Task 1 Training (2594),ISIC_0012356.jpg,ISIC_0012356_segmentation.png,2000,3008,2982299,6016000,0.4957
ISIC_0012357,train,42,ISIC 2018 Task 1 Training (2594),ISIC_0012357.jpg,ISIC_0012357_segmentation.png,2000,3008,444155,6016000,0.0738
ISIC_0012358,train,42,ISIC 2018 Task 1 Training (2594),ISIC_0012358.jpg,ISIC_0012358_segmentation.png,2000,3008,430463,6016000,0.0716
ISIC_0012360,train,42,ISIC 2018 Task 1 Training (2594),ISIC_0012360.jpg,ISIC_0012360_segmentation.png,2000,3008,287191,6016000,0.0477
ISIC_0012363,train,42,ISIC 2018 Task 1 Training (2594),ISIC_0012363.jpg,ISIC_0012363_segmentation.png,2848,4288,672977,12212224,0.0551
ISIC_0012369,train,42,ISIC 2018 Task 1 Training (2594),ISIC_0012369.jpg,ISIC_0012369_segmentation.png,2848,4288,1675182,12212224,0.1372
ISIC_0012372,train,42,ISIC 2018 Task 1 Training (2594),ISIC_0012372.jpg,ISIC_0012372_segmentation.png,2000,3008,310269,6016000,0.0516
ISIC_0012374,val,42,ISIC 2018 Task 1 Training (2594),ISIC_0012374.jpg,ISIC_0012374_segmentation.png,2000,3008,251966,6016000,0.0419
ISIC_0012376,train,42,ISIC 2018 Task 1 Training (2594),ISIC_0012376.jpg,ISIC_0012376_segmentation.png,2000,3008,58835,6016000,0.0098
ISIC_0012378,train,42,ISIC 2018 Task 1 Training (2594),ISIC_0012378.jpg,ISIC_0012378_segmentation.png,2000,3008,117680,6016000,0.0196
ISIC_0012379,train,42,ISIC 2018 Task 1 Training (2594),ISIC_0012379.jpg,ISIC_0012379_segmentation.png,2000,3008,2872805,6016000,0.4775
ISIC_0012381,train,42,ISIC 2018 Task 1 Training (2594),ISIC_0012381.jpg,ISIC_0012381_segmentation.png,2000,3008,741923,6016000,0.1233
ISIC_0012382,train,42,ISIC 2018 Task 1 Training (2594),ISIC_0012382.jpg,ISIC_0012382_segmentation.png,2000,3008,2400116,6016000,0.399
ISIC_0012384,train,42,ISIC 2018 Task 1 Training (2594),ISIC_0012384.jpg,ISIC_0012384_segmentation.png,2848,4288,653629,12212224,0.0535
ISIC_0012390,train,42,ISIC 2018 Task 1 Training (2594),ISIC_0012390.jpg,ISIC_0012390_segmentation.png,2000,3008,788345,6016000,0.131
ISIC_0012391,train,42,ISIC 2018 Task 1 Training (2594),ISIC_0012391.jpg,ISIC_0012391_segmentation.png,2000,3008,201526,6016000,0.0335
ISIC_0012395,val,42,ISIC 2018 Task 1 Training (2594),ISIC_0012395.jpg,ISIC_0012395_segmentation.png,2000,3008,612230,6016000,0.1018
ISIC_0012400,train,42,ISIC 2018 Task 1 Training (2594),ISIC_0012400.jpg,ISIC_0012400_segmentation.png,2848,4288,1669033,12212224,0.1367
ISIC_0012406,train,42,ISIC 2018 Task 1 Training (2594),ISIC_0012406.jpg,ISIC_0012406_segmentation.png,2848,4288,100679,12212224,0.0082
ISIC_0012413,val,42,ISIC 2018 Task 1 Training (2594),ISIC_0012413.jpg,ISIC_0012413_segmentation.png,2000,3008,248653,6016000,0.0413
ISIC_0012415,train,42,ISIC 2018 Task 1 Training (2594),ISIC_0012415.jpg,ISIC_0012415_segmentation.png,2000,3008,89083,6016000,0.0148
ISIC_0012417,val,42,ISIC 2018 Task 1 Training (2594),ISIC_0012417.jpg,ISIC_0012417_segmentation.png,2848,4288,5936063,12212224,0.4861
ISIC_0012425,val,42,ISIC 2018 Task 1 Training (2594),ISIC_0012425.jpg,ISIC_0012425_segmentation.png,2848,4288,207236,12212224,0.017
ISIC_0012432,train,42,ISIC 2018 Task 1 Training (2594),ISIC_0012432.jpg,ISIC_0012432_segmentation.png,2000,3008,1049557,6016000,0.1745
ISIC_0012434,train,42,ISIC 2018 Task 1 Training (2594),ISIC_0012434.jpg,ISIC_0012434_segmentation.png,2000,3008,225711,6016000,0.0375
ISIC_0012435,val,42,ISIC 2018 Task 1 Training (2594),ISIC_0012435.jpg,ISIC_0012435_segmentation.png,2000,3008,302163,6016000,0.0502
ISIC_0012442,train,42,ISIC 2018 Task 1 Training (2594),ISIC_0012442.jpg,ISIC_0012442_segmentation.png,2000,3008,422710,6016000,0.0703
ISIC_0012445,train,42,ISIC 2018 Task 1 Training (2594),ISIC_0012445.jpg,ISIC_0012445_segmentation.png,2848,4288,473075,12212224,0.0387
ISIC_0012447,train,42,ISIC 2018 Task 1 Training (2594),ISIC_0012447.jpg,ISIC_0012447_segmentation.png,2000,3008,923555,6016000,0.1535
ISIC_0012448,train,42,ISIC 2018 Task 1 Training (2594),ISIC_0012448.jpg,ISIC_0012448_segmentation.png,2000,3008,105436,6016000,0.0175
ISIC_0012450,train,42,ISIC 2018 Task 1 Training (2594),ISIC_0012450.jpg,ISIC_0012450_segmentation.png,2848,4288,412663,12212224,0.0338
ISIC_0012453,val,42,ISIC 2018 Task 1 Training (2594),ISIC_0012453.jpg,ISIC_0012453_segmentation.png,2848,4288,442946,12212224,0.0363
ISIC_0012455,train,42,ISIC 2018 Task 1 Training (2594),ISIC_0012455.jpg,ISIC_0012455_segmentation.png,2000,3008,327410,6016000,0.0544
ISIC_0012464,train,42,ISIC 2018 Task 1 Training (2594),ISIC_0012464.jpg,ISIC_0012464_segmentation.png,2848,4288,341971,12212224,0.028
ISIC_0012469,train,42,ISIC 2018 Task 1 Training (2594),ISIC_0012469.jpg,ISIC_0012469_segmentation.png,2848,4288,2834637,12212224,0.2321
ISIC_0012473,train,42,ISIC 2018 Task 1 Training (2594),ISIC_0012473.jpg,ISIC_0012473_segmentation.png,2848,4288,1922558,12212224,0.1574
ISIC_0012475,train,42,ISIC 2018 Task 1 Training (2594),ISIC_0012475.jpg,ISIC_0012475_segmentation.png,2848,4288,1368055,12212224,0.112
ISIC_0012478,val,42,ISIC 2018 Task 1 Training (2594),ISIC_0012478.jpg,ISIC_0012478_segmentation.png,2848,4288,1576586,12212224,0.1291
ISIC_0012481,train,42,ISIC 2018 Task 1 Training (2594),ISIC_0012481.jpg,ISIC_0012481_segmentation.png,2848,4288,93590,12212224,0.0077
ISIC_0012484,train,42,ISIC 2018 Task 1 Training (2594),ISIC_0012484.jpg,ISIC_0012484_segmentation.png,2848,4288,1453253,12212224,0.119
ISIC_0012487,train,42,ISIC 2018 Task 1 Training (2594),ISIC_0012487.jpg,ISIC_0012487_segmentation.png,2000,3008,291447,6016000,0.0484
ISIC_0012489,train,42,ISIC 2018 Task 1 Training (2594),ISIC_0012489.jpg,ISIC_0012489_segmentation.png,2848,4288,1597028,12212224,0.1308
ISIC_0012493,train,42,ISIC 2018 Task 1 Training (2594),ISIC_0012493.jpg,ISIC_0012493_segmentation.png,2848,4288,887807,12212224,0.0727
ISIC_0012494,train,42,ISIC 2018 Task 1 Training (2594),ISIC_0012494.jpg,ISIC_0012494_segmentation.png,2848,4288,1017588,12212224,0.0833
ISIC_0012495,train,42,ISIC 2018 Task 1 Training (2594),ISIC_0012495.jpg,ISIC_0012495_segmentation.png,2848,4288,305976,12212224,0.0251
ISIC_0012496,train,42,ISIC 2018 Task 1 Training (2594),ISIC_0012496.jpg,ISIC_0012496_segmentation.png,2848,4288,634143,12212224,0.0519
ISIC_0012503,train,42,ISIC 2018 Task 1 Training (2594),ISIC_0012503.jpg,ISIC_0012503_segmentation.png,2848,4288,573651,12212224,0.047
ISIC_0012506,train,42,ISIC 2018 Task 1 Training (2594),ISIC_0012506.jpg,ISIC_0012506_segmentation.png,2848,4288,213975,12212224,0.0175
ISIC_0012508,train,42,ISIC 2018 Task 1 Training (2594),ISIC_0012508.jpg,ISIC_0012508_segmentation.png,2848,4288,688716,12212224,0.0564
ISIC_0012510,val,42,ISIC 2018 Task 1 Training (2594),ISIC_0012510.jpg,ISIC_0012510_segmentation.png,2848,4288,11324192,12212224,0.9273
ISIC_0012511,train,42,ISIC 2018 Task 1 Training (2594),ISIC_0012511.jpg,ISIC_0012511_segmentation.png,2848,4288,643702,12212224,0.0527
ISIC_0012512,train,42,ISIC 2018 Task 1 Training (2594),ISIC_0012512.jpg,ISIC_0012512_segmentation.png,2848,4288,1183544,12212224,0.0969
ISIC_0012516,val,42,ISIC 2018 Task 1 Training (2594),ISIC_0012516.jpg,ISIC_0012516_segmentation.png,2848,4288,1435695,12212224,0.1176
ISIC_0012517,train,42,ISIC 2018 Task 1 Training (2594),ISIC_0012517.jpg,ISIC_0012517_segmentation.png,2848,4288,1310254,12212224,0.1073
ISIC_0012518,train,42,ISIC 2018 Task 1 Training (2594),ISIC_0012518.jpg,ISIC_0012518_segmentation.png,2848,4288,1798761,12212224,0.1473
ISIC_0012520,train,42,ISIC 2018 Task 1 Training (2594),ISIC_0012520.jpg,ISIC_0012520_segmentation.png,2848,4288,622473,12212224,0.051
ISIC_0012521,train,42,ISIC 2018 Task 1 Training (2594),ISIC_0012521.jpg,ISIC_0012521_segmentation.png,2848,4288,829381,12212224,0.0679
ISIC_0012523,train,42,ISIC 2018 Task 1 Training (2594),ISIC_0012523.jpg,ISIC_0012523_segmentation.png,2848,4288,71454,12212224,0.0059
ISIC_0012526,train,42,ISIC 2018 Task 1 Training (2594),ISIC_0012526.jpg,ISIC_0012526_segmentation.png,2848,4288,617793,12212224,0.0506
ISIC_0012529,train,42,ISIC 2018 Task 1 Training (2594),ISIC_0012529.jpg,ISIC_0012529_segmentation.png,2848,4288,278374,12212224,0.0228
ISIC_0012538,train,42,ISIC 2018 Task 1 Training (2594),ISIC_0012538.jpg,ISIC_0012538_segmentation.png,2848,4288,273727,12212224,0.0224
ISIC_0012539,train,42,ISIC 2018 Task 1 Training (2594),ISIC_0012539.jpg,ISIC_0012539_segmentation.png,2848,4288,235593,12212224,0.0193
ISIC_0012544,train,42,ISIC 2018 Task 1 Training (2594),ISIC_0012544.jpg,ISIC_0012544_segmentation.png,2848,4288,64141,12212224,0.0053
ISIC_0012547,train,42,ISIC 2018 Task 1 Training (2594),ISIC_0012547.jpg,ISIC_0012547_segmentation.png,2848,4288,572681,12212224,0.0469
ISIC_0012548,train,42,ISIC 2018 Task 1 Training (2594),ISIC_0012548.jpg,ISIC_0012548_segmentation.png,2848,4288,3246314,12212224,0.2658
ISIC_0012549,train,42,ISIC 2018 Task 1 Training (2594),ISIC_0012549.jpg,ISIC_0012549_segmentation.png,2848,4288,618443,12212224,0.0506
ISIC_0012550,train,42,ISIC 2018 Task 1 Training (2594),ISIC_0012550.jpg,ISIC_0012550_segmentation.png,2848,4288,523403,12212224,0.0429
ISIC_0012551,train,42,ISIC 2018 Task 1 Training (2594),ISIC_0012551.jpg,ISIC_0012551_segmentation.png,2848,4288,394035,12212224,0.0323
ISIC_0012653,train,42,ISIC 2018 Task 1 Training (2594),ISIC_0012653.jpg,ISIC_0012653_segmentation.png,1536,2304,149616,3538944,0.0423
ISIC_0012654,train,42,ISIC 2018 Task 1 Training (2594),ISIC_0012654.jpg,ISIC_0012654_segmentation.png,1536,2304,73331,3538944,0.0207
ISIC_0012655,train,42,ISIC 2018 Task 1 Training (2594),ISIC_0012655.jpg,ISIC_0012655_segmentation.png,1536,2304,62640,3538944,0.0177
ISIC_0012656,val,42,ISIC 2018 Task 1 Training (2594),ISIC_0012656.jpg,ISIC_0012656_segmentation.png,1536,2304,306297,3538944,0.0866
ISIC_0012657,train,42,ISIC 2018 Task 1 Training (2594),ISIC_0012657.jpg,ISIC_0012657_segmentation.png,1536,2304,89064,3538944,0.0252
ISIC_0012658,val,42,ISIC 2018 Task 1 Training (2594),ISIC_0012658.jpg,ISIC_0012658_segmentation.png,1536,2304,350352,3538944,0.099
ISIC_0012659,train,42,ISIC 2018 Task 1 Training (2594),ISIC_0012659.jpg,ISIC_0012659_segmentation.png,1536,2304,45360,3538944,0.0128
ISIC_0012660,train,42,ISIC 2018 Task 1 Training (2594),ISIC_0012660.jpg,ISIC_0012660_segmentation.png,1536,2304,211341,3538944,0.0597
ISIC_0012661,train,42,ISIC 2018 Task 1 Training (2594),ISIC_0012661.jpg,ISIC_0012661_segmentation.png,1536,2304,357822,3538944,0.1011
ISIC_0012662,train,42,ISIC 2018 Task 1 Training (2594),ISIC_0012662.jpg,ISIC_0012662_segmentation.png,2000,3008,52900,6016000,0.0088
ISIC_0012663,train,42,ISIC 2018 Task 1 Training (2594),ISIC_0012663.jpg,ISIC_0012663_segmentation.png,2000,3008,154629,6016000,0.0257
ISIC_0012664,val,42,ISIC 2018 Task 1 Training (2594),ISIC_0012664.jpg,ISIC_0012664_segmentation.png,2000,3008,429033,6016000,0.0713
ISIC_0012665,train,42,ISIC 2018 Task 1 Training (2594),ISIC_0012665.jpg,ISIC_0012665_segmentation.png,2000,3008,62526,6016000,0.0104
ISIC_0012666,train,42,ISIC 2018 Task 1 Training (2594),ISIC_0012666.jpg,ISIC_0012666_segmentation.png,2000,3008,80817,6016000,0.0134
ISIC_0012669,train,42,ISIC 2018 Task 1 Training (2594),ISIC_0012669.jpg,ISIC_0012669_segmentation.png,2000,3008,169369,6016000,0.0282
ISIC_0012670,train,42,ISIC 2018 Task 1 Training (2594),ISIC_0012670.jpg,ISIC_0012670_segmentation.png,2000,3008,169806,6016000,0.0282
ISIC_0012671,train,42,ISIC 2018 Task 1 Training (2594),ISIC_0012671.jpg,ISIC_0012671_segmentation.png,2000,3008,774948,6016000,0.1288
ISIC_0012672,train,42,ISIC 2018 Task 1 Training (2594),ISIC_0012672.jpg,ISIC_0012672_segmentation.png,2000,3008,438932,6016000,0.073
ISIC_0012673,train,42,ISIC 2018 Task 1 Training (2594),ISIC_0012673.jpg,ISIC_0012673_segmentation.png,2000,3008,438172,6016000,0.0728
ISIC_0012674,train,42,ISIC 2018 Task 1 Training (2594),ISIC_0012674.jpg,ISIC_0012674_segmentation.png,2000,3008,522515,6016000,0.0869
ISIC_0012675,val,42,ISIC 2018 Task 1 Training (2594),ISIC_0012675.jpg,ISIC_0012675_segmentation.png,2000,3008,136270,6016000,0.0227
ISIC_0012676,train,42,ISIC 2018 Task 1 Training (2594),ISIC_0012676.jpg,ISIC_0012676_segmentation.png,2000,3008,89301,6016000,0.0148
ISIC_0012677,val,42,ISIC 2018 Task 1 Training (2594),ISIC_0012677.jpg,ISIC_0012677_segmentation.png,2000,3008,62080,6016000,0.0103
ISIC_0012678,train,42,ISIC 2018 Task 1 Training (2594),ISIC_0012678.jpg,ISIC_0012678_segmentation.png,2000,3008,399593,6016000,0.0664
ISIC_0012679,val,42,ISIC 2018 Task 1 Training (2594),ISIC_0012679.jpg,ISIC_0012679_segmentation.png,2000,3008,73171,6016000,0.0122
ISIC_0012680,train,42,ISIC 2018 Task 1 Training (2594),ISIC_0012680.jpg,ISIC_0012680_segmentation.png,2000,3008,267337,6016000,0.0444
ISIC_0012681,val,42,ISIC 2018 Task 1 Training (2594),ISIC_0012681.jpg,ISIC_0012681_segmentation.png,2000,3008,89277,6016000,0.0148
ISIC_0012682,train,42,ISIC 2018 Task 1 Training (2594),ISIC_0012682.jpg,ISIC_0012682_segmentation.png,2000,3008,48081,6016000,0.008
ISIC_0012683,train,42,ISIC 2018 Task 1 Training (2594),ISIC_0012683.jpg,ISIC_0012683_segmentation.png,2000,3008,37467,6016000,0.0062
ISIC_0012684,train,42,ISIC 2018 Task 1 Training (2594),ISIC_0012684.jpg,ISIC_0012684_segmentation.png,2000,3008,859388,6016000,0.1429
ISIC_0012685,train,42,ISIC 2018 Task 1 Training (2594),ISIC_0012685.jpg,ISIC_0012685_segmentation.png,2000,3008,247925,6016000,0.0412
ISIC_0012690,train,42,ISIC 2018 Task 1 Training (2594),ISIC_0012690.jpg,ISIC_0012690_segmentation.png,2000,3008,394040,6016000,0.0655
ISIC_0012693,train,42,ISIC 2018 Task 1 Training (2594),ISIC_0012693.jpg,ISIC_0012693_segmentation.png,2000,3008,227778,6016000,0.0379
ISIC_0012697,train,42,ISIC 2018 Task 1 Training (2594),ISIC_0012697.jpg,ISIC_0012697_segmentation.png,2000,3008,192756,6016000,0.032
ISIC_0012699,train,42,ISIC 2018 Task 1 Training (2594),ISIC_0012699.jpg,ISIC_0012699_segmentation.png,2000,3008,180644,6016000,0.03
ISIC_0012700,train,42,ISIC 2018 Task 1 Training (2594),ISIC_0012700.jpg,ISIC_0012700_segmentation.png,2000,3008,226681,6016000,0.0377
ISIC_0012701,train,42,ISIC 2018 Task 1 Training (2594),ISIC_0012701.jpg,ISIC_0012701_segmentation.png,2000,3008,110521,6016000,0.0184
ISIC_0012702,train,42,ISIC 2018 Task 1 Training (2594),ISIC_0012702.jpg,ISIC_0012702_segmentation.png,2000,3008,67468,6016000,0.0112
ISIC_0012704,train,42,ISIC 2018 Task 1 Training (2594),ISIC_0012704.jpg,ISIC_0012704_segmentation.png,2000,3008,160896,6016000,0.0267
ISIC_0012705,train,42,ISIC 2018 Task 1 Training (2594),ISIC_0012705.jpg,ISIC_0012705_segmentation.png,2000,3008,87129,6016000,0.0145
ISIC_0012706,train,42,ISIC 2018 Task 1 Training (2594),ISIC_0012706.jpg,ISIC_0012706_segmentation.png,2000,3008,493210,6016000,0.082
ISIC_0012708,val,42,ISIC 2018 Task 1 Training (2594),ISIC_0012708.jpg,ISIC_0012708_segmentation.png,2000,3008,395012,6016000,0.0657
ISIC_0012710,train,42,ISIC 2018 Task 1 Training (2594),ISIC_0012710.jpg,ISIC_0012710_segmentation.png,2000,3008,70884,6016000,0.0118
ISIC_0012711,train,42,ISIC 2018 Task 1 Training (2594),ISIC_0012711.jpg,ISIC_0012711_segmentation.png,2000,3008,78945,6016000,0.0131
ISIC_0012713,train,42,ISIC 2018 Task 1 Training (2594),ISIC_0012713.jpg,ISIC_0012713_segmentation.png,2000,3008,61516,6016000,0.0102
ISIC_0012715,val,42,ISIC 2018 Task 1 Training (2594),ISIC_0012715.jpg,ISIC_0012715_segmentation.png,2000,3008,1426085,6016000,0.237
ISIC_0012719,train,42,ISIC 2018 Task 1 Training (2594),ISIC_0012719.jpg,ISIC_0012719_segmentation.png,2000,3008,553150,6016000,0.0919
ISIC_0012720,val,42,ISIC 2018 Task 1 Training (2594),ISIC_0012720.jpg,ISIC_0012720_segmentation.png,2000,3008,980396,6016000,0.163
ISIC_0012721,train,42,ISIC 2018 Task 1 Training (2594),ISIC_0012721.jpg,ISIC_0012721_segmentation.png,2000,3008,721958,6016000,0.12
ISIC_0012722,train,42,ISIC 2018 Task 1 Training (2594),ISIC_0012722.jpg,ISIC_0012722_segmentation.png,2000,3008,79860,6016000,0.0133
ISIC_0012725,train,42,ISIC 2018 Task 1 Training (2594),ISIC_0012725.jpg,ISIC_0012725_segmentation.png,2000,3008,157459,6016000,0.0262
ISIC_0012726,train,42,ISIC 2018 Task 1 Training (2594),ISIC_0012726.jpg,ISIC_0012726_segmentation.png,2000,3008,96945,6016000,0.0161
ISIC_0012735,train,42,ISIC 2018 Task 1 Training (2594),ISIC_0012735.jpg,ISIC_0012735_segmentation.png,2000,3008,167053,6016000,0.0278
ISIC_0012737,train,42,ISIC 2018 Task 1 Training (2594),ISIC_0012737.jpg,ISIC_0012737_segmentation.png,2000,3008,366600,6016000,0.0609
ISIC_0012739,train,42,ISIC 2018 Task 1 Training (2594),ISIC_0012739.jpg,ISIC_0012739_segmentation.png,2000,3008,80808,6016000,0.0134
ISIC_0012740,train,42,ISIC 2018 Task 1 Training (2594),ISIC_0012740.jpg,ISIC_0012740_segmentation.png,2000,3008,68033,6016000,0.0113
ISIC_0012741,train,42,ISIC 2018 Task 1 Training (2594),ISIC_0012741.jpg,ISIC_0012741_segmentation.png,2000,3008,191414,6016000,0.0318
ISIC_0012742,val,42,ISIC 2018 Task 1 Training (2594),ISIC_0012742.jpg,ISIC_0012742_segmentation.png,2000,3008,42221,6016000,0.007
ISIC_0012744,train,42,ISIC 2018 Task 1 Training (2594),ISIC_0012744.jpg,ISIC_0012744_segmentation.png,2000,3008,70226,6016000,0.0117
ISIC_0012746,train,42,ISIC 2018 Task 1 Training (2594),ISIC_0012746.jpg,ISIC_0012746_segmentation.png,2000,3008,125176,6016000,0.0208
ISIC_0012749,train,42,ISIC 2018 Task 1 Training (2594),ISIC_0012749.jpg,ISIC_0012749_segmentation.png,2000,3008,3622781,6016000,0.6022
ISIC_0012756,train,42,ISIC 2018 Task 1 Training (2594),ISIC_0012756.jpg,ISIC_0012756_segmentation.png,2592,3872,2376905,10036224,0.2368
ISIC_0012758,train,42,ISIC 2018 Task 1 Training (2594),ISIC_0012758.jpg,ISIC_0012758_segmentation.png,602,639,24931,384678,0.0648
ISIC_0012768,train,42,ISIC 2018 Task 1 Training (2594),ISIC_0012768.jpg,ISIC_0012768_segmentation.png,2000,3008,1148226,6016000,0.1909
ISIC_0012770,train,42,ISIC 2018 Task 1 Training (2594),ISIC_0012770.jpg,ISIC_0012770_segmentation.png,2000,3008,133981,6016000,0.0223
ISIC_0012773,val,42,ISIC 2018 Task 1 Training (2594),ISIC_0012773.jpg,ISIC_0012773_segmentation.png,2000,3008,2597556,6016000,0.4318
ISIC_0012777,val,42,ISIC 2018 Task 1 Training (2594),ISIC_0012777.jpg,ISIC_0012777_segmentation.png,2000,3008,61351,6016000,0.0102
ISIC_0012786,train,42,ISIC 2018 Task 1 Training (2594),ISIC_0012786.jpg,ISIC_0012786_segmentation.png,2592,3872,2197513,10036224,0.219
ISIC_0012789,train,42,ISIC 2018 Task 1 Training (2594),ISIC_0012789.jpg,ISIC_0012789_segmentation.png,2000,3008,71575,6016000,0.0119
ISIC_0012792,train,42,ISIC 2018 Task 1 Training (2594),ISIC_0012792.jpg,ISIC_0012792_segmentation.png,2000,3008,546054,6016000,0.0908
ISIC_0012793,train,42,ISIC 2018 Task 1 Training (2594),ISIC_0012793.jpg,ISIC_0012793_segmentation.png,2000,3008,47384,6016000,0.0079
ISIC_0012803,train,42,ISIC 2018 Task 1 Training (2594),ISIC_0012803.jpg,ISIC_0012803_segmentation.png,2000,3008,304167,6016000,0.0506
ISIC_0012804,val,42,ISIC 2018 Task 1 Training (2594),ISIC_0012804.jpg,ISIC_0012804_segmentation.png,2000,3008,217278,6016000,0.0361
ISIC_0012806,val,42,ISIC 2018 Task 1 Training (2594),ISIC_0012806.jpg,ISIC_0012806_segmentation.png,2592,3872,1696928,10036224,0.1691
ISIC_0012810,train,42,ISIC 2018 Task 1 Training (2594),ISIC_0012810.jpg,ISIC_0012810_segmentation.png,2592,3872,241977,10036224,0.0241
ISIC_0012813,train,42,ISIC 2018 Task 1 Training (2594),ISIC_0012813.jpg,ISIC_0012813_segmentation.png,2000,3008,2455747,6016000,0.4082
ISIC_0012814,train,42,ISIC 2018 Task 1 Training (2594),ISIC_0012814.jpg,ISIC_0012814_segmentation.png,2000,3008,344791,6016000,0.0573
ISIC_0012823,train,42,ISIC 2018 Task 1 Training (2594),ISIC_0012823.jpg,ISIC_0012823_segmentation.png,2592,3872,127374,10036224,0.0127
ISIC_0012826,train,42,ISIC 2018 Task 1 Training (2594),ISIC_0012826.jpg,ISIC_0012826_segmentation.png,2592,3872,1231397,10036224,0.1227
ISIC_0012828,train,42,ISIC 2018 Task 1 Training (2594),ISIC_0012828.jpg,ISIC_0012828_segmentation.png,2592,3872,2039689,10036224,0.2032
ISIC_0012835,train,42,ISIC 2018 Task 1 Training (2594),ISIC_0012835.jpg,ISIC_0012835_segmentation.png,2000,3008,68965,6016000,0.0115
ISIC_0012836,train,42,ISIC 2018 Task 1 Training (2594),ISIC_0012836.jpg,ISIC_0012836_segmentation.png,2000,3008,103564,6016000,0.0172
ISIC_0012837,train,42,ISIC 2018 Task 1 Training (2594),ISIC_0012837.jpg,ISIC_0012837_segmentation.png,2592,3872,7256068,10036224,0.723
ISIC_0012840,train,42,ISIC 2018 Task 1 Training (2594),ISIC_0012840.jpg,ISIC_0012840_segmentation.png,2592,3872,994427,10036224,0.0991
ISIC_0012844,train,42,ISIC 2018 Task 1 Training (2594),ISIC_0012844.jpg,ISIC_0012844_segmentation.png,2000,3008,440101,6016000,0.0732
ISIC_0012852,train,42,ISIC 2018 Task 1 Training (2594),ISIC_0012852.jpg,ISIC_0012852_segmentation.png,2592,3872,945753,10036224,0.0942
ISIC_0012855,train,42,ISIC 2018 Task 1 Training (2594),ISIC_0012855.jpg,ISIC_0012855_segmentation.png,2000,3008,234273,6016000,0.0389
ISIC_0012856,train,42,ISIC 2018 Task 1 Training (2594),ISIC_0012856.jpg,ISIC_0012856_segmentation.png,2592,3872,251857,10036224,0.0251
ISIC_0012865,train,42,ISIC 2018 Task 1 Training (2594),ISIC_0012865.jpg,ISIC_0012865_segmentation.png,2592,3872,609300,10036224,0.0607
ISIC_0012871,train,42,ISIC 2018 Task 1 Training (2594),ISIC_0012871.jpg,ISIC_0012871_segmentation.png,2592,3872,548848,10036224,0.0547
ISIC_0012873,train,42,ISIC 2018 Task 1 Training (2594),ISIC_0012873.jpg,ISIC_0012873_segmentation.png,2000,3008,70837,6016000,0.0118
ISIC_0012876,val,42,ISIC 2018 Task 1 Training (2594),ISIC_0012876.jpg,ISIC_0012876_segmentation.png,2592,3872,111545,10036224,0.0111
ISIC_0012877,train,42,ISIC 2018 Task 1 Training (2594),ISIC_0012877.jpg,ISIC_0012877_segmentation.png,2592,3872,808964,10036224,0.0806
ISIC_0012878,train,42,ISIC 2018 Task 1 Training (2594),ISIC_0012878.jpg,ISIC_0012878_segmentation.png,2592,3872,621509,10036224,0.0619
ISIC_0012879,train,42,ISIC 2018 Task 1 Training (2594),ISIC_0012879.jpg,ISIC_0012879_segmentation.png,2000,3008,173664,6016000,0.0289
ISIC_0012880,val,42,ISIC 2018 Task 1 Training (2594),ISIC_0012880.jpg,ISIC_0012880_segmentation.png,2000,3008,468639,6016000,0.0779
ISIC_0012883,val,42,ISIC 2018 Task 1 Training (2594),ISIC_0012883.jpg,ISIC_0012883_segmentation.png,2592,3872,309128,10036224,0.0308
ISIC_0012884,val,42,ISIC 2018 Task 1 Training (2594),ISIC_0012884.jpg,ISIC_0012884_segmentation.png,2000,3008,535824,6016000,0.0891
ISIC_0012887,train,42,ISIC 2018 Task 1 Training (2594),ISIC_0012887.jpg,ISIC_0012887_segmentation.png,2000,3008,117069,6016000,0.0195
ISIC_0012888,train,42,ISIC 2018 Task 1 Training (2594),ISIC_0012888.jpg,ISIC_0012888_segmentation.png,2000,3008,286599,6016000,0.0476
ISIC_0012889,val,42,ISIC 2018 Task 1 Training (2594),ISIC_0012889.jpg,ISIC_0012889_segmentation.png,2000,3008,497214,6016000,0.0826
ISIC_0012891,train,42,ISIC 2018 Task 1 Training (2594),ISIC_0012891.jpg,ISIC_0012891_segmentation.png,2000,3008,242019,6016000,0.0402
ISIC_0012897,val,42,ISIC 2018 Task 1 Training (2594),ISIC_0012897.jpg,ISIC_0012897_segmentation.png,2000,3008,66136,6016000,0.011
ISIC_0012898,train,42,ISIC 2018 Task 1 Training (2594),ISIC_0012898.jpg,ISIC_0012898_segmentation.png,2592,3872,319811,10036224,0.0319
ISIC_0012901,train,42,ISIC 2018 Task 1 Training (2594),ISIC_0012901.jpg,ISIC_0012901_segmentation.png,2000,3008,245035,6016000,0.0407
ISIC_0012902,train,42,ISIC 2018 Task 1 Training (2594),ISIC_0012902.jpg,ISIC_0012902_segmentation.png,2592,3872,1604852,10036224,0.1599
ISIC_0012903,train,42,ISIC 2018 Task 1 Training (2594),ISIC_0012903.jpg,ISIC_0012903_segmentation.png,2592,3872,359734,10036224,0.0358
ISIC_0012904,train,42,ISIC 2018 Task 1 Training (2594),ISIC_0012904.jpg,ISIC_0012904_segmentation.png,2592,3872,1079576,10036224,0.1076
ISIC_0012905,train,42,ISIC 2018 Task 1 Training (2594),ISIC_0012905.jpg,ISIC_0012905_segmentation.png,2592,3872,376027,10036224,0.0375
ISIC_0012907,train,42,ISIC 2018 Task 1 Training (2594),ISIC_0012907.jpg,ISIC_0012907_segmentation.png,2592,3872,388278,10036224,0.0387
ISIC_0012911,train,42,ISIC 2018 Task 1 Training (2594),ISIC_0012911.jpg,ISIC_0012911_segmentation.png,2000,3008,139170,6016000,0.0231
ISIC_0012930,train,42,ISIC 2018 Task 1 Training (2594),ISIC_0012930.jpg,ISIC_0012930_segmentation.png,2000,3008,325531,6016000,0.0541
ISIC_0012932,train,42,ISIC 2018 Task 1 Training (2594),ISIC_0012932.jpg,ISIC_0012932_segmentation.png,2000,3008,1054103,6016000,0.1752
ISIC_0012939,train,42,ISIC 2018 Task 1 Training (2594),ISIC_0012939.jpg,ISIC_0012939_segmentation.png,2592,3872,159886,10036224,0.0159
ISIC_0012940,train,42,ISIC 2018 Task 1 Training (2594),ISIC_0012940.jpg,ISIC_0012940_segmentation.png,2592,3872,323576,10036224,0.0322
ISIC_0012941,train,42,ISIC 2018 Task 1 Training (2594),ISIC_0012941.jpg,ISIC_0012941_segmentation.png,2592,3872,969225,10036224,0.0966
ISIC_0012944,train,42,ISIC 2018 Task 1 Training (2594),ISIC_0012944.jpg,ISIC_0012944_segmentation.png,2592,3872,691857,10036224,0.0689
ISIC_0012945,train,42,ISIC 2018 Task 1 Training (2594),ISIC_0012945.jpg,ISIC_0012945_segmentation.png,2000,3008,34860,6016000,0.0058
ISIC_0012949,train,42,ISIC 2018 Task 1 Training (2594),ISIC_0012949.jpg,ISIC_0012949_segmentation.png,2000,3008,101723,6016000,0.0169
ISIC_0012950,train,42,ISIC 2018 Task 1 Training (2594),ISIC_0012950.jpg,ISIC_0012950_segmentation.png,2592,3872,693167,10036224,0.0691
ISIC_0012956,train,42,ISIC 2018 Task 1 Training (2594),ISIC_0012956.jpg,ISIC_0012956_segmentation.png,2592,3872,196131,10036224,0.0195
ISIC_0012957,train,42,ISIC 2018 Task 1 Training (2594),ISIC_0012957.jpg,ISIC_0012957_segmentation.png,2592,3872,247224,10036224,0.0246
ISIC_0012961,train,42,ISIC 2018 Task 1 Training (2594),ISIC_0012961.jpg,ISIC_0012961_segmentation.png,2000,3008,412871,6016000,0.0686
ISIC_0012965,train,42,ISIC 2018 Task 1 Training (2594),ISIC_0012965.jpg,ISIC_0012965_segmentation.png,2000,3008,51363,6016000,0.0085
ISIC_0012966,train,42,ISIC 2018 Task 1 Training (2594),ISIC_0012966.jpg,ISIC_0012966_segmentation.png,2592,3872,120046,10036224,0.012
ISIC_0012969,train,42,ISIC 2018 Task 1 Training (2594),ISIC_0012969.jpg,ISIC_0012969_segmentation.png,2000,3008,144076,6016000,0.0239
ISIC_0012976,train,42,ISIC 2018 Task 1 Training (2594),ISIC_0012976.jpg,ISIC_0012976_segmentation.png,2592,3872,108522,10036224,0.0108
ISIC_0012981,val,42,ISIC 2018 Task 1 Training (2594),ISIC_0012981.jpg,ISIC_0012981_segmentation.png,2592,3872,201307,10036224,0.0201
ISIC_0012986,train,42,ISIC 2018 Task 1 Training (2594),ISIC_0012986.jpg,ISIC_0012986_segmentation.png,2592,3872,577074,10036224,0.0575
ISIC_0012987,train,42,ISIC 2018 Task 1 Training (2594),ISIC_0012987.jpg,ISIC_0012987_segmentation.png,2592,3872,248035,10036224,0.0247
ISIC_0012988,train,42,ISIC 2018 Task 1 Training (2594),ISIC_0012988.jpg,ISIC_0012988_segmentation.png,2000,3008,172215,6016000,0.0286
ISIC_0012989,train,42,ISIC 2018 Task 1 Training (2594),ISIC_0012989.jpg,ISIC_0012989_segmentation.png,2000,3008,217300,6016000,0.0361
ISIC_0012990,train,42,ISIC 2018 Task 1 Training (2594),ISIC_0012990.jpg,ISIC_0012990_segmentation.png,2000,3008,168917,6016000,0.0281
ISIC_0012999,train,42,ISIC 2018 Task 1 Training (2594),ISIC_0012999.jpg,ISIC_0012999_segmentation.png,2592,3872,3851150,10036224,0.3837
ISIC_0013000,train,42,ISIC 2018 Task 1 Training (2594),ISIC_0013000.jpg,ISIC_0013000_segmentation.png,2592,3872,128871,10036224,0.0128
ISIC_0013001,val,42,ISIC 2018 Task 1 Training (2594),ISIC_0013001.jpg,ISIC_0013001_segmentation.png,2592,3872,141631,10036224,0.0141
ISIC_0013007,val,42,ISIC 2018 Task 1 Training (2594),ISIC_0013007.jpg,ISIC_0013007_segmentation.png,2000,3008,799573,6016000,0.1329
ISIC_0013010,train,42,ISIC 2018 Task 1 Training (2594),ISIC_0013010.jpg,ISIC_0013010_segmentation.png,2000,3008,121204,6016000,0.0201
ISIC_0013012,train,42,ISIC 2018 Task 1 Training (2594),ISIC_0013012.jpg,ISIC_0013012_segmentation.png,2000,3008,304684,6016000,0.0506
ISIC_0013015,val,42,ISIC 2018 Task 1 Training (2594),ISIC_0013015.jpg,ISIC_0013015_segmentation.png,2000,3008,377889,6016000,0.0628
ISIC_0013023,train,42,ISIC 2018 Task 1 Training (2594),ISIC_0013023.jpg,ISIC_0013023_segmentation.png,2000,3008,198364,6016000,0.033
ISIC_0013024,val,42,ISIC 2018 Task 1 Training (2594),ISIC_0013024.jpg,ISIC_0013024_segmentation.png,2000,3008,826816,6016000,0.1374
ISIC_0013025,val,42,ISIC 2018 Task 1 Training (2594),ISIC_0013025.jpg,ISIC_0013025_segmentation.png,2592,3872,125573,10036224,0.0125
ISIC_0013026,train,42,ISIC 2018 Task 1 Training (2594),ISIC_0013026.jpg,ISIC_0013026_segmentation.png,2592,3872,69858,10036224,0.007
ISIC_0013027,train,42,ISIC 2018 Task 1 Training (2594),ISIC_0013027.jpg,ISIC_0013027_segmentation.png,2592,3872,48124,10036224,0.0048
ISIC_0013031,train,42,ISIC 2018 Task 1 Training (2594),ISIC_0013031.jpg,ISIC_0013031_segmentation.png,2000,3008,334993,6016000,0.0557
ISIC_0013032,train,42,ISIC 2018 Task 1 Training (2594),ISIC_0013032.jpg,ISIC_0013032_segmentation.png,2000,3008,296734,6016000,0.0493
ISIC_0013034,train,42,ISIC 2018 Task 1 Training (2594),ISIC_0013034.jpg,ISIC_0013034_segmentation.png,2000,3008,452146,6016000,0.0752
ISIC_0013035,train,42,ISIC 2018 Task 1 Training (2594),ISIC_0013035.jpg,ISIC_0013035_segmentation.png,2000,3008,390578,6016000,0.0649
ISIC_0013037,val,42,ISIC 2018 Task 1 Training (2594),ISIC_0013037.jpg,ISIC_0013037_segmentation.png,2592,3872,306942,10036224,0.0306
ISIC_0013039,train,42,ISIC 2018 Task 1 Training (2594),ISIC_0013039.jpg,ISIC_0013039_segmentation.png,2592,3872,356334,10036224,0.0355
ISIC_0013044,train,42,ISIC 2018 Task 1 Training (2594),ISIC_0013044.jpg,ISIC_0013044_segmentation.png,2592,3872,184796,10036224,0.0184
ISIC_0013045,val,42,ISIC 2018 Task 1 Training (2594),ISIC_0013045.jpg,ISIC_0013045_segmentation.png,2592,3872,371846,10036224,0.0371
ISIC_0013047,val,42,ISIC 2018 Task 1 Training (2594),ISIC_0013047.jpg,ISIC_0013047_segmentation.png,2000,3008,582047,6016000,0.0967
ISIC_0013048,train,42,ISIC 2018 Task 1 Training (2594),ISIC_0013048.jpg,ISIC_0013048_segmentation.png,2592,3872,358196,10036224,0.0357
ISIC_0013052,train,42,ISIC 2018 Task 1 Training (2594),ISIC_0013052.jpg,ISIC_0013052_segmentation.png,2000,3008,1495009,6016000,0.2485
ISIC_0013053,train,42,ISIC 2018 Task 1 Training (2594),ISIC_0013053.jpg,ISIC_0013053_segmentation.png,2592,3872,212319,10036224,0.0212
ISIC_0013054,val,42,ISIC 2018 Task 1 Training (2594),ISIC_0013054.jpg,ISIC_0013054_segmentation.png,2592,3872,111410,10036224,0.0111
ISIC_0013055,train,42,ISIC 2018 Task 1 Training (2594),ISIC_0013055.jpg,ISIC_0013055_segmentation.png,2592,3872,53925,10036224,0.0054
ISIC_0013056,train,42,ISIC 2018 Task 1 Training (2594),ISIC_0013056.jpg,ISIC_0013056_segmentation.png,2000,3008,306004,6016000,0.0509
ISIC_0013063,train,42,ISIC 2018 Task 1 Training (2594),ISIC_0013063.jpg,ISIC_0013063_segmentation.png,2592,3872,1693212,10036224,0.1687
ISIC_0013065,val,42,ISIC 2018 Task 1 Training (2594),ISIC_0013065.jpg,ISIC_0013065_segmentation.png,2592,3872,142368,10036224,0.0142
ISIC_0013070,train,42,ISIC 2018 Task 1 Training (2594),ISIC_0013070.jpg,ISIC_0013070_segmentation.png,2592,3872,410670,10036224,0.0409
ISIC_0013071,train,42,ISIC 2018 Task 1 Training (2594),ISIC_0013071.jpg,ISIC_0013071_segmentation.png,2592,3872,390200,10036224,0.0389
ISIC_0013072,train,42,ISIC 2018 Task 1 Training (2594),ISIC_0013072.jpg,ISIC_0013072_segmentation.png,2000,3008,1519984,6016000,0.2527
ISIC_0013073,train,42,ISIC 2018 Task 1 Training (2594),ISIC_0013073.jpg,ISIC_0013073_segmentation.png,2000,3008,3327255,6016000,0.5531
ISIC_0013075,train,42,ISIC 2018 Task 1 Training (2594),ISIC_0013075.jpg,ISIC_0013075_segmentation.png,2592,3872,575808,10036224,0.0574
ISIC_0013079,train,42,ISIC 2018 Task 1 Training (2594),ISIC_0013079.jpg,ISIC_0013079_segmentation.png,2000,3008,614430,6016000,0.1021
ISIC_0013082,train,42,ISIC 2018 Task 1 Training (2594),ISIC_0013082.jpg,ISIC_0013082_segmentation.png,2592,3872,254836,10036224,0.0254
ISIC_0013084,train,42,ISIC 2018 Task 1 Training (2594),ISIC_0013084.jpg,ISIC_0013084_segmentation.png,2000,3008,1620388,6016000,0.2693
ISIC_0013086,train,42,ISIC 2018 Task 1 Training (2594),ISIC_0013086.jpg,ISIC_0013086_segmentation.png,2000,3008,302266,6016000,0.0502
ISIC_0013087,train,42,ISIC 2018 Task 1 Training (2594),ISIC_0013087.jpg,ISIC_0013087_segmentation.png,2000,3008,327305,6016000,0.0544
ISIC_0013089,val,42,ISIC 2018 Task 1 Training (2594),ISIC_0013089.jpg,ISIC_0013089_segmentation.png,2592,3872,373325,10036224,0.0372
ISIC_0013090,val,42,ISIC 2018 Task 1 Training (2594),ISIC_0013090.jpg,ISIC_0013090_segmentation.png,2000,3008,101002,6016000,0.0168
ISIC_0013094,train,42,ISIC 2018 Task 1 Training (2594),ISIC_0013094.jpg,ISIC_0013094_segmentation.png,2000,3008,90847,6016000,0.0151
ISIC_0013096,train,42,ISIC 2018 Task 1 Training (2594),ISIC_0013096.jpg,ISIC_0013096_segmentation.png,2000,3008,601882,6016000,0.1
ISIC_0013104,val,42,ISIC 2018 Task 1 Training (2594),ISIC_0013104.jpg,ISIC_0013104_segmentation.png,2592,3872,867947,10036224,0.0865
ISIC_0013106,val,42,ISIC 2018 Task 1 Training (2594),ISIC_0013106.jpg,ISIC_0013106_segmentation.png,2000,3008,223970,6016000,0.0372
ISIC_0013109,train,42,ISIC 2018 Task 1 Training (2594),ISIC_0013109.jpg,ISIC_0013109_segmentation.png,2000,3008,117805,6016000,0.0196
ISIC_0013112,val,42,ISIC 2018 Task 1 Training (2594),ISIC_0013112.jpg,ISIC_0013112_segmentation.png,2000,3008,490273,6016000,0.0815
ISIC_0013114,train,42,ISIC 2018 Task 1 Training (2594),ISIC_0013114.jpg,ISIC_0013114_segmentation.png,2000,3008,792006,6016000,0.1316
ISIC_0013118,train,42,ISIC 2018 Task 1 Training (2594),ISIC_0013118.jpg,ISIC_0013118_segmentation.png,2000,3008,186981,6016000,0.0311
ISIC_0013120,train,42,ISIC 2018 Task 1 Training (2594),ISIC_0013120.jpg,ISIC_0013120_segmentation.png,2592,3872,244228,10036224,0.0243
ISIC_0013121,train,42,ISIC 2018 Task 1 Training (2594),ISIC_0013121.jpg,ISIC_0013121_segmentation.png,2000,3008,147689,6016000,0.0245
ISIC_0013124,val,42,ISIC 2018 Task 1 Training (2594),ISIC_0013124.jpg,ISIC_0013124_segmentation.png,2592,3872,359336,10036224,0.0358
ISIC_0013126,val,42,ISIC 2018 Task 1 Training (2594),ISIC_0013126.jpg,ISIC_0013126_segmentation.png,2592,3872,182447,10036224,0.0182
ISIC_0013128,val,42,ISIC 2018 Task 1 Training (2594),ISIC_0013128.jpg,ISIC_0013128_segmentation.png,2592,3872,470897,10036224,0.0469
ISIC_0013129,train,42,ISIC 2018 Task 1 Training (2594),ISIC_0013129.jpg,ISIC_0013129_segmentation.png,2000,3008,357577,6016000,0.0594
ISIC_0013134,val,42,ISIC 2018 Task 1 Training (2594),ISIC_0013134.jpg,ISIC_0013134_segmentation.png,2592,3872,372065,10036224,0.0371
ISIC_0013136,train,42,ISIC 2018 Task 1 Training (2594),ISIC_0013136.jpg,ISIC_0013136_segmentation.png,2000,3008,252977,6016000,0.0421
ISIC_0013140,train,42,ISIC 2018 Task 1 Training (2594),ISIC_0013140.jpg,ISIC_0013140_segmentation.png,2592,3872,257694,10036224,0.0257
ISIC_0013141,val,42,ISIC 2018 Task 1 Training (2594),ISIC_0013141.jpg,ISIC_0013141_segmentation.png,2000,3008,443299,6016000,0.0737
ISIC_0013146,train,42,ISIC 2018 Task 1 Training (2594),ISIC_0013146.jpg,ISIC_0013146_segmentation.png,2000,3008,919762,6016000,0.1529
ISIC_0013147,train,42,ISIC 2018 Task 1 Training (2594),ISIC_0013147.jpg,ISIC_0013147_segmentation.png,2000,3008,238729,6016000,0.0397
ISIC_0013150,train,42,ISIC 2018 Task 1 Training (2594),ISIC_0013150.jpg,ISIC_0013150_segmentation.png,2000,3008,371113,6016000,0.0617
ISIC_0013155,train,42,ISIC 2018 Task 1 Training (2594),ISIC_0013155.jpg,ISIC_0013155_segmentation.png,2000,3008,25323,6016000,0.0042
ISIC_0013159,train,42,ISIC 2018 Task 1 Training (2594),ISIC_0013159.jpg,ISIC_0013159_segmentation.png,2592,3872,1062577,10036224,0.1059
ISIC_0013160,val,42,ISIC 2018 Task 1 Training (2594),ISIC_0013160.jpg,ISIC_0013160_segmentation.png,2000,3008,940637,6016000,0.1564
ISIC_0013163,train,42,ISIC 2018 Task 1 Training (2594),ISIC_0013163.jpg,ISIC_0013163_segmentation.png,2000,3008,104556,6016000,0.0174
ISIC_0013164,val,42,ISIC 2018 Task 1 Training (2594),ISIC_0013164.jpg,ISIC_0013164_segmentation.png,2000,3008,65743,6016000,0.0109
ISIC_0013165,train,42,ISIC 2018 Task 1 Training (2594),ISIC_0013165.jpg,ISIC_0013165_segmentation.png,2592,3872,693656,10036224,0.0691
ISIC_0013166,train,42,ISIC 2018 Task 1 Training (2594),ISIC_0013166.jpg,ISIC_0013166_segmentation.png,2000,3008,737823,6016000,0.1226
ISIC_0013167,train,42,ISIC 2018 Task 1 Training (2594),ISIC_0013167.jpg,ISIC_0013167_segmentation.png,2592,3872,1149716,10036224,0.1146
ISIC_0013169,train,42,ISIC 2018 Task 1 Training (2594),ISIC_0013169.jpg,ISIC_0013169_segmentation.png,2000,3008,3833596,6016000,0.6372
ISIC_0013170,train,42,ISIC 2018 Task 1 Training (2594),ISIC_0013170.jpg,ISIC_0013170_segmentation.png,2000,3008,2583630,6016000,0.4295
ISIC_0013172,val,42,ISIC 2018 Task 1 Training (2594),ISIC_0013172.jpg,ISIC_0013172_segmentation.png,2000,3008,149466,6016000,0.0248
ISIC_0013173,train,42,ISIC 2018 Task 1 Training (2594),ISIC_0013173.jpg,ISIC_0013173_segmentation.png,2592,3872,79176,10036224,0.0079
ISIC_0013176,train,42,ISIC 2018 Task 1 Training (2594),ISIC_0013176.jpg,ISIC_0013176_segmentation.png,2000,3008,283316,6016000,0.0471
ISIC_0013177,train,42,ISIC 2018 Task 1 Training (2594),ISIC_0013177.jpg,ISIC_0013177_segmentation.png,2000,3008,976587,6016000,0.1623
ISIC_0013178,train,42,ISIC 2018 Task 1 Training (2594),ISIC_0013178.jpg,ISIC_0013178_segmentation.png,2000,3008,1508169,6016000,0.2507
ISIC_0013181,train,42,ISIC 2018 Task 1 Training (2594),ISIC_0013181.jpg,ISIC_0013181_segmentation.png,2000,3008,102351,6016000,0.017
ISIC_0013184,train,42,ISIC 2018 Task 1 Training (2594),ISIC_0013184.jpg,ISIC_0013184_segmentation.png,2592,3872,2385984,10036224,0.2377
ISIC_0013187,train,42,ISIC 2018 Task 1 Training (2594),ISIC_0013187.jpg,ISIC_0013187_segmentation.png,2000,3008,600527,6016000,0.0998
ISIC_0013189,train,42,ISIC 2018 Task 1 Training (2594),ISIC_0013189.jpg,ISIC_0013189_segmentation.png,2592,3872,1254427,10036224,0.125
ISIC_0013190,train,42,ISIC 2018 Task 1 Training (2594),ISIC_0013190.jpg,ISIC_0013190_segmentation.png,2592,3872,677337,10036224,0.0675
ISIC_0013191,train,42,ISIC 2018 Task 1 Training (2594),ISIC_0013191.jpg,ISIC_0013191_segmentation.png,2000,3008,700280,6016000,0.1164
ISIC_0013192,train,42,ISIC 2018 Task 1 Training (2594),ISIC_0013192.jpg,ISIC_0013192_segmentation.png,2000,3008,76006,6016000,0.0126
ISIC_0013193,train,42,ISIC 2018 Task 1 Training (2594),ISIC_0013193.jpg,ISIC_0013193_segmentation.png,2000,3008,702041,6016000,0.1167
ISIC_0013196,train,42,ISIC 2018 Task 1 Training (2594),ISIC_0013196.jpg,ISIC_0013196_segmentation.png,2000,3008,17908,6016000,0.003
ISIC_0013197,train,42,ISIC 2018 Task 1 Training (2594),ISIC_0013197.jpg,ISIC_0013197_segmentation.png,2000,3008,27887,6016000,0.0046
ISIC_0013198,train,42,ISIC 2018 Task 1 Training (2594),ISIC_0013198.jpg,ISIC_0013198_segmentation.png,2000,3008,954474,6016000,0.1587
ISIC_0013200,train,42,ISIC 2018 Task 1 Training (2594),ISIC_0013200.jpg,ISIC_0013200_segmentation.png,2000,3008,236519,6016000,0.0393
ISIC_0013201,train,42,ISIC 2018 Task 1 Training (2594),ISIC_0013201.jpg,ISIC_0013201_segmentation.png,2000,3008,118456,6016000,0.0197
ISIC_0013203,train,42,ISIC 2018 Task 1 Training (2594),ISIC_0013203.jpg,ISIC_0013203_segmentation.png,2000,3008,1569788,6016000,0.2609
ISIC_0013204,train,42,ISIC 2018 Task 1 Training (2594),ISIC_0013204.jpg,ISIC_0013204_segmentation.png,2000,3008,208580,6016000,0.0347
ISIC_0013205,val,42,ISIC 2018 Task 1 Training (2594),ISIC_0013205.jpg,ISIC_0013205_segmentation.png,2000,3008,194372,6016000,0.0323
ISIC_0013207,train,42,ISIC 2018 Task 1 Training (2594),ISIC_0013207.jpg,ISIC_0013207_segmentation.png,2000,3008,257540,6016000,0.0428
ISIC_0013208,val,42,ISIC 2018 Task 1 Training (2594),ISIC_0013208.jpg,ISIC_0013208_segmentation.png,2000,3008,46639,6016000,0.0078
ISIC_0013212,val,42,ISIC 2018 Task 1 Training (2594),ISIC_0013212.jpg,ISIC_0013212_segmentation.png,2000,3008,110822,6016000,0.0184
ISIC_0013213,train,42,ISIC 2018 Task 1 Training (2594),ISIC_0013213.jpg,ISIC_0013213_segmentation.png,2000,3008,327363,6016000,0.0544
ISIC_0013216,train,42,ISIC 2018 Task 1 Training (2594),ISIC_0013216.jpg,ISIC_0013216_segmentation.png,2592,3872,488901,10036224,0.0487
ISIC_0013217,train,42,ISIC 2018 Task 1 Training (2594),ISIC_0013217.jpg,ISIC_0013217_segmentation.png,2592,3872,92593,10036224,0.0092
ISIC_0013219,train,42,ISIC 2018 Task 1 Training (2594),ISIC_0013219.jpg,ISIC_0013219_segmentation.png,2000,3008,90311,6016000,0.015
ISIC_0013220,train,42,ISIC 2018 Task 1 Training (2594),ISIC_0013220.jpg,ISIC_0013220_segmentation.png,2000,3008,424511,6016000,0.0706
ISIC_0013222,train,42,ISIC 2018 Task 1 Training (2594),ISIC_0013222.jpg,ISIC_0013222_segmentation.png,2592,3872,430921,10036224,0.0429
ISIC_0013223,train,42,ISIC 2018 Task 1 Training (2594),ISIC_0013223.jpg,ISIC_0013223_segmentation.png,2000,3008,665366,6016000,0.1106
ISIC_0013224,val,42,ISIC 2018 Task 1 Training (2594),ISIC_0013224.jpg,ISIC_0013224_segmentation.png,2592,3872,252966,10036224,0.0252
ISIC_0013226,train,42,ISIC 2018 Task 1 Training (2594),ISIC_0013226.jpg,ISIC_0013226_segmentation.png,2592,3872,257549,10036224,0.0257
ISIC_0013227,train,42,ISIC 2018 Task 1 Training (2594),ISIC_0013227.jpg,ISIC_0013227_segmentation.png,2592,3872,250354,10036224,0.0249
ISIC_0013229,train,42,ISIC 2018 Task 1 Training (2594),ISIC_0013229.jpg,ISIC_0013229_segmentation.png,2848,4288,660908,12212224,0.0541
ISIC_0013230,train,42,ISIC 2018 Task 1 Training (2594),ISIC_0013230.jpg,ISIC_0013230_segmentation.png,2000,3008,210957,6016000,0.0351
ISIC_0013232,train,42,ISIC 2018 Task 1 Training (2594),ISIC_0013232.jpg,ISIC_0013232_segmentation.png,2000,3008,467956,6016000,0.0778
ISIC_0013233,val,42,ISIC 2018 Task 1 Training (2594),ISIC_0013233.jpg,ISIC_0013233_segmentation.png,2000,3008,53676,6016000,0.0089
ISIC_0013235,train,42,ISIC 2018 Task 1 Training (2594),ISIC_0013235.jpg,ISIC_0013235_segmentation.png,2000,3008,364970,6016000,0.0607
ISIC_0013238,train,42,ISIC 2018 Task 1 Training (2594),ISIC_0013238.jpg,ISIC_0013238_segmentation.png,2592,3872,550493,10036224,0.0549
ISIC_0013242,train,42,ISIC 2018 Task 1 Training (2594),ISIC_0013242.jpg,ISIC_0013242_segmentation.png,2592,3872,1020232,10036224,0.1017
ISIC_0013244,val,42,ISIC 2018 Task 1 Training (2594),ISIC_0013244.jpg,ISIC_0013244_segmentation.png,2000,3008,582573,6016000,0.0968
ISIC_0013248,train,42,ISIC 2018 Task 1 Training (2594),ISIC_0013248.jpg,ISIC_0013248_segmentation.png,2000,3008,148425,6016000,0.0247
ISIC_0013249,train,42,ISIC 2018 Task 1 Training (2594),ISIC_0013249.jpg,ISIC_0013249_segmentation.png,2592,3872,298108,10036224,0.0297
ISIC_0013257,train,42,ISIC 2018 Task 1 Training (2594),ISIC_0013257.jpg,ISIC_0013257_segmentation.png,2848,4288,458633,12212224,0.0376
ISIC_0013258,train,42,ISIC 2018 Task 1 Training (2594),ISIC_0013258.jpg,ISIC_0013258_segmentation.png,2000,3008,253385,6016000,0.0421
ISIC_0013269,train,42,ISIC 2018 Task 1 Training (2594),ISIC_0013269.jpg,ISIC_0013269_segmentation.png,2848,4288,342242,12212224,0.028
ISIC_0013271,val,42,ISIC 2018 Task 1 Training (2594),ISIC_0013271.jpg,ISIC_0013271_segmentation.png,2848,4288,446660,12212224,0.0366
ISIC_0013274,train,42,ISIC 2018 Task 1 Training (2594),ISIC_0013274.jpg,ISIC_0013274_segmentation.png,2848,4288,423617,12212224,0.0347
ISIC_0013275,val,42,ISIC 2018 Task 1 Training (2594),ISIC_0013275.jpg,ISIC_0013275_segmentation.png,2848,4288,195561,12212224,0.016
ISIC_0013277,train,42,ISIC 2018 Task 1 Training (2594),ISIC_0013277.jpg,ISIC_0013277_segmentation.png,2000,3008,1727149,6016000,0.2871
ISIC_0013287,train,42,ISIC 2018 Task 1 Training (2594),ISIC_0013287.jpg,ISIC_0013287_segmentation.png,2848,4288,423685,12212224,0.0347
ISIC_0013288,train,42,ISIC 2018 Task 1 Training (2594),ISIC_0013288.jpg,ISIC_0013288_segmentation.png,2848,4288,444589,12212224,0.0364
ISIC_0013291,train,42,ISIC 2018 Task 1 Training (2594),ISIC_0013291.jpg,ISIC_0013291_segmentation.png,2848,4288,664819,12212224,0.0544
ISIC_0013294,train,42,ISIC 2018 Task 1 Training (2594),ISIC_0013294.jpg,ISIC_0013294_segmentation.png,2848,4288,457946,12212224,0.0375
ISIC_0013302,val,42,ISIC 2018 Task 1 Training (2594),ISIC_0013302.jpg,ISIC_0013302_segmentation.png,2848,4288,103950,12212224,0.0085
ISIC_0013304,train,42,ISIC 2018 Task 1 Training (2594),ISIC_0013304.jpg,ISIC_0013304_segmentation.png,2848,4288,828051,12212224,0.0678
ISIC_0013306,train,42,ISIC 2018 Task 1 Training (2594),ISIC_0013306.jpg,ISIC_0013306_segmentation.png,2848,4288,294458,12212224,0.0241
ISIC_0013310,train,42,ISIC 2018 Task 1 Training (2594),ISIC_0013310.jpg,ISIC_0013310_segmentation.png,2848,4288,2899569,12212224,0.2374
ISIC_0013311,train,42,ISIC 2018 Task 1 Training (2594),ISIC_0013311.jpg,ISIC_0013311_segmentation.png,2848,4288,425047,12212224,0.0348
ISIC_0013314,train,42,ISIC 2018 Task 1 Training (2594),ISIC_0013314.jpg,ISIC_0013314_segmentation.png,2848,4288,507904,12212224,0.0416
ISIC_0013315,train,42,ISIC 2018 Task 1 Training (2594),ISIC_0013315.jpg,ISIC_0013315_segmentation.png,2848,4288,1518490,12212224,0.1243
ISIC_0013319,train,42,ISIC 2018 Task 1 Training (2594),ISIC_0013319.jpg,ISIC_0013319_segmentation.png,2848,4288,812871,12212224,0.0666
ISIC_0013320,train,42,ISIC 2018 Task 1 Training (2594),ISIC_0013320.jpg,ISIC_0013320_segmentation.png,2848,4288,1027756,12212224,0.0842
ISIC_0013321,train,42,ISIC 2018 Task 1 Training (2594),ISIC_0013321.jpg,ISIC_0013321_segmentation.png,2848,4288,6484055,12212224,0.5309
ISIC_0013325,train,42,ISIC 2018 Task 1 Training (2594),ISIC_0013325.jpg,ISIC_0013325_segmentation.png,2848,4288,455379,12212224,0.0373
ISIC_0013326,train,42,ISIC 2018 Task 1 Training (2594),ISIC_0013326.jpg,ISIC_0013326_segmentation.png,2848,4288,421412,12212224,0.0345
ISIC_0013329,train,42,ISIC 2018 Task 1 Training (2594),ISIC_0013329.jpg,ISIC_0013329_segmentation.png,2848,4288,281890,12212224,0.0231
ISIC_0013330,train,42,ISIC 2018 Task 1 Training (2594),ISIC_0013330.jpg,ISIC_0013330_segmentation.png,2848,4288,198297,12212224,0.0162
ISIC_0013333,train,42,ISIC 2018 Task 1 Training (2594),ISIC_0013333.jpg,ISIC_0013333_segmentation.png,2848,4288,360181,12212224,0.0295
ISIC_0013334,train,42,ISIC 2018 Task 1 Training (2594),ISIC_0013334.jpg,ISIC_0013334_segmentation.png,2848,4288,3152008,12212224,0.2581
ISIC_0013335,train,42,ISIC 2018 Task 1 Training (2594),ISIC_0013335.jpg,ISIC_0013335_segmentation.png,2848,4288,1701719,12212224,0.1393
ISIC_0013340,train,42,ISIC 2018 Task 1 Training (2594),ISIC_0013340.jpg,ISIC_0013340_segmentation.png,2848,4288,199864,12212224,0.0164
ISIC_0013341,train,42,ISIC 2018 Task 1 Training (2594),ISIC_0013341.jpg,ISIC_0013341_segmentation.png,2848,4288,4389980,12212224,0.3595
ISIC_0013342,train,42,ISIC 2018 Task 1 Training (2594),ISIC_0013342.jpg,ISIC_0013342_segmentation.png,2848,4288,288032,12212224,0.0236
ISIC_0013346,train,42,ISIC 2018 Task 1 Training (2594),ISIC_0013346.jpg,ISIC_0013346_segmentation.png,2848,4288,1718112,12212224,0.1407
ISIC_0013355,train,42,ISIC 2018 Task 1 Training (2594),ISIC_0013355.jpg,ISIC_0013355_segmentation.png,2848,4288,52181,12212224,0.0043
ISIC_0013356,val,42,ISIC 2018 Task 1 Training (2594),ISIC_0013356.jpg,ISIC_0013356_segmentation.png,2848,4288,202791,12212224,0.0166
ISIC_0013359,train,42,ISIC 2018 Task 1 Training (2594),ISIC_0013359.jpg,ISIC_0013359_segmentation.png,2848,4288,3549515,12212224,0.2907
ISIC_0013360,train,42,ISIC 2018 Task 1 Training (2594),ISIC_0013360.jpg,ISIC_0013360_segmentation.png,2848,4288,253014,12212224,0.0207
ISIC_0013364,train,42,ISIC 2018 Task 1 Training (2594),ISIC_0013364.jpg,ISIC_0013364_segmentation.png,2848,4288,322941,12212224,0.0264
ISIC_0013365,train,42,ISIC 2018 Task 1 Training (2594),ISIC_0013365.jpg,ISIC_0013365_segmentation.png,2848,4288,1169170,12212224,0.0957
ISIC_0013369,val,42,ISIC 2018 Task 1 Training (2594),ISIC_0013369.jpg,ISIC_0013369_segmentation.png,2848,4288,92653,12212224,0.0076
ISIC_0013371,val,42,ISIC 2018 Task 1 Training (2594),ISIC_0013371.jpg,ISIC_0013371_segmentation.png,2848,4288,952394,12212224,0.078
ISIC_0013374,train,42,ISIC 2018 Task 1 Training (2594),ISIC_0013374.jpg,ISIC_0013374_segmentation.png,2848,4288,6787569,12212224,0.5558
ISIC_0013378,train,42,ISIC 2018 Task 1 Training (2594),ISIC_0013378.jpg,ISIC_0013378_segmentation.png,2848,4288,400545,12212224,0.0328
ISIC_0013383,val,42,ISIC 2018 Task 1 Training (2594),ISIC_0013383.jpg,ISIC_0013383_segmentation.png,2848,4288,371569,12212224,0.0304
ISIC_0013385,val,42,ISIC 2018 Task 1 Training (2594),ISIC_0013385.jpg,ISIC_0013385_segmentation.png,2848,4288,844667,12212224,0.0692
ISIC_0013390,val,42,ISIC 2018 Task 1 Training (2594),ISIC_0013390.jpg,ISIC_0013390_segmentation.png,2848,4288,709349,12212224,0.0581
ISIC_0013393,train,42,ISIC 2018 Task 1 Training (2594),ISIC_0013393.jpg,ISIC_0013393_segmentation.png,2848,4288,3422816,12212224,0.2803
ISIC_0013394,val,42,ISIC 2018 Task 1 Training (2594),ISIC_0013394.jpg,ISIC_0013394_segmentation.png,2848,4288,331191,12212224,0.0271
ISIC_0013395,train,42,ISIC 2018 Task 1 Training (2594),ISIC_0013395.jpg,ISIC_0013395_segmentation.png,2848,4288,383106,12212224,0.0314
ISIC_0013397,train,42,ISIC 2018 Task 1 Training (2594),ISIC_0013397.jpg,ISIC_0013397_segmentation.png,2848,4288,1065776,12212224,0.0873
ISIC_0013398,train,42,ISIC 2018 Task 1 Training (2594),ISIC_0013398.jpg,ISIC_0013398_segmentation.png,2848,4288,115429,12212224,0.0095
ISIC_0013399,train,42,ISIC 2018 Task 1 Training (2594),ISIC_0013399.jpg,ISIC_0013399_segmentation.png,2848,4288,618679,12212224,0.0507
ISIC_0013400,val,42,ISIC 2018 Task 1 Training (2594),ISIC_0013400.jpg,ISIC_0013400_segmentation.png,2848,4288,1925116,12212224,0.1576
ISIC_0013403,train,42,ISIC 2018 Task 1 Training (2594),ISIC_0013403.jpg,ISIC_0013403_segmentation.png,2848,4288,455922,12212224,0.0373
ISIC_0013405,train,42,ISIC 2018 Task 1 Training (2594),ISIC_0013405.jpg,ISIC_0013405_segmentation.png,2848,4288,619947,12212224,0.0508
ISIC_0013410,train,42,ISIC 2018 Task 1 Training (2594),ISIC_0013410.jpg,ISIC_0013410_segmentation.png,2848,4288,606072,12212224,0.0496
ISIC_0013411,train,42,ISIC 2018 Task 1 Training (2594),ISIC_0013411.jpg,ISIC_0013411_segmentation.png,2848,4288,4309211,12212224,0.3529
ISIC_0013414,val,42,ISIC 2018 Task 1 Training (2594),ISIC_0013414.jpg,ISIC_0013414_segmentation.png,2848,4288,278528,12212224,0.0228
ISIC_0013416,val,42,ISIC 2018 Task 1 Training (2594),ISIC_0013416.jpg,ISIC_0013416_segmentation.png,2848,4288,163975,12212224,0.0134
ISIC_0013417,train,42,ISIC 2018 Task 1 Training (2594),ISIC_0013417.jpg,ISIC_0013417_segmentation.png,2848,4288,170235,12212224,0.0139
ISIC_0013423,train,42,ISIC 2018 Task 1 Training (2594),ISIC_0013423.jpg,ISIC_0013423_segmentation.png,2848,4288,4086079,12212224,0.3346
ISIC_0013424,train,42,ISIC 2018 Task 1 Training (2594),ISIC_0013424.jpg,ISIC_0013424_segmentation.png,2848,4288,1803775,12212224,0.1477
ISIC_0013425,train,42,ISIC 2018 Task 1 Training (2594),ISIC_0013425.jpg,ISIC_0013425_segmentation.png,2848,4288,579582,12212224,0.0475
ISIC_0013427,train,42,ISIC 2018 Task 1 Training (2594),ISIC_0013427.jpg,ISIC_0013427_segmentation.png,2848,4288,6742719,12212224,0.5521
ISIC_0013428,train,42,ISIC 2018 Task 1 Training (2594),ISIC_0013428.jpg,ISIC_0013428_segmentation.png,2848,4288,2205615,12212224,0.1806
ISIC_0013429,train,42,ISIC 2018 Task 1 Training (2594),ISIC_0013429.jpg,ISIC_0013429_segmentation.png,2848,4288,677928,12212224,0.0555
ISIC_0013430,train,42,ISIC 2018 Task 1 Training (2594),ISIC_0013430.jpg,ISIC_0013430_segmentation.png,2848,4288,778595,12212224,0.0638
ISIC_0013432,train,42,ISIC 2018 Task 1 Training (2594),ISIC_0013432.jpg,ISIC_0013432_segmentation.png,2848,4288,495117,12212224,0.0405
ISIC_0013433,train,42,ISIC 2018 Task 1 Training (2594),ISIC_0013433.jpg,ISIC_0013433_segmentation.png,2848,4288,493733,12212224,0.0404
ISIC_0013434,train,42,ISIC 2018 Task 1 Training (2594),ISIC_0013434.jpg,ISIC_0013434_segmentation.png,2848,4288,512197,12212224,0.0419
ISIC_0013437,val,42,ISIC 2018 Task 1 Training (2594),ISIC_0013437.jpg,ISIC_0013437_segmentation.png,2848,4288,1862206,12212224,0.1525
ISIC_0013438,train,42,ISIC 2018 Task 1 Training (2594),ISIC_0013438.jpg,ISIC_0013438_segmentation.png,2848,4288,712890,12212224,0.0584
ISIC_0013443,val,42,ISIC 2018 Task 1 Training (2594),ISIC_0013443.jpg,ISIC_0013443_segmentation.png,2848,4288,2108651,12212224,0.1727
ISIC_0013455,val,42,ISIC 2018 Task 1 Training (2594),ISIC_0013455.jpg,ISIC_0013455_segmentation.png,2848,4288,2935755,12212224,0.2404
ISIC_0013456,train,42,ISIC 2018 Task 1 Training (2594),ISIC_0013456.jpg,ISIC_0013456_segmentation.png,2848,4288,54864,12212224,0.0045
ISIC_0013457,train,42,ISIC 2018 Task 1 Training (2594),ISIC_0013457.jpg,ISIC_0013457_segmentation.png,2848,4288,3894730,12212224,0.3189
ISIC_0013458,train,42,ISIC 2018 Task 1 Training (2594),ISIC_0013458.jpg,ISIC_0013458_segmentation.png,2848,4288,530382,12212224,0.0434
ISIC_0013459,train,42,ISIC 2018 Task 1 Training (2594),ISIC_0013459.jpg,ISIC_0013459_segmentation.png,2848,4288,2337756,12212224,0.1914
ISIC_0013461,train,42,ISIC 2018 Task 1 Training (2594),ISIC_0013461.jpg,ISIC_0013461_segmentation.png,2848,4288,830045,12212224,0.068
ISIC_0013465,train,42,ISIC 2018 Task 1 Training (2594),ISIC_0013465.jpg,ISIC_0013465_segmentation.png,2848,4288,255506,12212224,0.0209
ISIC_0013472,train,42,ISIC 2018 Task 1 Training (2594),ISIC_0013472.jpg,ISIC_0013472_segmentation.png,2848,4288,678957,12212224,0.0556
ISIC_0013473,train,42,ISIC 2018 Task 1 Training (2594),ISIC_0013473.jpg,ISIC_0013473_segmentation.png,2848,4288,10018284,12212224,0.8203
ISIC_0013474,train,42,ISIC 2018 Task 1 Training (2594),ISIC_0013474.jpg,ISIC_0013474_segmentation.png,2848,4288,1490616,12212224,0.1221
ISIC_0013480,train,42,ISIC 2018 Task 1 Training (2594),ISIC_0013480.jpg,ISIC_0013480_segmentation.png,2592,3872,186107,10036224,0.0185
ISIC_0013487,train,42,ISIC 2018 Task 1 Training (2594),ISIC_0013487.jpg,ISIC_0013487_segmentation.png,1536,2304,125919,3538944,0.0356
ISIC_0013488,val,42,ISIC 2018 Task 1 Training (2594),ISIC_0013488.jpg,ISIC_0013488_segmentation.png,1536,2304,247386,3538944,0.0699
ISIC_0013489,train,42,ISIC 2018 Task 1 Training (2594),ISIC_0013489.jpg,ISIC_0013489_segmentation.png,1536,2304,166356,3538944,0.047
ISIC_0013490,val,42,ISIC 2018 Task 1 Training (2594),ISIC_0013490.jpg,ISIC_0013490_segmentation.png,2000,3008,400251,6016000,0.0665
ISIC_0013491,val,42,ISIC 2018 Task 1 Training (2594),ISIC_0013491.jpg,ISIC_0013491_segmentation.png,2000,3008,398097,6016000,0.0662
ISIC_0013492,val,42,ISIC 2018 Task 1 Training (2594),ISIC_0013492.jpg,ISIC_0013492_segmentation.png,2000,3008,334569,6016000,0.0556
ISIC_0013493,train,42,ISIC 2018 Task 1 Training (2594),ISIC_0013493.jpg,ISIC_0013493_segmentation.png,2848,4288,2274489,12212224,0.1862
ISIC_0013494,val,42,ISIC 2018 Task 1 Training (2594),ISIC_0013494.jpg,ISIC_0013494_segmentation.png,2848,4288,788520,12212224,0.0646
ISIC_0013495,val,42,ISIC 2018 Task 1 Training (2594),ISIC_0013495.jpg,ISIC_0013495_segmentation.png,2848,4288,626304,12212224,0.0513
ISIC_0013498,train,42,ISIC 2018 Task 1 Training (2594),ISIC_0013498.jpg,ISIC_0013498_segmentation.png,2592,3872,551794,10036224,0.055
ISIC_0013499,val,42,ISIC 2018 Task 1 Training (2594),ISIC_0013499.jpg,ISIC_0013499_segmentation.png,2592,3872,699331,10036224,0.0697
ISIC_0013500,val,42,ISIC 2018 Task 1 Training (2594),ISIC_0013500.jpg,ISIC_0013500_segmentation.png,2592,3872,484580,10036224,0.0483
ISIC_0013501,val,42,ISIC 2018 Task 1 Training (2594),ISIC_0013501.jpg,ISIC_0013501_segmentation.png,2848,4288,809661,12212224,0.0663
ISIC_0013511,train,42,ISIC 2018 Task 1 Training (2594),ISIC_0013511.jpg,ISIC_0013511_segmentation.png,2000,3008,432189,6016000,0.0718
ISIC_0013512,train,42,ISIC 2018 Task 1 Training (2594),ISIC_0013512.jpg,ISIC_0013512_segmentation.png,2000,3008,103142,6016000,0.0171
ISIC_0013516,train,42,ISIC 2018 Task 1 Training (2594),ISIC_0013516.jpg,ISIC_0013516_segmentation.png,2848,4288,792114,12212224,0.0649
ISIC_0013517,train,42,ISIC 2018 Task 1 Training (2594),ISIC_0013517.jpg,ISIC_0013517_segmentation.png,2848,4288,155160,12212224,0.0127
ISIC_0013518,train,42,ISIC 2018 Task 1 Training (2594),ISIC_0013518.jpg,ISIC_0013518_segmentation.png,2848,4288,4680699,12212224,0.3833
ISIC_0013523,val,42,ISIC 2018 Task 1 Training (2594),ISIC_0013523.jpg,ISIC_0013523_segmentation.png,2000,3008,194666,6016000,0.0324
ISIC_0013525,train,42,ISIC 2018 Task 1 Training (2594),ISIC_0013525.jpg,ISIC_0013525_segmentation.png,2000,3008,480247,6016000,0.0798
ISIC_0013526,val,42,ISIC 2018 Task 1 Training (2594),ISIC_0013526.jpg,ISIC_0013526_segmentation.png,2000,3008,72601,6016000,0.0121
ISIC_0013527,val,42,ISIC 2018 Task 1 Training (2594),ISIC_0013527.jpg,ISIC_0013527_segmentation.png,2000,3008,32944,6016000,0.0055
ISIC_0013529,train,42,ISIC 2018 Task 1 Training (2594),ISIC_0013529.jpg,ISIC_0013529_segmentation.png,2848,4288,487815,12212224,0.0399
ISIC_0013549,val,42,ISIC 2018 Task 1 Training (2594),ISIC_0013549.jpg,ISIC_0013549_segmentation.png,2848,4288,907406,12212224,0.0743
ISIC_0013552,train,42,ISIC 2018 Task 1 Training (2594),ISIC_0013552.jpg,ISIC_0013552_segmentation.png,2848,4288,144971,12212224,0.0119
ISIC_0013553,train,42,ISIC 2018 Task 1 Training (2594),ISIC_0013553.jpg,ISIC_0013553_segmentation.png,2848,4288,1701206,12212224,0.1393
ISIC_0013554,train,42,ISIC 2018 Task 1 Training (2594),ISIC_0013554.jpg,ISIC_0013554_segmentation.png,2848,4288,226617,12212224,0.0186
ISIC_0013558,train,42,ISIC 2018 Task 1 Training (2594),ISIC_0013558.jpg,ISIC_0013558_segmentation.png,2000,3008,196332,6016000,0.0326
ISIC_0013559,train,42,ISIC 2018 Task 1 Training (2594),ISIC_0013559.jpg,ISIC_0013559_segmentation.png,2000,3008,285768,6016000,0.0475
ISIC_0013561,val,42,ISIC 2018 Task 1 Training (2594),ISIC_0013561.jpg,ISIC_0013561_segmentation.png,2000,3008,435348,6016000,0.0724
ISIC_0013562,val,42,ISIC 2018 Task 1 Training (2594),ISIC_0013562.jpg,ISIC_0013562_segmentation.png,2848,4288,681634,12212224,0.0558
ISIC_0013565,train,42,ISIC 2018 Task 1 Training (2594),ISIC_0013565.jpg,ISIC_0013565_segmentation.png,2848,4288,299826,12212224,0.0246
ISIC_0013567,val,42,ISIC 2018 Task 1 Training (2594),ISIC_0013567.jpg,ISIC_0013567_segmentation.png,2848,4288,505436,12212224,0.0414
ISIC_0013568,train,42,ISIC 2018 Task 1 Training (2594),ISIC_0013568.jpg,ISIC_0013568_segmentation.png,2000,3008,106220,6016000,0.0177
ISIC_0013572,train,42,ISIC 2018 Task 1 Training (2594),ISIC_0013572.jpg,ISIC_0013572_segmentation.png,2848,4288,779377,12212224,0.0638
ISIC_0013573,train,42,ISIC 2018 Task 1 Training (2594),ISIC_0013573.jpg,ISIC_0013573_segmentation.png,2592,3872,1062487,10036224,0.1059
ISIC_0013577,train,42,ISIC 2018 Task 1 Training (2594),ISIC_0013577.jpg,ISIC_0013577_segmentation.png,2848,4288,1284659,12212224,0.1052
ISIC_0013578,train,42,ISIC 2018 Task 1 Training (2594),ISIC_0013578.jpg,ISIC_0013578_segmentation.png,2848,4288,874258,12212224,0.0716
ISIC_0013579,train,42,ISIC 2018 Task 1 Training (2594),ISIC_0013579.jpg,ISIC_0013579_segmentation.png,2848,4288,1167473,12212224,0.0956
ISIC_0013580,train,42,ISIC 2018 Task 1 Training (2594),ISIC_0013580.jpg,ISIC_0013580_segmentation.png,2848,4288,435153,12212224,0.0356
ISIC_0013581,val,42,ISIC 2018 Task 1 Training (2594),ISIC_0013581.jpg,ISIC_0013581_segmentation.png,2848,4288,363173,12212224,0.0297
ISIC_0013585,train,42,ISIC 2018 Task 1 Training (2594),ISIC_0013585.jpg,ISIC_0013585_segmentation.png,2848,4288,6331839,12212224,0.5185
ISIC_0013588,train,42,ISIC 2018 Task 1 Training (2594),ISIC_0013588.jpg,ISIC_0013588_segmentation.png,2848,4288,1589809,12212224,0.1302
ISIC_0013592,train,42,ISIC 2018 Task 1 Training (2594),ISIC_0013592.jpg,ISIC_0013592_segmentation.png,2848,4288,148316,12212224,0.0121
ISIC_0013594,train,42,ISIC 2018 Task 1 Training (2594),ISIC_0013594.jpg,ISIC_0013594_segmentation.png,2000,3008,3238871,6016000,0.5384
ISIC_0013595,train,42,ISIC 2018 Task 1 Training (2594),ISIC_0013595.jpg,ISIC_0013595_segmentation.png,2000,3008,71597,6016000,0.0119
ISIC_0013596,train,42,ISIC 2018 Task 1 Training (2594),ISIC_0013596.jpg,ISIC_0013596_segmentation.png,2000,3008,83288,6016000,0.0138
ISIC_0013597,val,42,ISIC 2018 Task 1 Training (2594),ISIC_0013597.jpg,ISIC_0013597_segmentation.png,2000,3008,81999,6016000,0.0136
ISIC_0013599,train,42,ISIC 2018 Task 1 Training (2594),ISIC_0013599.jpg,ISIC_0013599_segmentation.png,2592,3872,122392,10036224,0.0122
ISIC_0013600,train,42,ISIC 2018 Task 1 Training (2594),ISIC_0013600.jpg,ISIC_0013600_segmentation.png,2592,3872,1280206,10036224,0.1276
ISIC_0013601,train,42,ISIC 2018 Task 1 Training (2594),ISIC_0013601.jpg,ISIC_0013601_segmentation.png,2592,3872,328132,10036224,0.0327
ISIC_0013602,train,42,ISIC 2018 Task 1 Training (2594),ISIC_0013602.jpg,ISIC_0013602_segmentation.png,2592,3872,430573,10036224,0.0429
ISIC_0013603,train,42,ISIC 2018 Task 1 Training (2594),ISIC_0013603.jpg,ISIC_0013603_segmentation.png,2592,3872,179867,10036224,0.0179
ISIC_0013606,train,42,ISIC 2018 Task 1 Training (2594),ISIC_0013606.jpg,ISIC_0013606_segmentation.png,2848,4288,211239,12212224,0.0173
ISIC_0013610,train,42,ISIC 2018 Task 1 Training (2594),ISIC_0013610.jpg,ISIC_0013610_segmentation.png,2000,3008,380145,6016000,0.0632
ISIC_0013615,train,42,ISIC 2018 Task 1 Training (2594),ISIC_0013615.jpg,ISIC_0013615_segmentation.png,2848,4288,1345826,12212224,0.1102
ISIC_0013617,train,42,ISIC 2018 Task 1 Training (2594),ISIC_0013617.jpg,ISIC_0013617_segmentation.png,2592,3872,2994339,10036224,0.2984
ISIC_0013618,train,42,ISIC 2018 Task 1 Training (2594),ISIC_0013618.jpg,ISIC_0013618_segmentation.png,2848,4288,3495055,12212224,0.2862
ISIC_0013621,val,42,ISIC 2018 Task 1 Training (2594),ISIC_0013621.jpg,ISIC_0013621_segmentation.png,2592,3872,5235274,10036224,0.5216
ISIC_0013626,val,42,ISIC 2018 Task 1 Training (2594),ISIC_0013626.jpg,ISIC_0013626_segmentation.png,2592,3872,1331848,10036224,0.1327
ISIC_0013634,train,42,ISIC 2018 Task 1 Training (2594),ISIC_0013634.jpg,ISIC_0013634_segmentation.png,2848,4288,2070550,12212224,0.1695
ISIC_0013635,train,42,ISIC 2018 Task 1 Training (2594),ISIC_0013635.jpg,ISIC_0013635_segmentation.png,2848,4288,818872,12212224,0.0671
ISIC_0013636,train,42,ISIC 2018 Task 1 Training (2594),ISIC_0013636.jpg,ISIC_0013636_segmentation.png,2848,4288,3983549,12212224,0.3262
ISIC_0013637,train,42,ISIC 2018 Task 1 Training (2594),ISIC_0013637.jpg,ISIC_0013637_segmentation.png,2848,4288,791346,12212224,0.0648
ISIC_0013639,train,42,ISIC 2018 Task 1 Training (2594),ISIC_0013639.jpg,ISIC_0013639_segmentation.png,2592,3872,636992,10036224,0.0635
ISIC_0013643,train,42,ISIC 2018 Task 1 Training (2594),ISIC_0013643.jpg,ISIC_0013643_segmentation.png,2848,4288,571419,12212224,0.0468
ISIC_0013644,train,42,ISIC 2018 Task 1 Training (2594),ISIC_0013644.jpg,ISIC_0013644_segmentation.png,2848,4288,1102493,12212224,0.0903
ISIC_0013651,train,42,ISIC 2018 Task 1 Training (2594),ISIC_0013651.jpg,ISIC_0013651_segmentation.png,2848,4288,4205941,12212224,0.3444
ISIC_0013652,train,42,ISIC 2018 Task 1 Training (2594),ISIC_0013652.jpg,ISIC_0013652_segmentation.png,2000,3008,336130,6016000,0.0559
ISIC_0013656,train,42,ISIC 2018 Task 1 Training (2594),ISIC_0013656.jpg,ISIC_0013656_segmentation.png,2592,3872,164745,10036224,0.0164
ISIC_0013663,train,42,ISIC 2018 Task 1 Training (2594),ISIC_0013663.jpg,ISIC_0013663_segmentation.png,2848,4288,2268716,12212224,0.1858
ISIC_0013664,train,42,ISIC 2018 Task 1 Training (2594),ISIC_0013664.jpg,ISIC_0013664_segmentation.png,2848,4288,592621,12212224,0.0485
ISIC_0013667,train,42,ISIC 2018 Task 1 Training (2594),ISIC_0013667.jpg,ISIC_0013667_segmentation.png,2592,3872,1547360,10036224,0.1542
ISIC_0013670,train,42,ISIC 2018 Task 1 Training (2594),ISIC_0013670.jpg,ISIC_0013670_segmentation.png,2848,4288,144377,12212224,0.0118
ISIC_0013671,train,42,ISIC 2018 Task 1 Training (2594),ISIC_0013671.jpg,ISIC_0013671_segmentation.png,2848,4288,1892323,12212224,0.155
ISIC_0013672,train,42,ISIC 2018 Task 1 Training (2594),ISIC_0013672.jpg,ISIC_0013672_segmentation.png,2848,4288,2394418,12212224,0.1961
ISIC_0013673,val,42,ISIC 2018 Task 1 Training (2594),ISIC_0013673.jpg,ISIC_0013673_segmentation.png,2000,3008,154314,6016000,0.0257
ISIC_0013674,train,42,ISIC 2018 Task 1 Training (2594),ISIC_0013674.jpg,ISIC_0013674_segmentation.png,2848,4288,2658695,12212224,0.2177
ISIC_0013675,train,42,ISIC 2018 Task 1 Training (2594),ISIC_0013675.jpg,ISIC_0013675_segmentation.png,2848,4288,880200,12212224,0.0721
ISIC_0013676,train,42,ISIC 2018 Task 1 Training (2594),ISIC_0013676.jpg,ISIC_0013676_segmentation.png,2848,4288,839084,12212224,0.0687
ISIC_0013678,train,42,ISIC 2018 Task 1 Training (2594),ISIC_0013678.jpg,ISIC_0013678_segmentation.png,2000,3008,240296,6016000,0.0399
ISIC_0013680,train,42,ISIC 2018 Task 1 Training (2594),ISIC_0013680.jpg,ISIC_0013680_segmentation.png,2592,3872,378000,10036224,0.0377
ISIC_0013684,val,42,ISIC 2018 Task 1 Training (2594),ISIC_0013684.jpg,ISIC_0013684_segmentation.png,2000,3008,427909,6016000,0.0711
ISIC_0013685,val,42,ISIC 2018 Task 1 Training (2594),ISIC_0013685.jpg,ISIC_0013685_segmentation.png,2000,3008,2625212,6016000,0.4364
ISIC_0013688,val,42,ISIC 2018 Task 1 Training (2594),ISIC_0013688.jpg,ISIC_0013688_segmentation.png,2848,4288,595784,12212224,0.0488
ISIC_0013689,train,42,ISIC 2018 Task 1 Training (2594),ISIC_0013689.jpg,ISIC_0013689_segmentation.png,2848,4288,105189,12212224,0.0086
ISIC_0013690,train,42,ISIC 2018 Task 1 Training (2594),ISIC_0013690.jpg,ISIC_0013690_segmentation.png,2848,4288,141094,12212224,0.0116
ISIC_0013691,train,42,ISIC 2018 Task 1 Training (2594),ISIC_0013691.jpg,ISIC_0013691_segmentation.png,2000,3008,647151,6016000,0.1076
ISIC_0013695,train,42,ISIC 2018 Task 1 Training (2594),ISIC_0013695.jpg,ISIC_0013695_segmentation.png,2848,4288,616209,12212224,0.0505
ISIC_0013696,train,42,ISIC 2018 Task 1 Training (2594),ISIC_0013696.jpg,ISIC_0013696_segmentation.png,2848,4288,253284,12212224,0.0207
ISIC_0013702,train,42,ISIC 2018 Task 1 Training (2594),ISIC_0013702.jpg,ISIC_0013702_segmentation.png,2848,4288,1781222,12212224,0.1459
ISIC_0013708,train,42,ISIC 2018 Task 1 Training (2594),ISIC_0013708.jpg,ISIC_0013708_segmentation.png,2592,3872,6937317,10036224,0.6912
ISIC_0013709,train,42,ISIC 2018 Task 1 Training (2594),ISIC_0013709.jpg,ISIC_0013709_segmentation.png,2000,3008,1723505,6016000,0.2865
ISIC_0013712,val,42,ISIC 2018 Task 1 Training (2594),ISIC_0013712.jpg,ISIC_0013712_segmentation.png,2848,4288,212333,12212224,0.0174
ISIC_0013713,train,42,ISIC 2018 Task 1 Training (2594),ISIC_0013713.jpg,ISIC_0013713_segmentation.png,2848,4288,278966,12212224,0.0228
ISIC_0013719,train,42,ISIC 2018 Task 1 Training (2594),ISIC_0013719.jpg,ISIC_0013719_segmentation.png,2000,3008,326149,6016000,0.0542
ISIC_0013721,train,42,ISIC 2018 Task 1 Training (2594),ISIC_0013721.jpg,ISIC_0013721_segmentation.png,2000,3008,770101,6016000,0.128
ISIC_0013733,train,42,ISIC 2018 Task 1 Training (2594),ISIC_0013733.jpg,ISIC_0013733_segmentation.png,2848,4288,466540,12212224,0.0382
ISIC_0013736,val,42,ISIC 2018 Task 1 Training (2594),ISIC_0013736.jpg,ISIC_0013736_segmentation.png,2848,4288,1376523,12212224,0.1127
ISIC_0013737,train,42,ISIC 2018 Task 1 Training (2594),ISIC_0013737.jpg,ISIC_0013737_segmentation.png,2848,4288,138846,12212224,0.0114
ISIC_0013738,train,42,ISIC 2018 Task 1 Training (2594),ISIC_0013738.jpg,ISIC_0013738_segmentation.png,2848,4288,102081,12212224,0.0084
ISIC_0013739,train,42,ISIC 2018 Task 1 Training (2594),ISIC_0013739.jpg,ISIC_0013739_segmentation.png,2000,3008,424047,6016000,0.0705
ISIC_0013740,train,42,ISIC 2018 Task 1 Training (2594),ISIC_0013740.jpg,ISIC_0013740_segmentation.png,2000,3008,603376,6016000,0.1003
ISIC_0013747,train,42,ISIC 2018 Task 1 Training (2594),ISIC_0013747.jpg,ISIC_0013747_segmentation.png,2848,4288,1781270,12212224,0.1459
ISIC_0013748,train,42,ISIC 2018 Task 1 Training (2594),ISIC_0013748.jpg,ISIC_0013748_segmentation.png,2848,4288,1044126,12212224,0.0855
ISIC_0013749,train,42,ISIC 2018 Task 1 Training (2594),ISIC_0013749.jpg,ISIC_0013749_segmentation.png,2848,4288,806264,12212224,0.066
ISIC_0013758,val,42,ISIC 2018 Task 1 Training (2594),ISIC_0013758.jpg,ISIC_0013758_segmentation.png,2848,4288,1426583,12212224,0.1168
ISIC_0013762,val,42,ISIC 2018 Task 1 Training (2594),ISIC_0013762.jpg,ISIC_0013762_segmentation.png,2848,4288,883368,12212224,0.0723
ISIC_0013765,train,42,ISIC 2018 Task 1 Training (2594),ISIC_0013765.jpg,ISIC_0013765_segmentation.png,2848,4288,5321609,12212224,0.4358
ISIC_0013766,train,42,ISIC 2018 Task 1 Training (2594),ISIC_0013766.jpg,ISIC_0013766_segmentation.png,2848,4288,461041,12212224,0.0378
ISIC_0013767,val,42,ISIC 2018 Task 1 Training (2594),ISIC_0013767.jpg,ISIC_0013767_segmentation.png,2592,3872,4067665,10036224,0.4053
ISIC_0013772,train,42,ISIC 2018 Task 1 Training (2594),ISIC_0013772.jpg,ISIC_0013772_segmentation.png,2848,4288,245141,12212224,0.0201
ISIC_0013775,val,42,ISIC 2018 Task 1 Training (2594),ISIC_0013775.jpg,ISIC_0013775_segmentation.png,2848,4288,567008,12212224,0.0464
ISIC_0013777,train,42,ISIC 2018 Task 1 Training (2594),ISIC_0013777.jpg,ISIC_0013777_segmentation.png,2848,4288,1203385,12212224,0.0985
ISIC_0013778,train,42,ISIC 2018 Task 1 Training (2594),ISIC_0013778.jpg,ISIC_0013778_segmentation.png,2848,4288,1585106,12212224,0.1298
ISIC_0013782,train,42,ISIC 2018 Task 1 Training (2594),ISIC_0013782.jpg,ISIC_0013782_segmentation.png,2000,3008,352314,6016000,0.0586
ISIC_0013783,train,42,ISIC 2018 Task 1 Training (2594),ISIC_0013783.jpg,ISIC_0013783_segmentation.png,2848,4288,4270380,12212224,0.3497
ISIC_0013789,train,42,ISIC 2018 Task 1 Training (2594),ISIC_0013789.jpg,ISIC_0013789_segmentation.png,2000,3008,81239,6016000,0.0135
ISIC_0013792,train,42,ISIC 2018 Task 1 Training (2594),ISIC_0013792.jpg,ISIC_0013792_segmentation.png,1536,2304,246132,3538944,0.0695
ISIC_0013793,val,42,ISIC 2018 Task 1 Training (2594),ISIC_0013793.jpg,ISIC_0013793_segmentation.png,1536,2304,301302,3538944,0.0851
ISIC_0013794,train,42,ISIC 2018 Task 1 Training (2594),ISIC_0013794.jpg,ISIC_0013794_segmentation.png,2000,3008,247847,6016000,0.0412
ISIC_0013795,val,42,ISIC 2018 Task 1 Training (2594),ISIC_0013795.jpg,ISIC_0013795_segmentation.png,2000,3008,62654,6016000,0.0104
ISIC_0013796,train,42,ISIC 2018 Task 1 Training (2594),ISIC_0013796.jpg,ISIC_0013796_segmentation.png,2000,3008,110262,6016000,0.0183
ISIC_0013797,train,42,ISIC 2018 Task 1 Training (2594),ISIC_0013797.jpg,ISIC_0013797_segmentation.png,2592,3872,1368287,10036224,0.1363
ISIC_0013798,val,42,ISIC 2018 Task 1 Training (2594),ISIC_0013798.jpg,ISIC_0013798_segmentation.png,2592,3872,43444,10036224,0.0043
ISIC_0013799,train,42,ISIC 2018 Task 1 Training (2594),ISIC_0013799.jpg,ISIC_0013799_segmentation.png,2000,3008,258207,6016000,0.0429
ISIC_0013800,train,42,ISIC 2018 Task 1 Training (2594),ISIC_0013800.jpg,ISIC_0013800_segmentation.png,2000,3008,200869,6016000,0.0334
ISIC_0013801,val,42,ISIC 2018 Task 1 Training (2594),ISIC_0013801.jpg,ISIC_0013801_segmentation.png,2000,3008,869562,6016000,0.1445
ISIC_0013802,train,42,ISIC 2018 Task 1 Training (2594),ISIC_0013802.jpg,ISIC_0013802_segmentation.png,2000,3008,109064,6016000,0.0181
ISIC_0013803,train,42,ISIC 2018 Task 1 Training (2594),ISIC_0013803.jpg,ISIC_0013803_segmentation.png,2000,3008,60364,6016000,0.01
ISIC_0013804,train,42,ISIC 2018 Task 1 Training (2594),ISIC_0013804.jpg,ISIC_0013804_segmentation.png,2000,3008,103103,6016000,0.0171
ISIC_0013805,val,42,ISIC 2018 Task 1 Training (2594),ISIC_0013805.jpg,ISIC_0013805_segmentation.png,2848,4288,1403040,12212224,0.1149
ISIC_0013806,train,42,ISIC 2018 Task 1 Training (2594),ISIC_0013806.jpg,ISIC_0013806_segmentation.png,2848,4288,275436,12212224,0.0226
ISIC_0013807,train,42,ISIC 2018 Task 1 Training (2594),ISIC_0013807.jpg,ISIC_0013807_segmentation.png,2848,4288,87256,12212224,0.0071
ISIC_0013808,train,42,ISIC 2018 Task 1 Training (2594),ISIC_0013808.jpg,ISIC_0013808_segmentation.png,2848,4288,151448,12212224,0.0124
ISIC_0013809,val,42,ISIC 2018 Task 1 Training (2594),ISIC_0013809.jpg,ISIC_0013809_segmentation.png,2848,4288,3168278,12212224,0.2594
ISIC_0013813,train,42,ISIC 2018 Task 1 Training (2594),ISIC_0013813.jpg,ISIC_0013813_segmentation.png,2848,4288,6703445,12212224,0.5489
ISIC_0013815,train,42,ISIC 2018 Task 1 Training (2594),ISIC_0013815.jpg,ISIC_0013815_segmentation.png,2848,4288,229105,12212224,0.0188
ISIC_0013816,train,42,ISIC 2018 Task 1 Training (2594),ISIC_0013816.jpg,ISIC_0013816_segmentation.png,2848,4288,1537690,12212224,0.1259
ISIC_0013817,train,42,ISIC 2018 Task 1 Training (2594),ISIC_0013817.jpg,ISIC_0013817_segmentation.png,2848,4288,1044183,12212224,0.0855
ISIC_0013819,train,42,ISIC 2018 Task 1 Training (2594),ISIC_0013819.jpg,ISIC_0013819_segmentation.png,2848,4288,651071,12212224,0.0533
ISIC_0013828,val,42,ISIC 2018 Task 1 Training (2594),ISIC_0013828.jpg,ISIC_0013828_segmentation.png,2000,3008,1907682,6016000,0.3171
ISIC_0013830,train,42,ISIC 2018 Task 1 Training (2594),ISIC_0013830.jpg,ISIC_0013830_segmentation.png,2848,4288,255850,12212224,0.021
ISIC_0013831,train,42,ISIC 2018 Task 1 Training (2594),ISIC_0013831.jpg,ISIC_0013831_segmentation.png,2848,4288,488462,12212224,0.04
ISIC_0013832,val,42,ISIC 2018 Task 1 Training (2594),ISIC_0013832.jpg,ISIC_0013832_segmentation.png,2000,3008,1637732,6016000,0.2722
ISIC_0013833,train,42,ISIC 2018 Task 1 Training (2594),ISIC_0013833.jpg,ISIC_0013833_segmentation.png,2848,4288,10993085,12212224,0.9002
ISIC_0013835,val,42,ISIC 2018 Task 1 Training (2594),ISIC_0013835.jpg,ISIC_0013835_segmentation.png,2848,4288,1206626,12212224,0.0988
ISIC_0013836,train,42,ISIC 2018 Task 1 Training (2594),ISIC_0013836.jpg,ISIC_0013836_segmentation.png,2848,4288,189241,12212224,0.0155
ISIC_0013837,val,42,ISIC 2018 Task 1 Training (2594),ISIC_0013837.jpg,ISIC_0013837_segmentation.png,2000,3008,57654,6016000,0.0096
ISIC_0013839,train,42,ISIC 2018 Task 1 Training (2594),ISIC_0013839.jpg,ISIC_0013839_segmentation.png,2848,4288,122487,12212224,0.01
ISIC_0013840,train,42,ISIC 2018 Task 1 Training (2594),ISIC_0013840.jpg,ISIC_0013840_segmentation.png,2000,3008,2573708,6016000,0.4278
ISIC_0013842,train,42,ISIC 2018 Task 1 Training (2594),ISIC_0013842.jpg,ISIC_0013842_segmentation.png,2000,3008,258863,6016000,0.043
ISIC_0013843,val,42,ISIC 2018 Task 1 Training (2594),ISIC_0013843.jpg,ISIC_0013843_segmentation.png,2000,3008,147704,6016000,0.0246
ISIC_0013844,train,42,ISIC 2018 Task 1 Training (2594),ISIC_0013844.jpg,ISIC_0013844_segmentation.png,2000,3008,294119,6016000,0.0489
ISIC_0013861,train,42,ISIC 2018 Task 1 Training (2594),ISIC_0013861.jpg,ISIC_0013861_segmentation.png,2848,4288,4643404,12212224,0.3802
ISIC_0013862,train,42,ISIC 2018 Task 1 Training (2594),ISIC_0013862.jpg,ISIC_0013862_segmentation.png,2848,4288,4755753,12212224,0.3894
ISIC_0013863,train,42,ISIC 2018 Task 1 Training (2594),ISIC_0013863.jpg,ISIC_0013863_segmentation.png,2848,4288,108573,12212224,0.0089
ISIC_0013865,train,42,ISIC 2018 Task 1 Training (2594),ISIC_0013865.jpg,ISIC_0013865_segmentation.png,2848,4288,1025366,12212224,0.084
ISIC_0013867,train,42,ISIC 2018 Task 1 Training (2594),ISIC_0013867.jpg,ISIC_0013867_segmentation.png,2848,4288,5051972,12212224,0.4137
ISIC_0013874,train,42,ISIC 2018 Task 1 Training (2594),ISIC_0013874.jpg,ISIC_0013874_segmentation.png,2848,4288,3872799,12212224,0.3171
ISIC_0013879,train,42,ISIC 2018 Task 1 Training (2594),ISIC_0013879.jpg,ISIC_0013879_segmentation.png,2848,4288,467547,12212224,0.0383
ISIC_0013886,train,42,ISIC 2018 Task 1 Training (2594),ISIC_0013886.jpg,ISIC_0013886_segmentation.png,2592,3872,228391,10036224,0.0228
ISIC_0013888,train,42,ISIC 2018 Task 1 Training (2594),ISIC_0013888.jpg,ISIC_0013888_segmentation.png,2848,4288,129031,12212224,0.0106
ISIC_0013891,train,42,ISIC 2018 Task 1 Training (2594),ISIC_0013891.jpg,ISIC_0013891_segmentation.png,2848,4288,136383,12212224,0.0112
ISIC_0013896,train,42,ISIC 2018 Task 1 Training (2594),ISIC_0013896.jpg,ISIC_0013896_segmentation.png,2848,4288,1075416,12212224,0.0881
ISIC_0013897,train,42,ISIC 2018 Task 1 Training (2594),ISIC_0013897.jpg,ISIC_0013897_segmentation.png,2848,4288,380639,12212224,0.0312
ISIC_0013898,val,42,ISIC 2018 Task 1 Training (2594),ISIC_0013898.jpg,ISIC_0013898_segmentation.png,2848,4288,586840,12212224,0.0481
ISIC_0013908,train,42,ISIC 2018 Task 1 Training (2594),ISIC_0013908.jpg,ISIC_0013908_segmentation.png,2000,3008,857766,6016000,0.1426
ISIC_0013910,val,42,ISIC 2018 Task 1 Training (2594),ISIC_0013910.jpg,ISIC_0013910_segmentation.png,2000,3008,105350,6016000,0.0175
ISIC_0013911,train,42,ISIC 2018 Task 1 Training (2594),ISIC_0013911.jpg,ISIC_0013911_segmentation.png,2000,3008,179123,6016000,0.0298
ISIC_0013917,train,42,ISIC 2018 Task 1 Training (2594),ISIC_0013917.jpg,ISIC_0013917_segmentation.png,2848,4288,598470,12212224,0.049
ISIC_0013918,train,42,ISIC 2018 Task 1 Training (2594),ISIC_0013918.jpg,ISIC_0013918_segmentation.png,2000,3008,400245,6016000,0.0665
ISIC_0013921,train,42,ISIC 2018 Task 1 Training (2594),ISIC_0013921.jpg,ISIC_0013921_segmentation.png,2592,3872,311611,10036224,0.031
ISIC_0013922,train,42,ISIC 2018 Task 1 Training (2594),ISIC_0013922.jpg,ISIC_0013922_segmentation.png,2848,4288,414652,12212224,0.034
ISIC_0013925,train,42,ISIC 2018 Task 1 Training (2594),ISIC_0013925.jpg,ISIC_0013925_segmentation.png,2000,3008,3611118,6016000,0.6003
ISIC_0013929,train,42,ISIC 2018 Task 1 Training (2594),ISIC_0013929.jpg,ISIC_0013929_segmentation.png,2848,4288,3745294,12212224,0.3067
ISIC_0013935,train,42,ISIC 2018 Task 1 Training (2594),ISIC_0013935.jpg,ISIC_0013935_segmentation.png,2848,4288,253488,12212224,0.0208
ISIC_0013936,train,42,ISIC 2018 Task 1 Training (2594),ISIC_0013936.jpg,ISIC_0013936_segmentation.png,2000,3008,142222,6016000,0.0236
ISIC_0013942,val,42,ISIC 2018 Task 1 Training (2594),ISIC_0013942.jpg,ISIC_0013942_segmentation.png,2848,4288,517342,12212224,0.0424
ISIC_0013946,train,42,ISIC 2018 Task 1 Training (2594),ISIC_0013946.jpg,ISIC_0013946_segmentation.png,2000,3008,1029561,6016000,0.1711
ISIC_0013948,train,42,ISIC 2018 Task 1 Training (2594),ISIC_0013948.jpg,ISIC_0013948_segmentation.png,2000,3008,1454416,6016000,0.2418
ISIC_0013953,val,42,ISIC 2018 Task 1 Training (2594),ISIC_0013953.jpg,ISIC_0013953_segmentation.png,2592,3872,1557134,10036224,0.1552
ISIC_0013958,train,42,ISIC 2018 Task 1 Training (2594),ISIC_0013958.jpg,ISIC_0013958_segmentation.png,2000,3008,1004183,6016000,0.1669
ISIC_0013961,train,42,ISIC 2018 Task 1 Training (2594),ISIC_0013961.jpg,ISIC_0013961_segmentation.png,2848,4288,311051,12212224,0.0255
ISIC_0013962,train,42,ISIC 2018 Task 1 Training (2594),ISIC_0013962.jpg,ISIC_0013962_segmentation.png,2848,4288,193853,12212224,0.0159
ISIC_0013966,train,42,ISIC 2018 Task 1 Training (2594),ISIC_0013966.jpg,ISIC_0013966_segmentation.png,2000,3008,159509,6016000,0.0265
ISIC_0013967,train,42,ISIC 2018 Task 1 Training (2594),ISIC_0013967.jpg,ISIC_0013967_segmentation.png,2000,3008,391432,6016000,0.0651
ISIC_0013969,train,42,ISIC 2018 Task 1 Training (2594),ISIC_0013969.jpg,ISIC_0013969_segmentation.png,2848,4288,717424,12212224,0.0587
ISIC_0013970,val,42,ISIC 2018 Task 1 Training (2594),ISIC_0013970.jpg,ISIC_0013970_segmentation.png,2848,4288,66363,12212224,0.0054
ISIC_0013972,train,42,ISIC 2018 Task 1 Training (2594),ISIC_0013972.jpg,ISIC_0013972_segmentation.png,2848,4288,1470697,12212224,0.1204
ISIC_0013975,train,42,ISIC 2018 Task 1 Training (2594),ISIC_0013975.jpg,ISIC_0013975_segmentation.png,2000,3008,390029,6016000,0.0648
ISIC_0013977,train,42,ISIC 2018 Task 1 Training (2594),ISIC_0013977.jpg,ISIC_0013977_segmentation.png,2000,3008,319329,6016000,0.0531
ISIC_0013980,train,42,ISIC 2018 Task 1 Training (2594),ISIC_0013980.jpg,ISIC_0013980_segmentation.png,2848,4288,530796,12212224,0.0435
ISIC_0013981,train,42,ISIC 2018 Task 1 Training (2594),ISIC_0013981.jpg,ISIC_0013981_segmentation.png,2848,4288,878452,12212224,0.0719
ISIC_0013982,train,42,ISIC 2018 Task 1 Training (2594),ISIC_0013982.jpg,ISIC_0013982_segmentation.png,2848,4288,948356,12212224,0.0777
ISIC_0013983,train,42,ISIC 2018 Task 1 Training (2594),ISIC_0013983.jpg,ISIC_0013983_segmentation.png,2000,3008,331451,6016000,0.0551
ISIC_0013984,train,42,ISIC 2018 Task 1 Training (2594),ISIC_0013984.jpg,ISIC_0013984_segmentation.png,2000,3008,906687,6016000,0.1507
ISIC_0013986,train,42,ISIC 2018 Task 1 Training (2594),ISIC_0013986.jpg,ISIC_0013986_segmentation.png,2000,3008,874716,6016000,0.1454
ISIC_0013987,train,42,ISIC 2018 Task 1 Training (2594),ISIC_0013987.jpg,ISIC_0013987_segmentation.png,2000,3008,681182,6016000,0.1132
ISIC_0013988,train,42,ISIC 2018 Task 1 Training (2594),ISIC_0013988.jpg,ISIC_0013988_segmentation.png,2000,3008,2209461,6016000,0.3673
ISIC_0013995,train,42,ISIC 2018 Task 1 Training (2594),ISIC_0013995.jpg,ISIC_0013995_segmentation.png,2848,4288,534660,12212224,0.0438
ISIC_0013996,train,42,ISIC 2018 Task 1 Training (2594),ISIC_0013996.jpg,ISIC_0013996_segmentation.png,2848,4288,1146776,12212224,0.0939
ISIC_0013997,train,42,ISIC 2018 Task 1 Training (2594),ISIC_0013997.jpg,ISIC_0013997_segmentation.png,2848,4288,589823,12212224,0.0483
ISIC_0013998,train,42,ISIC 2018 Task 1 Training (2594),ISIC_0013998.jpg,ISIC_0013998_segmentation.png,2848,4288,544704,12212224,0.0446
ISIC_0014001,train,42,ISIC 2018 Task 1 Training (2594),ISIC_0014001.jpg,ISIC_0014001_segmentation.png,2848,4288,1440589,12212224,0.118
ISIC_0014013,train,42,ISIC 2018 Task 1 Training (2594),ISIC_0014013.jpg,ISIC_0014013_segmentation.png,2000,3008,1009100,6016000,0.1677
ISIC_0014026,val,42,ISIC 2018 Task 1 Training (2594),ISIC_0014026.jpg,ISIC_0014026_segmentation.png,2848,4288,477263,12212224,0.0391
ISIC_0014027,train,42,ISIC 2018 Task 1 Training (2594),ISIC_0014027.jpg,ISIC_0014027_segmentation.png,2848,4288,1614644,12212224,0.1322
ISIC_0014028,train,42,ISIC 2018 Task 1 Training (2594),ISIC_0014028.jpg,ISIC_0014028_segmentation.png,2000,3008,148881,6016000,0.0247
ISIC_0014029,val,42,ISIC 2018 Task 1 Training (2594),ISIC_0014029.jpg,ISIC_0014029_segmentation.png,2000,3008,243005,6016000,0.0404
ISIC_0014032,train,42,ISIC 2018 Task 1 Training (2594),ISIC_0014032.jpg,ISIC_0014032_segmentation.png,2848,4288,375864,12212224,0.0308
ISIC_0014037,train,42,ISIC 2018 Task 1 Training (2594),ISIC_0014037.jpg,ISIC_0014037_segmentation.png,2848,4288,3710908,12212224,0.3039
ISIC_0014044,train,42,ISIC 2018 Task 1 Training (2594),ISIC_0014044.jpg,ISIC_0014044_segmentation.png,2848,4288,2018887,12212224,0.1653
ISIC_0014046,train,42,ISIC 2018 Task 1 Training (2594),ISIC_0014046.jpg,ISIC_0014046_segmentation.png,2848,4288,132023,12212224,0.0108
ISIC_0014049,train,42,ISIC 2018 Task 1 Training (2594),ISIC_0014049.jpg,ISIC_0014049_segmentation.png,2848,4288,405672,12212224,0.0332
ISIC_0014059,val,42,ISIC 2018 Task 1 Training (2594),ISIC_0014059.jpg,ISIC_0014059_segmentation.png,2848,4288,470104,12212224,0.0385
ISIC_0014062,train,42,ISIC 2018 Task 1 Training (2594),ISIC_0014062.jpg,ISIC_0014062_segmentation.png,2848,4288,848598,12212224,0.0695
ISIC_0014066,val,42,ISIC 2018 Task 1 Training (2594),ISIC_0014066.jpg,ISIC_0014066_segmentation.png,2848,4288,759322,12212224,0.0622
ISIC_0014069,train,42,ISIC 2018 Task 1 Training (2594),ISIC_0014069.jpg,ISIC_0014069_segmentation.png,2848,4288,571772,12212224,0.0468
ISIC_0014072,train,42,ISIC 2018 Task 1 Training (2594),ISIC_0014072.jpg,ISIC_0014072_segmentation.png,2848,4288,7109570,12212224,0.5822
ISIC_0014073,val,42,ISIC 2018 Task 1 Training (2594),ISIC_0014073.jpg,ISIC_0014073_segmentation.png,2848,4288,2743162,12212224,0.2246
ISIC_0014076,train,42,ISIC 2018 Task 1 Training (2594),ISIC_0014076.jpg,ISIC_0014076_segmentation.png,2848,4288,7815022,12212224,0.6399
ISIC_0014077,train,42,ISIC 2018 Task 1 Training (2594),ISIC_0014077.jpg,ISIC_0014077_segmentation.png,2848,4288,4271107,12212224,0.3497
ISIC_0014080,train,42,ISIC 2018 Task 1 Training (2594),ISIC_0014080.jpg,ISIC_0014080_segmentation.png,2848,4288,614846,12212224,0.0503
ISIC_0014081,val,42,ISIC 2018 Task 1 Training (2594),ISIC_0014081.jpg,ISIC_0014081_segmentation.png,2848,4288,263354,12212224,0.0216
ISIC_0014089,train,42,ISIC 2018 Task 1 Training (2594),ISIC_0014089.jpg,ISIC_0014089_segmentation.png,2848,4288,134655,12212224,0.011
ISIC_0014090,train,42,ISIC 2018 Task 1 Training (2594),ISIC_0014090.jpg,ISIC_0014090_segmentation.png,2848,4288,138667,12212224,0.0114
ISIC_0014092,train,42,ISIC 2018 Task 1 Training (2594),ISIC_0014092.jpg,ISIC_0014092_segmentation.png,2848,4288,238755,12212224,0.0196
ISIC_0014093,val,42,ISIC 2018 Task 1 Training (2594),ISIC_0014093.jpg,ISIC_0014093_segmentation.png,2848,4288,394092,12212224,0.0323
ISIC_0014094,train,42,ISIC 2018 Task 1 Training (2594),ISIC_0014094.jpg,ISIC_0014094_segmentation.png,2848,4288,172314,12212224,0.0141
ISIC_0014099,train,42,ISIC 2018 Task 1 Training (2594),ISIC_0014099.jpg,ISIC_0014099_segmentation.png,2848,4288,1808590,12212224,0.1481
ISIC_0014103,val,42,ISIC 2018 Task 1 Training (2594),ISIC_0014103.jpg,ISIC_0014103_segmentation.png,2848,4288,2511022,12212224,0.2056
ISIC_0014108,train,42,ISIC 2018 Task 1 Training (2594),ISIC_0014108.jpg,ISIC_0014108_segmentation.png,2848,4288,1585850,12212224,0.1299
ISIC_0014110,train,42,ISIC 2018 Task 1 Training (2594),ISIC_0014110.jpg,ISIC_0014110_segmentation.png,2848,4288,1897262,12212224,0.1554
ISIC_0014114,train,42,ISIC 2018 Task 1 Training (2594),ISIC_0014114.jpg,ISIC_0014114_segmentation.png,2848,4288,2300854,12212224,0.1884
ISIC_0014117,train,42,ISIC 2018 Task 1 Training (2594),ISIC_0014117.jpg,ISIC_0014117_segmentation.png,2848,4288,467916,12212224,0.0383
ISIC_0014127,train,42,ISIC 2018 Task 1 Training (2594),ISIC_0014127.jpg,ISIC_0014127_segmentation.png,2848,4288,1091217,12212224,0.0894
ISIC_0014129,train,42,ISIC 2018 Task 1 Training (2594),ISIC_0014129.jpg,ISIC_0014129_segmentation.png,2848,4288,4210618,12212224,0.3448
ISIC_0014131,train,42,ISIC 2018 Task 1 Training (2594),ISIC_0014131.jpg,ISIC_0014131_segmentation.png,2848,4288,193228,12212224,0.0158
ISIC_0014132,train,42,ISIC 2018 Task 1 Training (2594),ISIC_0014132.jpg,ISIC_0014132_segmentation.png,2848,4288,2479902,12212224,0.2031
ISIC_0014133,train,42,ISIC 2018 Task 1 Training (2594),ISIC_0014133.jpg,ISIC_0014133_segmentation.png,2848,4288,6224265,12212224,0.5097
ISIC_0014136,train,42,ISIC 2018 Task 1 Training (2594),ISIC_0014136.jpg,ISIC_0014136_segmentation.png,2848,4288,700338,12212224,0.0573
ISIC_0014139,train,42,ISIC 2018 Task 1 Training (2594),ISIC_0014139.jpg,ISIC_0014139_segmentation.png,2848,4288,807751,12212224,0.0661
ISIC_0014144,train,42,ISIC 2018 Task 1 Training (2594),ISIC_0014144.jpg,ISIC_0014144_segmentation.png,2848,4288,337119,12212224,0.0276
ISIC_0014149,val,42,ISIC 2018 Task 1 Training (2594),ISIC_0014149.jpg,ISIC_0014149_segmentation.png,2848,4288,502555,12212224,0.0412
ISIC_0014150,train,42,ISIC 2018 Task 1 Training (2594),ISIC_0014150.jpg,ISIC_0014150_segmentation.png,2848,4288,962879,12212224,0.0788
ISIC_0014151,train,42,ISIC 2018 Task 1 Training (2594),ISIC_0014151.jpg,ISIC_0014151_segmentation.png,2848,4288,4222606,12212224,0.3458
ISIC_0014156,train,42,ISIC 2018 Task 1 Training (2594),ISIC_0014156.jpg,ISIC_0014156_segmentation.png,2848,4288,763683,12212224,0.0625
ISIC_0014157,val,42,ISIC 2018 Task 1 Training (2594),ISIC_0014157.jpg,ISIC_0014157_segmentation.png,2848,4288,1178004,12212224,0.0965
ISIC_0014158,train,42,ISIC 2018 Task 1 Training (2594),ISIC_0014158.jpg,ISIC_0014158_segmentation.png,2848,4288,258917,12212224,0.0212
ISIC_0014160,train,42,ISIC 2018 Task 1 Training (2594),ISIC_0014160.jpg,ISIC_0014160_segmentation.png,2848,4288,718535,12212224,0.0588
ISIC_0014162,train,42,ISIC 2018 Task 1 Training (2594),ISIC_0014162.jpg,ISIC_0014162_segmentation.png,2848,4288,307338,12212224,0.0252
ISIC_0014163,train,42,ISIC 2018 Task 1 Training (2594),ISIC_0014163.jpg,ISIC_0014163_segmentation.png,2848,4288,4174456,12212224,0.3418
ISIC_0014164,train,42,ISIC 2018 Task 1 Training (2594),ISIC_0014164.jpg,ISIC_0014164_segmentation.png,2848,4288,915609,12212224,0.075
ISIC_0014166,train,42,ISIC 2018 Task 1 Training (2594),ISIC_0014166.jpg,ISIC_0014166_segmentation.png,2848,4288,1082751,12212224,0.0887
ISIC_0014169,val,42,ISIC 2018 Task 1 Training (2594),ISIC_0014169.jpg,ISIC_0014169_segmentation.png,2848,4288,1254965,12212224,0.1028
ISIC_0014171,val,42,ISIC 2018 Task 1 Training (2594),ISIC_0014171.jpg,ISIC_0014171_segmentation.png,2848,4288,2707698,12212224,0.2217
ISIC_0014173,train,42,ISIC 2018 Task 1 Training (2594),ISIC_0014173.jpg,ISIC_0014173_segmentation.png,2848,4288,4364433,12212224,0.3574
ISIC_0014174,train,42,ISIC 2018 Task 1 Training (2594),ISIC_0014174.jpg,ISIC_0014174_segmentation.png,2848,4288,195617,12212224,0.016
ISIC_0014178,train,42,ISIC 2018 Task 1 Training (2594),ISIC_0014178.jpg,ISIC_0014178_segmentation.png,2848,4288,574904,12212224,0.0471
ISIC_0014181,train,42,ISIC 2018 Task 1 Training (2594),ISIC_0014181.jpg,ISIC_0014181_segmentation.png,2848,4288,5616173,12212224,0.4599
ISIC_0014183,train,42,ISIC 2018 Task 1 Training (2594),ISIC_0014183.jpg,ISIC_0014183_segmentation.png,2848,4288,1693863,12212224,0.1387
ISIC_0014185,train,42,ISIC 2018 Task 1 Training (2594),ISIC_0014185.jpg,ISIC_0014185_segmentation.png,2848,4288,898769,12212224,0.0736
ISIC_0014186,train,42,ISIC 2018 Task 1 Training (2594),ISIC_0014186.jpg,ISIC_0014186_segmentation.png,2848,4288,1654577,12212224,0.1355
ISIC_0014187,train,42,ISIC 2018 Task 1 Training (2594),ISIC_0014187.jpg,ISIC_0014187_segmentation.png,2848,4288,99674,12212224,0.0082
ISIC_0014189,train,42,ISIC 2018 Task 1 Training (2594),ISIC_0014189.jpg,ISIC_0014189_segmentation.png,2848,4288,6453597,12212224,0.5285
ISIC_0014190,train,42,ISIC 2018 Task 1 Training (2594),ISIC_0014190.jpg,ISIC_0014190_segmentation.png,2848,4288,547143,12212224,0.0448
ISIC_0014195,train,42,ISIC 2018 Task 1 Training (2594),ISIC_0014195.jpg,ISIC_0014195_segmentation.png,2848,4288,222473,12212224,0.0182
ISIC_0014197,train,42,ISIC 2018 Task 1 Training (2594),ISIC_0014197.jpg,ISIC_0014197_segmentation.png,2848,4288,1757029,12212224,0.1439
ISIC_0014211,train,42,ISIC 2018 Task 1 Training (2594),ISIC_0014211.jpg,ISIC_0014211_segmentation.png,2848,4288,1344978,12212224,0.1101
ISIC_0014217,train,42,ISIC 2018 Task 1 Training (2594),ISIC_0014217.jpg,ISIC_0014217_segmentation.png,2848,4288,4336071,12212224,0.3551
ISIC_0014219,train,42,ISIC 2018 Task 1 Training (2594),ISIC_0014219.jpg,ISIC_0014219_segmentation.png,2848,4288,2258582,12212224,0.1849
ISIC_0014221,train,42,ISIC 2018 Task 1 Training (2594),ISIC_0014221.jpg,ISIC_0014221_segmentation.png,2848,4288,3393196,12212224,0.2779
ISIC_0014222,train,42,ISIC 2018 Task 1 Training (2594),ISIC_0014222.jpg,ISIC_0014222_segmentation.png,2848,4288,3618088,12212224,0.2963
ISIC_0014225,train,42,ISIC 2018 Task 1 Training (2594),ISIC_0014225.jpg,ISIC_0014225_segmentation.png,2848,4288,283003,12212224,0.0232
ISIC_0014229,train,42,ISIC 2018 Task 1 Training (2594),ISIC_0014229.jpg,ISIC_0014229_segmentation.png,2848,4288,543122,12212224,0.0445
ISIC_0014233,train,42,ISIC 2018 Task 1 Training (2594),ISIC_0014233.jpg,ISIC_0014233_segmentation.png,2848,4288,2563441,12212224,0.2099
ISIC_0014238,train,42,ISIC 2018 Task 1 Training (2594),ISIC_0014238.jpg,ISIC_0014238_segmentation.png,2848,4288,872650,12212224,0.0715
ISIC_0014248,train,42,ISIC 2018 Task 1 Training (2594),ISIC_0014248.jpg,ISIC_0014248_segmentation.png,2848,4288,79076,12212224,0.0065
ISIC_0014249,train,42,ISIC 2018 Task 1 Training (2594),ISIC_0014249.jpg,ISIC_0014249_segmentation.png,2848,4288,2158269,12212224,0.1767
ISIC_0014253,val,42,ISIC 2018 Task 1 Training (2594),ISIC_0014253.jpg,ISIC_0014253_segmentation.png,2848,4288,214008,12212224,0.0175
ISIC_0014255,train,42,ISIC 2018 Task 1 Training (2594),ISIC_0014255.jpg,ISIC_0014255_segmentation.png,2848,4288,3511086,12212224,0.2875
ISIC_0014263,train,42,ISIC 2018 Task 1 Training (2594),ISIC_0014263.jpg,ISIC_0014263_segmentation.png,2848,4288,338137,12212224,0.0277
ISIC_0014270,val,42,ISIC 2018 Task 1 Training (2594),ISIC_0014270.jpg,ISIC_0014270_segmentation.png,2848,4288,1135992,12212224,0.093
ISIC_0014273,val,42,ISIC 2018 Task 1 Training (2594),ISIC_0014273.jpg,ISIC_0014273_segmentation.png,2848,4288,1400052,12212224,0.1146
ISIC_0014274,train,42,ISIC 2018 Task 1 Training (2594),ISIC_0014274.jpg,ISIC_0014274_segmentation.png,2848,4288,331303,12212224,0.0271
ISIC_0014284,train,42,ISIC 2018 Task 1 Training (2594),ISIC_0014284.jpg,ISIC_0014284_segmentation.png,2848,4288,320244,12212224,0.0262
ISIC_0014286,train,42,ISIC 2018 Task 1 Training (2594),ISIC_0014286.jpg,ISIC_0014286_segmentation.png,2848,4288,112672,12212224,0.0092
ISIC_0014288,train,42,ISIC 2018 Task 1 Training (2594),ISIC_0014288.jpg,ISIC_0014288_segmentation.png,2848,4288,2080169,12212224,0.1703
ISIC_0014289,train,42,ISIC 2018 Task 1 Training (2594),ISIC_0014289.jpg,ISIC_0014289_segmentation.png,2848,4288,4449440,12212224,0.3643
ISIC_0014290,train,42,ISIC 2018 Task 1 Training (2594),ISIC_0014290.jpg,ISIC_0014290_segmentation.png,2848,4288,631163,12212224,0.0517
ISIC_0014291,train,42,ISIC 2018 Task 1 Training (2594),ISIC_0014291.jpg,ISIC_0014291_segmentation.png,2848,4288,1185592,12212224,0.0971
ISIC_0014299,train,42,ISIC 2018 Task 1 Training (2594),ISIC_0014299.jpg,ISIC_0014299_segmentation.png,2848,4288,113816,12212224,0.0093
ISIC_0014302,train,42,ISIC 2018 Task 1 Training (2594),ISIC_0014302.jpg,ISIC_0014302_segmentation.png,2848,4288,579716,12212224,0.0475
ISIC_0014308,val,42,ISIC 2018 Task 1 Training (2594),ISIC_0014308.jpg,ISIC_0014308_segmentation.png,2848,4288,947177,12212224,0.0776
ISIC_0014311,train,42,ISIC 2018 Task 1 Training (2594),ISIC_0014311.jpg,ISIC_0014311_segmentation.png,2848,4288,2948083,12212224,0.2414
ISIC_0014316,train,42,ISIC 2018 Task 1 Training (2594),ISIC_0014316.jpg,ISIC_0014316_segmentation.png,2848,4288,1103821,12212224,0.0904
ISIC_0014317,train,42,ISIC 2018 Task 1 Training (2594),ISIC_0014317.jpg,ISIC_0014317_segmentation.png,2848,4288,514659,12212224,0.0421
ISIC_0014324,train,42,ISIC 2018 Task 1 Training (2594),ISIC_0014324.jpg,ISIC_0014324_segmentation.png,2848,4288,4701757,12212224,0.385
ISIC_0014325,val,42,ISIC 2018 Task 1 Training (2594),ISIC_0014325.jpg,ISIC_0014325_segmentation.png,2848,4288,2616279,12212224,0.2142
ISIC_0014327,train,42,ISIC 2018 Task 1 Training (2594),ISIC_0014327.jpg,ISIC_0014327_segmentation.png,2848,4288,1518535,12212224,0.1243
ISIC_0014328,train,42,ISIC 2018 Task 1 Training (2594),ISIC_0014328.jpg,ISIC_0014328_segmentation.png,2848,4288,1072419,12212224,0.0878
ISIC_0014331,train,42,ISIC 2018 Task 1 Training (2594),ISIC_0014331.jpg,ISIC_0014331_segmentation.png,2848,4288,3963105,12212224,0.3245
ISIC_0014336,train,42,ISIC 2018 Task 1 Training (2594),ISIC_0014336.jpg,ISIC_0014336_segmentation.png,2848,4288,3844586,12212224,0.3148
ISIC_0014337,train,42,ISIC 2018 Task 1 Training (2594),ISIC_0014337.jpg,ISIC_0014337_segmentation.png,2848,4288,675125,12212224,0.0553
ISIC_0014346,train,42,ISIC 2018 Task 1 Training (2594),ISIC_0014346.jpg,ISIC_0014346_segmentation.png,2848,4288,134915,12212224,0.011
ISIC_0014347,val,42,ISIC 2018 Task 1 Training (2594),ISIC_0014347.jpg,ISIC_0014347_segmentation.png,2848,4288,1829363,12212224,0.1498
ISIC_0014349,val,42,ISIC 2018 Task 1 Training (2594),ISIC_0014349.jpg,ISIC_0014349_segmentation.png,2848,4288,1514104,12212224,0.124
ISIC_0014353,train,42,ISIC 2018 Task 1 Training (2594),ISIC_0014353.jpg,ISIC_0014353_segmentation.png,2848,4288,176779,12212224,0.0145
ISIC_0014357,train,42,ISIC 2018 Task 1 Training (2594),ISIC_0014357.jpg,ISIC_0014357_segmentation.png,2848,4288,1564838,12212224,0.1281
ISIC_0014360,train,42,ISIC 2018 Task 1 Training (2594),ISIC_0014360.jpg,ISIC_0014360_segmentation.png,2848,4288,526708,12212224,0.0431
ISIC_0014361,val,42,ISIC 2018 Task 1 Training (2594),ISIC_0014361.jpg,ISIC_0014361_segmentation.png,2848,4288,651139,12212224,0.0533
ISIC_0014365,train,42,ISIC 2018 Task 1 Training (2594),ISIC_0014365.jpg,ISIC_0014365_segmentation.png,2848,4288,7279456,12212224,0.5961
ISIC_0014366,train,42,ISIC 2018 Task 1 Training (2594),ISIC_0014366.jpg,ISIC_0014366_segmentation.png,2848,4288,1446046,12212224,0.1184
ISIC_0014372,train,42,ISIC 2018 Task 1 Training (2594),ISIC_0014372.jpg,ISIC_0014372_segmentation.png,2848,4288,3632836,12212224,0.2975
ISIC_0014382,train,42,ISIC 2018 Task 1 Training (2594),ISIC_0014382.jpg,ISIC_0014382_segmentation.png,2848,4288,2726452,12212224,0.2233
ISIC_0014385,train,42,ISIC 2018 Task 1 Training (2594),ISIC_0014385.jpg,ISIC_0014385_segmentation.png,2848,4288,5375136,12212224,0.4401
ISIC_0014386,train,42,ISIC 2018 Task 1 Training (2594),ISIC_0014386.jpg,ISIC_0014386_segmentation.png,2848,4288,3425891,12212224,0.2805
ISIC_0014392,train,42,ISIC 2018 Task 1 Training (2594),ISIC_0014392.jpg,ISIC_0014392_segmentation.png,2848,4288,3050435,12212224,0.2498
ISIC_0014393,train,42,ISIC 2018 Task 1 Training (2594),ISIC_0014393.jpg,ISIC_0014393_segmentation.png,2848,4288,789140,12212224,0.0646
ISIC_0014394,train,42,ISIC 2018 Task 1 Training (2594),ISIC_0014394.jpg,ISIC_0014394_segmentation.png,2848,4288,445324,12212224,0.0365
ISIC_0014395,val,42,ISIC 2018 Task 1 Training (2594),ISIC_0014395.jpg,ISIC_0014395_segmentation.png,2848,4288,1884439,12212224,0.1543
ISIC_0014397,train,42,ISIC 2018 Task 1 Training (2594),ISIC_0014397.jpg,ISIC_0014397_segmentation.png,2848,4288,2229744,12212224,0.1826
ISIC_0014410,val,42,ISIC 2018 Task 1 Training (2594),ISIC_0014410.jpg,ISIC_0014410_segmentation.png,2848,4288,790565,12212224,0.0647
ISIC_0014419,train,42,ISIC 2018 Task 1 Training (2594),ISIC_0014419.jpg,ISIC_0014419_segmentation.png,2848,4288,3644446,12212224,0.2984
ISIC_0014422,train,42,ISIC 2018 Task 1 Training (2594),ISIC_0014422.jpg,ISIC_0014422_segmentation.png,2848,4288,4903059,12212224,0.4015
ISIC_0014423,train,42,ISIC 2018 Task 1 Training (2594),ISIC_0014423.jpg,ISIC_0014423_segmentation.png,2848,4288,1263349,12212224,0.1034
ISIC_0014428,train,42,ISIC 2018 Task 1 Training (2594),ISIC_0014428.jpg,ISIC_0014428_segmentation.png,2848,4288,525860,12212224,0.0431
ISIC_0014430,train,42,ISIC 2018 Task 1 Training (2594),ISIC_0014430.jpg,ISIC_0014430_segmentation.png,2848,4288,1197211,12212224,0.098
ISIC_0014431,train,42,ISIC 2018 Task 1 Training (2594),ISIC_0014431.jpg,ISIC_0014431_segmentation.png,2848,4288,179783,12212224,0.0147
ISIC_0014433,train,42,ISIC 2018 Task 1 Training (2594),ISIC_0014433.jpg,ISIC_0014433_segmentation.png,2848,4288,548338,12212224,0.0449
ISIC_0014434,val,42,ISIC 2018 Task 1 Training (2594),ISIC_0014434.jpg,ISIC_0014434_segmentation.png,2848,4288,850427,12212224,0.0696
ISIC_0014438,train,42,ISIC 2018 Task 1 Training (2594),ISIC_0014438.jpg,ISIC_0014438_segmentation.png,2848,4288,1195279,12212224,0.0979
ISIC_0014440,train,42,ISIC 2018 Task 1 Training (2594),ISIC_0014440.jpg,ISIC_0014440_segmentation.png,2848,4288,82856,12212224,0.0068
ISIC_0014441,train,42,ISIC 2018 Task 1 Training (2594),ISIC_0014441.jpg,ISIC_0014441_segmentation.png,2848,4288,633494,12212224,0.0519
ISIC_0014453,train,42,ISIC 2018 Task 1 Training (2594),ISIC_0014453.jpg,ISIC_0014453_segmentation.png,2848,4288,358784,12212224,0.0294
ISIC_0014454,train,42,ISIC 2018 Task 1 Training (2594),ISIC_0014454.jpg,ISIC_0014454_segmentation.png,2848,4288,5287615,12212224,0.433
ISIC_0014457,train,42,ISIC 2018 Task 1 Training (2594),ISIC_0014457.jpg,ISIC_0014457_segmentation.png,2848,4288,5907395,12212224,0.4837
ISIC_0014458,train,42,ISIC 2018 Task 1 Training (2594),ISIC_0014458.jpg,ISIC_0014458_segmentation.png,2848,4288,328254,12212224,0.0269
ISIC_0014469,train,42,ISIC 2018 Task 1 Training (2594),ISIC_0014469.jpg,ISIC_0014469_segmentation.png,2848,4288,579718,12212224,0.0475
ISIC_0014470,train,42,ISIC 2018 Task 1 Training (2594),ISIC_0014470.jpg,ISIC_0014470_segmentation.png,2848,4288,698115,12212224,0.0572
ISIC_0014473,train,42,ISIC 2018 Task 1 Training (2594),ISIC_0014473.jpg,ISIC_0014473_segmentation.png,2848,4288,1514772,12212224,0.124
ISIC_0014475,train,42,ISIC 2018 Task 1 Training (2594),ISIC_0014475.jpg,ISIC_0014475_segmentation.png,2848,4288,665629,12212224,0.0545
ISIC_0014476,train,42,ISIC 2018 Task 1 Training (2594),ISIC_0014476.jpg,ISIC_0014476_segmentation.png,2848,4288,465492,12212224,0.0381
ISIC_0014478,train,42,ISIC 2018 Task 1 Training (2594),ISIC_0014478.jpg,ISIC_0014478_segmentation.png,2848,4288,410772,12212224,0.0336
ISIC_0014480,train,42,ISIC 2018 Task 1 Training (2594),ISIC_0014480.jpg,ISIC_0014480_segmentation.png,2848,4288,1257638,12212224,0.103
ISIC_0014486,train,42,ISIC 2018 Task 1 Training (2594),ISIC_0014486.jpg,ISIC_0014486_segmentation.png,2848,4288,609107,12212224,0.0499
ISIC_0014489,train,42,ISIC 2018 Task 1 Training (2594),ISIC_0014489.jpg,ISIC_0014489_segmentation.png,2848,4288,6934927,12212224,0.5679
ISIC_0014490,train,42,ISIC 2018 Task 1 Training (2594),ISIC_0014490.jpg,ISIC_0014490_segmentation.png,2848,4288,317067,12212224,0.026
ISIC_0014498,train,42,ISIC 2018 Task 1 Training (2594),ISIC_0014498.jpg,ISIC_0014498_segmentation.png,2848,4288,545936,12212224,0.0447
ISIC_0014500,train,42,ISIC 2018 Task 1 Training (2594),ISIC_0014500.jpg,ISIC_0014500_segmentation.png,2848,4288,3376007,12212224,0.2764
ISIC_0014501,train,42,ISIC 2018 Task 1 Training (2594),ISIC_0014501.jpg,ISIC_0014501_segmentation.png,2848,4288,1519647,12212224,0.1244
ISIC_0014502,val,42,ISIC 2018 Task 1 Training (2594),ISIC_0014502.jpg,ISIC_0014502_segmentation.png,2848,4288,745876,12212224,0.0611
ISIC_0014503,train,42,ISIC 2018 Task 1 Training (2594),ISIC_0014503.jpg,ISIC_0014503_segmentation.png,2848,4288,1455516,12212224,0.1192
ISIC_0014506,train,42,ISIC 2018 Task 1 Training (2594),ISIC_0014506.jpg,ISIC_0014506_segmentation.png,2848,4288,6141205,12212224,0.5029
ISIC_0014507,train,42,ISIC 2018 Task 1 Training (2594),ISIC_0014507.jpg,ISIC_0014507_segmentation.png,2848,4288,764235,12212224,0.0626
ISIC_0014511,train,42,ISIC 2018 Task 1 Training (2594),ISIC_0014511.jpg,ISIC_0014511_segmentation.png,2848,4288,185820,12212224,0.0152
ISIC_0014513,train,42,ISIC 2018 Task 1 Training (2594),ISIC_0014513.jpg,ISIC_0014513_segmentation.png,2848,4288,1030805,12212224,0.0844
ISIC_0014518,train,42,ISIC 2018 Task 1 Training (2594),ISIC_0014518.jpg,ISIC_0014518_segmentation.png,2848,4288,1731364,12212224,0.1418
ISIC_0014522,train,42,ISIC 2018 Task 1 Training (2594),ISIC_0014522.jpg,ISIC_0014522_segmentation.png,2848,4288,324760,12212224,0.0266
ISIC_0014525,train,42,ISIC 2018 Task 1 Training (2594),ISIC_0014525.jpg,ISIC_0014525_segmentation.png,2848,4288,473171,12212224,0.0387
ISIC_0014526,train,42,ISIC 2018 Task 1 Training (2594),ISIC_0014526.jpg,ISIC_0014526_segmentation.png,2848,4288,446722,12212224,0.0366
ISIC_0014527,train,42,ISIC 2018 Task 1 Training (2594),ISIC_0014527.jpg,ISIC_0014527_segmentation.png,2848,4288,3982652,12212224,0.3261
ISIC_0014529,val,42,ISIC 2018 Task 1 Training (2594),ISIC_0014529.jpg,ISIC_0014529_segmentation.png,2848,4288,89511,12212224,0.0073
ISIC_0014535,train,42,ISIC 2018 Task 1 Training (2594),ISIC_0014535.jpg,ISIC_0014535_segmentation.png,2848,4288,1301495,12212224,0.1066
ISIC_0014537,train,42,ISIC 2018 Task 1 Training (2594),ISIC_0014537.jpg,ISIC_0014537_segmentation.png,2848,4288,2670293,12212224,0.2187
ISIC_0014541,val,42,ISIC 2018 Task 1 Training (2594),ISIC_0014541.jpg,ISIC_0014541_segmentation.png,2848,4288,3012932,12212224,0.2467
ISIC_0014542,train,42,ISIC 2018 Task 1 Training (2594),ISIC_0014542.jpg,ISIC_0014542_segmentation.png,2848,4288,3387571,12212224,0.2774
ISIC_0014543,train,42,ISIC 2018 Task 1 Training (2594),ISIC_0014543.jpg,ISIC_0014543_segmentation.png,2848,4288,880792,12212224,0.0721
ISIC_0014545,train,42,ISIC 2018 Task 1 Training (2594),ISIC_0014545.jpg,ISIC_0014545_segmentation.png,2848,4288,726961,12212224,0.0595
ISIC_0014546,train,42,ISIC 2018 Task 1 Training (2594),ISIC_0014546.jpg,ISIC_0014546_segmentation.png,2848,4288,7115859,12212224,0.5827
ISIC_0014547,train,42,ISIC 2018 Task 1 Training (2594),ISIC_0014547.jpg,ISIC_0014547_segmentation.png,2848,4288,89596,12212224,0.0073
ISIC_0014548,val,42,ISIC 2018 Task 1 Training (2594),ISIC_0014548.jpg,ISIC_0014548_segmentation.png,2848,4288,2313211,12212224,0.1894
ISIC_0014554,train,42,ISIC 2018 Task 1 Training (2594),ISIC_0014554.jpg,ISIC_0014554_segmentation.png,2848,4288,1923288,12212224,0.1575
ISIC_0014558,val,42,ISIC 2018 Task 1 Training (2594),ISIC_0014558.jpg,ISIC_0014558_segmentation.png,2848,4288,2094081,12212224,0.1715
ISIC_0014559,train,42,ISIC 2018 Task 1 Training (2594),ISIC_0014559.jpg,ISIC_0014559_segmentation.png,2848,4288,3792548,12212224,0.3106
ISIC_0014567,train,42,ISIC 2018 Task 1 Training (2594),ISIC_0014567.jpg,ISIC_0014567_segmentation.png,1936,2592,509596,5018112,0.1016
ISIC_0014572,train,42,ISIC 2018 Task 1 Training (2594),ISIC_0014572.jpg,ISIC_0014572_segmentation.png,1936,2592,274107,5018112,0.0546
ISIC_0014573,train,42,ISIC 2018 Task 1 Training (2594),ISIC_0014573.jpg,ISIC_0014573_segmentation.png,1936,2592,180984,5018112,0.0361
ISIC_0014574,train,42,ISIC 2018 Task 1 Training (2594),ISIC_0014574.jpg,ISIC_0014574_segmentation.png,1936,2592,176803,5018112,0.0352
ISIC_0014576,train,42,ISIC 2018 Task 1 Training (2594),ISIC_0014576.jpg,ISIC_0014576_segmentation.png,1936,2592,294141,5018112,0.0586
ISIC_0014577,val,42,ISIC 2018 Task 1 Training (2594),ISIC_0014577.jpg,ISIC_0014577_segmentation.png,1936,2592,604563,5018112,0.1205
ISIC_0014580,train,42,ISIC 2018 Task 1 Training (2594),ISIC_0014580.jpg,ISIC_0014580_segmentation.png,1936,2592,1013990,5018112,0.2021
ISIC_0014581,train,42,ISIC 2018 Task 1 Training (2594),ISIC_0014581.jpg,ISIC_0014581_segmentation.png,1936,2592,1218721,5018112,0.2429
ISIC_0014583,train,42,ISIC 2018 Task 1 Training (2594),ISIC_0014583.jpg,ISIC_0014583_segmentation.png,1936,2592,256428,5018112,0.0511
ISIC_0014585,train,42,ISIC 2018 Task 1 Training (2594),ISIC_0014585.jpg,ISIC_0014585_segmentation.png,3456,5184,534816,17915904,0.0299
ISIC_0014586,val,42,ISIC 2018 Task 1 Training (2594),ISIC_0014586.jpg,ISIC_0014586_segmentation.png,3456,5184,3994848,17915904,0.223
ISIC_0014587,val,42,ISIC 2018 Task 1 Training (2594),ISIC_0014587.jpg,ISIC_0014587_segmentation.png,1936,2592,206020,5018112,0.0411
ISIC_0014596,train,42,ISIC 2018 Task 1 Training (2594),ISIC_0014596.jpg,ISIC_0014596_segmentation.png,1936,2592,90512,5018112,0.018
ISIC_0014599,train,42,ISIC 2018 Task 1 Training (2594),ISIC_0014599.jpg,ISIC_0014599_segmentation.png,1936,2592,1525233,5018112,0.3039
ISIC_0014600,val,42,ISIC 2018 Task 1 Training (2594),ISIC_0014600.jpg,ISIC_0014600_segmentation.png,1936,2592,229797,5018112,0.0458
ISIC_0014601,train,42,ISIC 2018 Task 1 Training (2594),ISIC_0014601.jpg,ISIC_0014601_segmentation.png,1936,2592,728470,5018112,0.1452
ISIC_0014603,train,42,ISIC 2018 Task 1 Training (2594),ISIC_0014603.jpg,ISIC_0014603_segmentation.png,1936,2592,585094,5018112,0.1166
ISIC_0014605,val,42,ISIC 2018 Task 1 Training (2594),ISIC_0014605.jpg,ISIC_0014605_segmentation.png,1936,2592,1645955,5018112,0.328
ISIC_0014609,train,42,ISIC 2018 Task 1 Training (2594),ISIC_0014609.jpg,ISIC_0014609_segmentation.png,1936,2592,1766685,5018112,0.3521
ISIC_0014610,val,42,ISIC 2018 Task 1 Training (2594),ISIC_0014610.jpg,ISIC_0014610_segmentation.png,1936,2592,183480,5018112,0.0366
ISIC_0014617,train,42,ISIC 2018 Task 1 Training (2594),ISIC_0014617.jpg,ISIC_0014617_segmentation.png,1936,2592,128323,5018112,0.0256
ISIC_0014619,train,42,ISIC 2018 Task 1 Training (2594),ISIC_0014619.jpg,ISIC_0014619_segmentation.png,1936,2592,406360,5018112,0.081
ISIC_0014623,train,42,ISIC 2018 Task 1 Training (2594),ISIC_0014623.jpg,ISIC_0014623_segmentation.png,1936,2592,1937167,5018112,0.386
ISIC_0014624,val,42,ISIC 2018 Task 1 Training (2594),ISIC_0014624.jpg,ISIC_0014624_segmentation.png,1936,2592,496817,5018112,0.099
ISIC_0014625,train,42,ISIC 2018 Task 1 Training (2594),ISIC_0014625.jpg,ISIC_0014625_segmentation.png,1936,2592,1112212,5018112,0.2216
ISIC_0014628,val,42,ISIC 2018 Task 1 Training (2594),ISIC_0014628.jpg,ISIC_0014628_segmentation.png,1936,2592,312692,5018112,0.0623
ISIC_0014632,train,42,ISIC 2018 Task 1 Training (2594),ISIC_0014632.jpg,ISIC_0014632_segmentation.png,1936,2592,50470,5018112,0.0101
ISIC_0014633,train,42,ISIC 2018 Task 1 Training (2594),ISIC_0014633.jpg,ISIC_0014633_segmentation.png,1936,2592,97563,5018112,0.0194
ISIC_0014635,train,42,ISIC 2018 Task 1 Training (2594),ISIC_0014635.jpg,ISIC_0014635_segmentation.png,1936,2592,615555,5018112,0.1227
ISIC_0014637,train,42,ISIC 2018 Task 1 Training (2594),ISIC_0014637.jpg,ISIC_0014637_segmentation.png,1936,2592,290534,5018112,0.0579
ISIC_0014639,train,42,ISIC 2018 Task 1 Training (2594),ISIC_0014639.jpg,ISIC_0014639_segmentation.png,1936,2592,611150,5018112,0.1218
ISIC_0014640,val,42,ISIC 2018 Task 1 Training (2594),ISIC_0014640.jpg,ISIC_0014640_segmentation.png,1936,2592,811590,5018112,0.1617
ISIC_0014642,train,42,ISIC 2018 Task 1 Training (2594),ISIC_0014642.jpg,ISIC_0014642_segmentation.png,1936,2592,457688,5018112,0.0912
ISIC_0014643,train,42,ISIC 2018 Task 1 Training (2594),ISIC_0014643.jpg,ISIC_0014643_segmentation.png,1936,2592,699529,5018112,0.1394
ISIC_0014651,val,42,ISIC 2018 Task 1 Training (2594),ISIC_0014651.jpg,ISIC_0014651_segmentation.png,1936,2592,233002,5018112,0.0464
ISIC_0014652,train,42,ISIC 2018 Task 1 Training (2594),ISIC_0014652.jpg,ISIC_0014652_segmentation.png,1936,2592,2915122,5018112,0.5809
ISIC_0014657,train,42,ISIC 2018 Task 1 Training (2594),ISIC_0014657.jpg,ISIC_0014657_segmentation.png,4361,6602,3200209,28791322,0.1112
ISIC_0014658,val,42,ISIC 2018 Task 1 Training (2594),ISIC_0014658.jpg,ISIC_0014658_segmentation.png,4401,6682,5566107,29407482,0.1893
ISIC_0014661,train,42,ISIC 2018 Task 1 Training (2594),ISIC_0014661.jpg,ISIC_0014661_segmentation.png,4440,6662,4892804,29579280,0.1654
ISIC_0014663,train,42,ISIC 2018 Task 1 Training (2594),ISIC_0014663.jpg,ISIC_0014663_segmentation.png,4479,6668,13579139,29865972,0.4547
ISIC_0014664,train,42,ISIC 2018 Task 1 Training (2594),ISIC_0014664.jpg,ISIC_0014664_segmentation.png,4419,6628,16577784,29289132,0.566
ISIC_0014665,train,42,ISIC 2018 Task 1 Training (2594),ISIC_0014665.jpg,ISIC_0014665_segmentation.png,4419,6688,3037277,29554272,0.1028
ISIC_0014666,train,42,ISIC 2018 Task 1 Training (2594),ISIC_0014666.jpg,ISIC_0014666_segmentation.png,4439,6668,15847117,29599252,0.5354
ISIC_0014667,train,42,ISIC 2018 Task 1 Training (2594),ISIC_0014667.jpg,ISIC_0014667_segmentation.png,4459,6688,3281482,29821792,0.11
ISIC_0014675,train,42,ISIC 2018 Task 1 Training (2594),ISIC_0014675.jpg,ISIC_0014675_segmentation.png,4439,6708,3053810,29776812,0.1026
ISIC_0014677,train,42,ISIC 2018 Task 1 Training (2594),ISIC_0014677.jpg,ISIC_0014677_segmentation.png,4420,6642,5794835,29357640,0.1974
ISIC_0014680,train,42,ISIC 2018 Task 1 Training (2594),ISIC_0014680.jpg,ISIC_0014680_segmentation.png,4439,6688,6602884,29688032,0.2224
ISIC_0014682,train,42,ISIC 2018 Task 1 Training (2594),ISIC_0014682.jpg,ISIC_0014682_segmentation.png,4399,6628,20005487,29156572,0.6861
ISIC_0014683,train,42,ISIC 2018 Task 1 Training (2594),ISIC_0014683.jpg,ISIC_0014683_segmentation.png,4401,6620,7024297,29134620,0.2411
ISIC_0014684,train,42,ISIC 2018 Task 1 Training (2594),ISIC_0014684.jpg,ISIC_0014684_segmentation.png,4419,6628,1920415,29289132,0.0656
ISIC_0014685,val,42,ISIC 2018 Task 1 Training (2594),ISIC_0014685.jpg,ISIC_0014685_segmentation.png,4419,6648,1167474,29377512,0.0397
ISIC_0014687,train,42,ISIC 2018 Task 1 Training (2594),ISIC_0014687.jpg,ISIC_0014687_segmentation.png,4439,6668,10679992,29599252,0.3608
ISIC_0014688,train,42,ISIC 2018 Task 1 Training (2594),ISIC_0014688.jpg,ISIC_0014688_segmentation.png,4398,6648,24353507,29237904,0.8329
ISIC_0014692,train,42,ISIC 2018 Task 1 Training (2594),ISIC_0014692.jpg,ISIC_0014692_segmentation.png,4419,6648,2766277,29377512,0.0942
ISIC_0014693,train,42,ISIC 2018 Task 1 Training (2594),ISIC_0014693.jpg,ISIC_0014693_segmentation.png,4439,6628,19234685,29421692,0.6538
ISIC_0014694,train,42,ISIC 2018 Task 1 Training (2594),ISIC_0014694.jpg,ISIC_0014694_segmentation.png,4439,6648,8812141,29510472,0.2986
ISIC_0014696,train,42,ISIC 2018 Task 1 Training (2594),ISIC_0014696.jpg,ISIC_0014696_segmentation.png,4459,6648,14649409,29643432,0.4942
ISIC_0014697,train,42,ISIC 2018 Task 1 Training (2594),ISIC_0014697.jpg,ISIC_0014697_segmentation.png,4401,6642,4987394,29231442,0.1706
ISIC_0014698,val,42,ISIC 2018 Task 1 Training (2594),ISIC_0014698.jpg,ISIC_0014698_segmentation.png,4401,6642,2795097,29231442,0.0956
ISIC_0014702,train,42,ISIC 2018 Task 1 Training (2594),ISIC_0014702.jpg,ISIC_0014702_segmentation.png,4400,6641,2666760,29220400,0.0913
ISIC_0014703,train,42,ISIC 2018 Task 1 Training (2594),ISIC_0014703.jpg,ISIC_0014703_segmentation.png,4401,6602,22403419,29055402,0.7711
ISIC_0014707,train,42,ISIC 2018 Task 1 Training (2594),ISIC_0014707.jpg,ISIC_0014707_segmentation.png,4400,6641,3031728,29220400,0.1038
ISIC_0014708,train,42,ISIC 2018 Task 1 Training (2594),ISIC_0014708.jpg,ISIC_0014708_segmentation.png,4421,6622,7566630,29275862,0.2585
ISIC_0014713,train,42,ISIC 2018 Task 1 Training (2594),ISIC_0014713.jpg,ISIC_0014713_segmentation.png,4401,6602,7018776,29055402,0.2416
ISIC_0014714,train,42,ISIC 2018 Task 1 Training (2594),ISIC_0014714.jpg,ISIC_0014714_segmentation.png,4422,6622,19908500,29282484,0.6799
ISIC_0014715,train,42,ISIC 2018 Task 1 Training (2594),ISIC_0014715.jpg,ISIC_0014715_segmentation.png,4400,6622,3954604,29136800,0.1357
ISIC_0014716,train,42,ISIC 2018 Task 1 Training (2594),ISIC_0014716.jpg,ISIC_0014716_segmentation.png,4440,6641,11605420,29486040,0.3936
ISIC_0014720,train,42,ISIC 2018 Task 1 Training (2594),ISIC_0014720.jpg,ISIC_0014720_segmentation.png,4420,6622,14492588,29269240,0.4951
ISIC_0014722,train,42,ISIC 2018 Task 1 Training (2594),ISIC_0014722.jpg,ISIC_0014722_segmentation.png,4402,6602,15726404,29062004,0.5411
ISIC_0014723,train,42,ISIC 2018 Task 1 Training (2594),ISIC_0014723.jpg,ISIC_0014723_segmentation.png,4382,6602,12062415,28929964,0.417
ISIC_0014724,train,42,ISIC 2018 Task 1 Training (2594),ISIC_0014724.jpg,ISIC_0014724_segmentation.png,4382,6582,20220257,28842324,0.7011
ISIC_0014725,train,42,ISIC 2018 Task 1 Training (2594),ISIC_0014725.jpg,ISIC_0014725_segmentation.png,4401,6602,8894689,29055402,0.3061
ISIC_0014726,train,42,ISIC 2018 Task 1 Training (2594),ISIC_0014726.jpg,ISIC_0014726_segmentation.png,4440,6641,12151963,29486040,0.4121
ISIC_0014728,train,42,ISIC 2018 Task 1 Training (2594),ISIC_0014728.jpg,ISIC_0014728_segmentation.png,4399,6627,13847919,29152173,0.475
ISIC_0014729,train,42,ISIC 2018 Task 1 Training (2594),ISIC_0014729.jpg,ISIC_0014729_segmentation.png,4439,6648,16856846,29510472,0.5712
ISIC_0014730,train,42,ISIC 2018 Task 1 Training (2594),ISIC_0014730.jpg,ISIC_0014730_segmentation.png,4439,6668,3611136,29599252,0.122
ISIC_0014731,train,42,ISIC 2018 Task 1 Training (2594),ISIC_0014731.jpg,ISIC_0014731_segmentation.png,4439,6668,3097726,29599252,0.1047
ISIC_0014735,train,42,ISIC 2018 Task 1 Training (2594),ISIC_0014735.jpg,ISIC_0014735_segmentation.png,4399,6648,19956010,29244552,0.6824
ISIC_0014739,train,42,ISIC 2018 Task 1 Training (2594),ISIC_0014739.jpg,ISIC_0014739_segmentation.png,4439,6688,4134906,29688032,0.1393
ISIC_0014740,train,42,ISIC 2018 Task 1 Training (2594),ISIC_0014740.jpg,ISIC_0014740_segmentation.png,4439,6668,16328687,29599252,0.5517
ISIC_0014742,train,42,ISIC 2018 Task 1 Training (2594),ISIC_0014742.jpg,ISIC_0014742_segmentation.png,4419,6648,17171301,29377512,0.5845
ISIC_0014743,train,42,ISIC 2018 Task 1 Training (2594),ISIC_0014743.jpg,ISIC_0014743_segmentation.png,4399,6628,12033368,29156572,0.4127
ISIC_0014745,train,42,ISIC 2018 Task 1 Training (2594),ISIC_0014745.jpg,ISIC_0014745_segmentation.png,4439,6688,7465672,29688032,0.2515
ISIC_0014746,train,42,ISIC 2018 Task 1 Training (2594),ISIC_0014746.jpg,ISIC_0014746_segmentation.png,4420,6642,17072285,29357640,0.5815
ISIC_0014748,val,42,ISIC 2018 Task 1 Training (2594),ISIC_0014748.jpg,ISIC_0014748_segmentation.png,4419,6668,12662390,29465892,0.4297
ISIC_0014749,train,42,ISIC 2018 Task 1 Training (2594),ISIC_0014749.jpg,ISIC_0014749_segmentation.png,4459,6648,10750566,29643432,0.3627
ISIC_0014753,train,42,ISIC 2018 Task 1 Training (2594),ISIC_0014753.jpg,ISIC_0014753_segmentation.png,4439,6668,15052754,29599252,0.5086
ISIC_0014754,train,42,ISIC 2018 Task 1 Training (2594),ISIC_0014754.jpg,ISIC_0014754_segmentation.png,4399,6648,9076609,29244552,0.3104
ISIC_0014755,val,42,ISIC 2018 Task 1 Training (2594),ISIC_0014755.jpg,ISIC_0014755_segmentation.png,4439,6668,7875253,29599252,0.2661
ISIC_0014760,val,42,ISIC 2018 Task 1 Training (2594),ISIC_0014760.jpg,ISIC_0014760_segmentation.png,4439,6648,19523530,29510472,0.6616
ISIC_0014762,val,42,ISIC 2018 Task 1 Training (2594),ISIC_0014762.jpg,ISIC_0014762_segmentation.png,4419,6628,22013098,29289132,0.7516
ISIC_0014763,train,42,ISIC 2018 Task 1 Training (2594),ISIC_0014763.jpg,ISIC_0014763_segmentation.png,4421,6642,16647612,29364282,0.5669
ISIC_0014765,val,42,ISIC 2018 Task 1 Training (2594),ISIC_0014765.jpg,ISIC_0014765_segmentation.png,4441,6681,8058702,29670321,0.2716
ISIC_0014768,val,42,ISIC 2018 Task 1 Training (2594),ISIC_0014768.jpg,ISIC_0014768_segmentation.png,4421,6642,3483488,29364282,0.1186
ISIC_0014769,train,42,ISIC 2018 Task 1 Training (2594),ISIC_0014769.jpg,ISIC_0014769_segmentation.png,4422,6642,12488709,29370924,0.4252
ISIC_0014770,val,42,ISIC 2018 Task 1 Training (2594),ISIC_0014770.jpg,ISIC_0014770_segmentation.png,4382,6682,4421947,29280524,0.151
ISIC_0014771,train,42,ISIC 2018 Task 1 Training (2594),ISIC_0014771.jpg,ISIC_0014771_segmentation.png,4420,6621,12513997,29264820,0.4276
ISIC_0014772,train,42,ISIC 2018 Task 1 Training (2594),ISIC_0014772.jpg,ISIC_0014772_segmentation.png,4401,6642,13806852,29231442,0.4723
ISIC_0014773,train,42,ISIC 2018 Task 1 Training (2594),ISIC_0014773.jpg,ISIC_0014773_segmentation.png,4420,6642,5965749,29357640,0.2032
ISIC_0014775,train,42,ISIC 2018 Task 1 Training (2594),ISIC_0014775.jpg,ISIC_0014775_segmentation.png,4401,6642,18762099,29231442,0.6418
ISIC_0014778,train,42,ISIC 2018 Task 1 Training (2594),ISIC_0014778.jpg,ISIC_0014778_segmentation.png,4420,6681,2307170,29530020,0.0781
ISIC_0014779,train,42,ISIC 2018 Task 1 Training (2594),ISIC_0014779.jpg,ISIC_0014779_segmentation.png,4441,6621,5411076,29403861,0.184
ISIC_0014780,train,42,ISIC 2018 Task 1 Training (2594),ISIC_0014780.jpg,ISIC_0014780_segmentation.png,4441,6682,6494664,29674762,0.2189
ISIC_0014782,train,42,ISIC 2018 Task 1 Training (2594),ISIC_0014782.jpg,ISIC_0014782_segmentation.png,4441,6661,6908118,29581501,0.2335
ISIC_0014783,train,42,ISIC 2018 Task 1 Training (2594),ISIC_0014783.jpg,ISIC_0014783_segmentation.png,4422,6661,7970924,29454942,0.2706
ISIC_0014784,train,42,ISIC 2018 Task 1 Training (2594),ISIC_0014784.jpg,ISIC_0014784_segmentation.png,4422,6642,19157808,29370924,0.6523
ISIC_0014785,train,42,ISIC 2018 Task 1 Training (2594),ISIC_0014785.jpg,ISIC_0014785_segmentation.png,4401,6621,6212725,29139021,0.2132
ISIC_0014786,train,42,ISIC 2018 Task 1 Training (2594),ISIC_0014786.jpg,ISIC_0014786_segmentation.png,4420,6642,16199968,29357640,0.5518
ISIC_0014787,train,42,ISIC 2018 Task 1 Training (2594),ISIC_0014787.jpg,ISIC_0014787_segmentation.png,4421,6641,17895906,29359861,0.6095
ISIC_0014788,val,42,ISIC 2018 Task 1 Training (2594),ISIC_0014788.jpg,ISIC_0014788_segmentation.png,4441,6622,3300432,29408302,0.1122
ISIC_0014790,train,42,ISIC 2018 Task 1 Training (2594),ISIC_0014790.jpg,ISIC_0014790_segmentation.png,4441,6641,26123696,29492681,0.8858
ISIC_0014791,val,42,ISIC 2018 Task 1 Training (2594),ISIC_0014791.jpg,ISIC_0014791_segmentation.png,4441,6641,18440673,29492681,0.6253
ISIC_0014792,train,42,ISIC 2018 Task 1 Training (2594),ISIC_0014792.jpg,ISIC_0014792_segmentation.png,4401,6600,1235997,29046600,0.0426
ISIC_0014794,train,42,ISIC 2018 Task 1 Training (2594),ISIC_0014794.jpg,ISIC_0014794_segmentation.png,4441,6621,10994570,29403861,0.3739
ISIC_0014795,train,42,ISIC 2018 Task 1 Training (2594),ISIC_0014795.jpg,ISIC_0014795_segmentation.png,4420,6641,5512605,29353220,0.1878
ISIC_0014796,train,42,ISIC 2018 Task 1 Training (2594),ISIC_0014796.jpg,ISIC_0014796_segmentation.png,4420,6641,4097099,29353220,0.1396
ISIC_0014797,train,42,ISIC 2018 Task 1 Training (2594),ISIC_0014797.jpg,ISIC_0014797_segmentation.png,4421,6622,1180243,29275862,0.0403
ISIC_0014798,train,42,ISIC 2018 Task 1 Training (2594),ISIC_0014798.jpg,ISIC_0014798_segmentation.png,4441,6662,9350292,29585942,0.316
ISIC_0014800,val,42,ISIC 2018 Task 1 Training (2594),ISIC_0014800.jpg,ISIC_0014800_segmentation.png,4422,6642,8040634,29370924,0.2738
ISIC_0014802,train,42,ISIC 2018 Task 1 Training (2594),ISIC_0014802.jpg,ISIC_0014802_segmentation.png,4420,6642,3682166,29357640,0.1254
ISIC_0014803,train,42,ISIC 2018 Task 1 Training (2594),ISIC_0014803.jpg,ISIC_0014803_segmentation.png,4420,6642,17053886,29357640,0.5809
ISIC_0014804,train,42,ISIC 2018 Task 1 Training (2594),ISIC_0014804.jpg,ISIC_0014804_segmentation.png,4461,6661,6649059,29714721,0.2238
ISIC_0014805,train,42,ISIC 2018 Task 1 Training (2594),ISIC_0014805.jpg,ISIC_0014805_segmentation.png,4461,6661,2109231,29714721,0.071
ISIC_0014806,val,42,ISIC 2018 Task 1 Training (2594),ISIC_0014806.jpg,ISIC_0014806_segmentation.png,4422,6642,6038997,29370924,0.2056
ISIC_0014807,train,42,ISIC 2018 Task 1 Training (2594),ISIC_0014807.jpg,ISIC_0014807_segmentation.png,4401,6621,18235561,29139021,0.6258
ISIC_0014808,train,42,ISIC 2018 Task 1 Training (2594),ISIC_0014808.jpg,ISIC_0014808_segmentation.png,4422,6642,6453559,29370924,0.2197
ISIC_0014809,train,42,ISIC 2018 Task 1 Training (2594),ISIC_0014809.jpg,ISIC_0014809_segmentation.png,4421,6622,4795895,29275862,0.1638
ISIC_0014812,train,42,ISIC 2018 Task 1 Training (2594),ISIC_0014812.jpg,ISIC_0014812_segmentation.png,4422,6642,2160493,29370924,0.0736
ISIC_0014814,val,42,ISIC 2018 Task 1 Training (2594),ISIC_0014814.jpg,ISIC_0014814_segmentation.png,4420,6620,4263431,29260400,0.1457
ISIC_0014815,train,42,ISIC 2018 Task 1 Training (2594),ISIC_0014815.jpg,ISIC_0014815_segmentation.png,4420,6661,6405699,29441620,0.2176
ISIC_0014818,train,42,ISIC 2018 Task 1 Training (2594),ISIC_0014818.jpg,ISIC_0014818_segmentation.png,4401,6641,13461265,29227041,0.4606
ISIC_0014820,val,42,ISIC 2018 Task 1 Training (2594),ISIC_0014820.jpg,ISIC_0014820_segmentation.png,4441,6622,1395672,29408302,0.0475
ISIC_0014821,train,42,ISIC 2018 Task 1 Training (2594),ISIC_0014821.jpg,ISIC_0014821_segmentation.png,4422,6642,4064452,29370924,0.1384
ISIC_0014823,train,42,ISIC 2018 Task 1 Training (2594),ISIC_0014823.jpg,ISIC_0014823_segmentation.png,4441,6622,2448376,29408302,0.0833
ISIC_0014825,train,42,ISIC 2018 Task 1 Training (2594),ISIC_0014825.jpg,ISIC_0014825_segmentation.png,4441,6642,11235950,29497122,0.3809
ISIC_0014826,val,42,ISIC 2018 Task 1 Training (2594),ISIC_0014826.jpg,ISIC_0014826_segmentation.png,4401,6621,13794423,29139021,0.4734
ISIC_0014829,train,42,ISIC 2018 Task 1 Training (2594),ISIC_0014829.jpg,ISIC_0014829_segmentation.png,4441,6642,2637887,29497122,0.0894
ISIC_0014830,train,42,ISIC 2018 Task 1 Training (2594),ISIC_0014830.jpg,ISIC_0014830_segmentation.png,4441,6681,9750428,29670321,0.3286
ISIC_0014831,train,42,ISIC 2018 Task 1 Training (2594),ISIC_0014831.jpg,ISIC_0014831_segmentation.png,4420,6642,10725190,29357640,0.3653
ISIC_0014832,train,42,ISIC 2018 Task 1 Training (2594),ISIC_0014832.jpg,ISIC_0014832_segmentation.png,4440,6642,7865441,29490480,0.2667
ISIC_0014833,val,42,ISIC 2018 Task 1 Training (2594),ISIC_0014833.jpg,ISIC_0014833_segmentation.png,4441,6641,25414793,29492681,0.8617
ISIC_0014834,train,42,ISIC 2018 Task 1 Training (2594),ISIC_0014834.jpg,ISIC_0014834_segmentation.png,4421,6661,5765970,29448281,0.1958
ISIC_0014835,train,42,ISIC 2018 Task 1 Training (2594),ISIC_0014835.jpg,ISIC_0014835_segmentation.png,4461,6681,12815329,29803941,0.43
ISIC_0014836,train,42,ISIC 2018 Task 1 Training (2594),ISIC_0014836.jpg,ISIC_0014836_segmentation.png,4401,6622,6673503,29143422,0.229
ISIC_0014838,train,42,ISIC 2018 Task 1 Training (2594),ISIC_0014838.jpg,ISIC_0014838_segmentation.png,4420,6640,13375359,29348800,0.4557
ISIC_0014839,train,42,ISIC 2018 Task 1 Training (2594),ISIC_0014839.jpg,ISIC_0014839_segmentation.png,4441,6622,4102992,29408302,0.1395
ISIC_0014843,val,42,ISIC 2018 Task 1 Training (2594),ISIC_0014843.jpg,ISIC_0014843_segmentation.png,4421,6642,8060984,29364282,0.2745
ISIC_0014844,val,42,ISIC 2018 Task 1 Training (2594),ISIC_0014844.jpg,ISIC_0014844_segmentation.png,4420,6620,4059840,29260400,0.1387
ISIC_0014845,val,42,ISIC 2018 Task 1 Training (2594),ISIC_0014845.jpg,ISIC_0014845_segmentation.png,4401,6622,4348429,29143422,0.1492
ISIC_0014846,val,42,ISIC 2018 Task 1 Training (2594),ISIC_0014846.jpg,ISIC_0014846_segmentation.png,4440,6641,16115508,29486040,0.5465
ISIC_0014848,train,42,ISIC 2018 Task 1 Training (2594),ISIC_0014848.jpg,ISIC_0014848_segmentation.png,4419,6628,2644349,29289132,0.0903
ISIC_0014849,val,42,ISIC 2018 Task 1 Training (2594),ISIC_0014849.jpg,ISIC_0014849_segmentation.png,4459,6648,6270676,29643432,0.2115
ISIC_0014850,train,42,ISIC 2018 Task 1 Training (2594),ISIC_0014850.jpg,ISIC_0014850_segmentation.png,4459,6668,4614508,29732612,0.1552
ISIC_0014851,train,42,ISIC 2018 Task 1 Training (2594),ISIC_0014851.jpg,ISIC_0014851_segmentation.png,4439,6648,5084731,29510472,0.1723
ISIC_0014853,val,42,ISIC 2018 Task 1 Training (2594),ISIC_0014853.jpg,ISIC_0014853_segmentation.png,4439,6648,2441920,29510472,0.0827
ISIC_0014854,train,42,ISIC 2018 Task 1 Training (2594),ISIC_0014854.jpg,ISIC_0014854_segmentation.png,4439,6708,13848307,29776812,0.4651
ISIC_0014855,train,42,ISIC 2018 Task 1 Training (2594),ISIC_0014855.jpg,ISIC_0014855_segmentation.png,4419,6628,6998475,29289132,0.2389
ISIC_0014857,train,42,ISIC 2018 Task 1 Training (2594),ISIC_0014857.jpg,ISIC_0014857_segmentation.png,4439,6628,18293695,29421692,0.6218
ISIC_0014860,val,42,ISIC 2018 Task 1 Training (2594),ISIC_0014860.jpg,ISIC_0014860_segmentation.png,4439,6668,6826884,29599252,0.2306
ISIC_0014862,train,42,ISIC 2018 Task 1 Training (2594),ISIC_0014862.jpg,ISIC_0014862_segmentation.png,4439,6668,12084417,29599252,0.4083
ISIC_0014863,val,42,ISIC 2018 Task 1 Training (2594),ISIC_0014863.jpg,ISIC_0014863_segmentation.png,4419,6648,5273446,29377512,0.1795
ISIC_0014867,train,42,ISIC 2018 Task 1 Training (2594),ISIC_0014867.jpg,ISIC_0014867_segmentation.png,4459,6668,4189888,29732612,0.1409
ISIC_0014868,train,42,ISIC 2018 Task 1 Training (2594),ISIC_0014868.jpg,ISIC_0014868_segmentation.png,4439,6648,15009025,29510472,0.5086
ISIC_0014869,val,42,ISIC 2018 Task 1 Training (2594),ISIC_0014869.jpg,ISIC_0014869_segmentation.png,4459,6648,8441892,29643432,0.2848
ISIC_0014872,train,42,ISIC 2018 Task 1 Training (2594),ISIC_0014872.jpg,ISIC_0014872_segmentation.png,4459,6668,20451442,29732612,0.6878
ISIC_0014876,train,42,ISIC 2018 Task 1 Training (2594),ISIC_0014876.jpg,ISIC_0014876_segmentation.png,4439,6668,12200224,29599252,0.4122
ISIC_0014879,train,42,ISIC 2018 Task 1 Training (2594),ISIC_0014879.jpg,ISIC_0014879_segmentation.png,4439,6648,915074,29510472,0.031
ISIC_0014883,train,42,ISIC 2018 Task 1 Training (2594),ISIC_0014883.jpg,ISIC_0014883_segmentation.png,4439,6668,10042574,29599252,0.3393
ISIC_0014890,train,42,ISIC 2018 Task 1 Training (2594),ISIC_0014890.jpg,ISIC_0014890_segmentation.png,4457,6715,3475779,29928755,0.1161
ISIC_0014891,train,42,ISIC 2018 Task 1 Training (2594),ISIC_0014891.jpg,ISIC_0014891_segmentation.png,4439,6668,15730547,29599252,0.5315
ISIC_0014897,train,42,ISIC 2018 Task 1 Training (2594),ISIC_0014897.jpg,ISIC_0014897_segmentation.png,4459,6668,6478268,29732612,0.2179
ISIC_0014898,train,42,ISIC 2018 Task 1 Training (2594),ISIC_0014898.jpg,ISIC_0014898_segmentation.png,4439,6648,12621650,29510472,0.4277
ISIC_0014901,train,42,ISIC 2018 Task 1 Training (2594),ISIC_0014901.jpg,ISIC_0014901_segmentation.png,4497,6695,5672621,30107415,0.1884
ISIC_0014903,train,42,ISIC 2018 Task 1 Training (2594),ISIC_0014903.jpg,ISIC_0014903_segmentation.png,4477,6694,5828900,29969038,0.1945
ISIC_0014904,val,42,ISIC 2018 Task 1 Training (2594),ISIC_0014904.jpg,ISIC_0014904_segmentation.png,4439,6668,5495467,29599252,0.1857
ISIC_0014907,val,42,ISIC 2018 Task 1 Training (2594),ISIC_0014907.jpg,ISIC_0014907_segmentation.png,4459,6688,4403818,29821792,0.1477
ISIC_0014908,train,42,ISIC 2018 Task 1 Training (2594),ISIC_0014908.jpg,ISIC_0014908_segmentation.png,4439,6688,4352368,29688032,0.1466
ISIC_0014910,train,42,ISIC 2018 Task 1 Training (2594),ISIC_0014910.jpg,ISIC_0014910_segmentation.png,4459,6688,14936596,29821792,0.5009
ISIC_0014911,val,42,ISIC 2018 Task 1 Training (2594),ISIC_0014911.jpg,ISIC_0014911_segmentation.png,4439,6708,14134347,29776812,0.4747
ISIC_0014912,train,42,ISIC 2018 Task 1 Training (2594),ISIC_0014912.jpg,ISIC_0014912_segmentation.png,4439,6708,11982690,29776812,0.4024
ISIC_0014913,train,42,ISIC 2018 Task 1 Training (2594),ISIC_0014913.jpg,ISIC_0014913_segmentation.png,4439,6708,11350301,29776812,0.3812
ISIC_0014915,train,42,ISIC 2018 Task 1 Training (2594),ISIC_0014915.jpg,ISIC_0014915_segmentation.png,4459,6708,13807109,29910972,0.4616
ISIC_0014919,train,42,ISIC 2018 Task 1 Training (2594),ISIC_0014919.jpg,ISIC_0014919_segmentation.png,4459,6708,5246825,29910972,0.1754
ISIC_0014920,train,42,ISIC 2018 Task 1 Training (2594),ISIC_0014920.jpg,ISIC_0014920_segmentation.png,4439,6668,3895602,29599252,0.1316
ISIC_0014921,val,42,ISIC 2018 Task 1 Training (2594),ISIC_0014921.jpg,ISIC_0014921_segmentation.png,4439,6708,7211944,29776812,0.2422
ISIC_0014922,val,42,ISIC 2018 Task 1 Training (2594),ISIC_0014922.jpg,ISIC_0014922_segmentation.png,4439,6668,11536159,29599252,0.3897
ISIC_0014923,val,42,ISIC 2018 Task 1 Training (2594),ISIC_0014923.jpg,ISIC_0014923_segmentation.png,4499,6748,2499832,30359252,0.0823
ISIC_0014925,train,42,ISIC 2018 Task 1 Training (2594),ISIC_0014925.jpg,ISIC_0014925_segmentation.png,4439,6708,3175268,29776812,0.1066
ISIC_0014926,train,42,ISIC 2018 Task 1 Training (2594),ISIC_0014926.jpg,ISIC_0014926_segmentation.png,4439,6708,5206636,29776812,0.1749
ISIC_0014927,train,42,ISIC 2018 Task 1 Training (2594),ISIC_0014927.jpg,ISIC_0014927_segmentation.png,4439,6668,16058988,29599252,0.5425
ISIC_0014928,train,42,ISIC 2018 Task 1 Training (2594),ISIC_0014928.jpg,ISIC_0014928_segmentation.png,4439,6688,2817488,29688032,0.0949
ISIC_0014929,train,42,ISIC 2018 Task 1 Training (2594),ISIC_0014929.jpg,ISIC_0014929_segmentation.png,4439,6708,1624989,29776812,0.0546
ISIC_0014930,train,42,ISIC 2018 Task 1 Training (2594),ISIC_0014930.jpg,ISIC_0014930_segmentation.png,4459,6728,4695487,30000152,0.1565
ISIC_0014931,train,42,ISIC 2018 Task 1 Training (2594),ISIC_0014931.jpg,ISIC_0014931_segmentation.png,4439,6688,7896961,29688032,0.266
ISIC_0014932,train,42,ISIC 2018 Task 1 Training (2594),ISIC_0014932.jpg,ISIC_0014932_segmentation.png,4439,6688,17462907,29688032,0.5882
ISIC_0014933,train,42,ISIC 2018 Task 1 Training (2594),ISIC_0014933.jpg,ISIC_0014933_segmentation.png,4399,6688,1892443,29420512,0.0643
ISIC_0014936,train,42,ISIC 2018 Task 1 Training (2594),ISIC_0014936.jpg,ISIC_0014936_segmentation.png,4439,6668,6101253,29599252,0.2061
ISIC_0014937,train,42,ISIC 2018 Task 1 Training (2594),ISIC_0014937.jpg,ISIC_0014937_segmentation.png,4439,6688,22310941,29688032,0.7515
ISIC_0014938,train,42,ISIC 2018 Task 1 Training (2594),ISIC_0014938.jpg,ISIC_0014938_segmentation.png,4439,6688,5647983,29688032,0.1902
ISIC_0014940,train,42,ISIC 2018 Task 1 Training (2594),ISIC_0014940.jpg,ISIC_0014940_segmentation.png,4439,6708,7468215,29776812,0.2508
ISIC_0014941,train,42,ISIC 2018 Task 1 Training (2594),ISIC_0014941.jpg,ISIC_0014941_segmentation.png,4419,6708,8963321,29642652,0.3024
ISIC_0014942,train,42,ISIC 2018 Task 1 Training (2594),ISIC_0014942.jpg,ISIC_0014942_segmentation.png,4419,6668,2933138,29465892,0.0995
ISIC_0014943,val,42,ISIC 2018 Task 1 Training (2594),ISIC_0014943.jpg,ISIC_0014943_segmentation.png,4439,6668,4636556,29599252,0.1566
ISIC_0014944,train,42,ISIC 2018 Task 1 Training (2594),ISIC_0014944.jpg,ISIC_0014944_segmentation.png,4439,6688,3692517,29688032,0.1244
ISIC_0014945,val,42,ISIC 2018 Task 1 Training (2594),ISIC_0014945.jpg,ISIC_0014945_segmentation.png,4439,6688,1551024,29688032,0.0522
ISIC_0014946,train,42,ISIC 2018 Task 1 Training (2594),ISIC_0014946.jpg,ISIC_0014946_segmentation.png,4439,6688,9223399,29688032,0.3107
ISIC_0014947,train,42,ISIC 2018 Task 1 Training (2594),ISIC_0014947.jpg,ISIC_0014947_segmentation.png,4439,6688,6916331,29688032,0.233
ISIC_0014948,train,42,ISIC 2018 Task 1 Training (2594),ISIC_0014948.jpg,ISIC_0014948_segmentation.png,4439,6688,21670398,29688032,0.7299
ISIC_0014949,train,42,ISIC 2018 Task 1 Training (2594),ISIC_0014949.jpg,ISIC_0014949_segmentation.png,4459,6708,10670337,29910972,0.3567
ISIC_0014951,train,42,ISIC 2018 Task 1 Training (2594),ISIC_0014951.jpg,ISIC_0014951_segmentation.png,4439,6687,17345853,29683593,0.5844
ISIC_0014952,train,42,ISIC 2018 Task 1 Training (2594),ISIC_0014952.jpg,ISIC_0014952_segmentation.png,4419,6688,10100289,29554272,0.3418
ISIC_0014955,train,42,ISIC 2018 Task 1 Training (2594),ISIC_0014955.jpg,ISIC_0014955_segmentation.png,4439,6688,3619143,29688032,0.1219
ISIC_0014956,train,42,ISIC 2018 Task 1 Training (2594),ISIC_0014956.jpg,ISIC_0014956_segmentation.png,4439,6688,10252521,29688032,0.3453
ISIC_0014957,val,42,ISIC 2018 Task 1 Training (2594),ISIC_0014957.jpg,ISIC_0014957_segmentation.png,4439,6668,10347983,29599252,0.3496
ISIC_0014958,train,42,ISIC 2018 Task 1 Training (2594),ISIC_0014958.jpg,ISIC_0014958_segmentation.png,4459,6688,10583193,29821792,0.3549
ISIC_0014961,train,42,ISIC 2018 Task 1 Training (2594),ISIC_0014961.jpg,ISIC_0014961_segmentation.png,4459,6688,17040952,29821792,0.5714
ISIC_0014962,val,42,ISIC 2018 Task 1 Training (2594),ISIC_0014962.jpg,ISIC_0014962_segmentation.png,4439,6688,13929155,29688032,0.4692
ISIC_0014963,train,42,ISIC 2018 Task 1 Training (2594),ISIC_0014963.jpg,ISIC_0014963_segmentation.png,4459,6688,21995839,29821792,0.7376
ISIC_0014964,train,42,ISIC 2018 Task 1 Training (2594),ISIC_0014964.jpg,ISIC_0014964_segmentation.png,4439,6708,12167884,29776812,0.4086
ISIC_0014966,train,42,ISIC 2018 Task 1 Training (2594),ISIC_0014966.jpg,ISIC_0014966_segmentation.png,4459,6688,11004776,29821792,0.369
ISIC_0014968,train,42,ISIC 2018 Task 1 Training (2594),ISIC_0014968.jpg,ISIC_0014968_segmentation.png,4439,6688,12800782,29688032,0.4312
ISIC_0014969,train,42,ISIC 2018 Task 1 Training (2594),ISIC_0014969.jpg,ISIC_0014969_segmentation.png,4459,6688,9189457,29821792,0.3081
ISIC_0014973,train,42,ISIC 2018 Task 1 Training (2594),ISIC_0014973.jpg,ISIC_0014973_segmentation.png,4441,6661,19988746,29581501,0.6757
ISIC_0014974,train,42,ISIC 2018 Task 1 Training (2594),ISIC_0014974.jpg,ISIC_0014974_segmentation.png,4459,6668,4619393,29732612,0.1554
ISIC_0014975,train,42,ISIC 2018 Task 1 Training (2594),ISIC_0014975.jpg,ISIC_0014975_segmentation.png,4459,6688,11115085,29821792,0.3727
ISIC_0014979,train,42,ISIC 2018 Task 1 Training (2594),ISIC_0014979.jpg,ISIC_0014979_segmentation.png,4420,6642,15588492,29357640,0.531
ISIC_0014982,val,42,ISIC 2018 Task 1 Training (2594),ISIC_0014982.jpg,ISIC_0014982_segmentation.png,4420,6641,11188949,29353220,0.3812
ISIC_0014983,val,42,ISIC 2018 Task 1 Training (2594),ISIC_0014983.jpg,ISIC_0014983_segmentation.png,4420,6621,10491463,29264820,0.3585
ISIC_0014985,train,42,ISIC 2018 Task 1 Training (2594),ISIC_0014985.jpg,ISIC_0014985_segmentation.png,4440,6662,17073698,29579280,0.5772
ISIC_0014987,train,42,ISIC 2018 Task 1 Training (2594),ISIC_0014987.jpg,ISIC_0014987_segmentation.png,4420,6621,5121030,29264820,0.175
ISIC_0014989,train,42,ISIC 2018 Task 1 Training (2594),ISIC_0014989.jpg,ISIC_0014989_segmentation.png,4420,6640,7256479,29348800,0.2472
ISIC_0014992,train,42,ISIC 2018 Task 1 Training (2594),ISIC_0014992.jpg,ISIC_0014992_segmentation.png,4440,6641,8435315,29486040,0.2861
ISIC_0014994,train,42,ISIC 2018 Task 1 Training (2594),ISIC_0014994.jpg,ISIC_0014994_segmentation.png,4439,6648,2446350,29510472,0.0829
ISIC_0014998,train,42,ISIC 2018 Task 1 Training (2594),ISIC_0014998.jpg,ISIC_0014998_segmentation.png,4399,6628,12860127,29156572,0.4411
ISIC_0015002,train,42,ISIC 2018 Task 1 Training (2594),ISIC_0015002.jpg,ISIC_0015002_segmentation.png,4439,6648,14339423,29510472,0.4859
ISIC_0015003,train,42,ISIC 2018 Task 1 Training (2594),ISIC_0015003.jpg,ISIC_0015003_segmentation.png,4439,6648,12084563,29510472,0.4095
ISIC_0015005,train,42,ISIC 2018 Task 1 Training (2594),ISIC_0015005.jpg,ISIC_0015005_segmentation.png,4439,6647,5134485,29506033,0.174
ISIC_0015007,train,42,ISIC 2018 Task 1 Training (2594),ISIC_0015007.jpg,ISIC_0015007_segmentation.png,4399,6608,6666553,29068592,0.2293
ISIC_0015008,train,42,ISIC 2018 Task 1 Training (2594),ISIC_0015008.jpg,ISIC_0015008_segmentation.png,4479,6648,27247686,29776392,0.9151
ISIC_0015009,train,42,ISIC 2018 Task 1 Training (2594),ISIC_0015009.jpg,ISIC_0015009_segmentation.png,4439,6668,23591165,29599252,0.797
ISIC_0015011,train,42,ISIC 2018 Task 1 Training (2594),ISIC_0015011.jpg,ISIC_0015011_segmentation.png,4459,6648,23255117,29643432,0.7845
ISIC_0015013,train,42,ISIC 2018 Task 1 Training (2594),ISIC_0015013.jpg,ISIC_0015013_segmentation.png,4439,6648,15480900,29510472,0.5246
ISIC_0015015,train,42,ISIC 2018 Task 1 Training (2594),ISIC_0015015.jpg,ISIC_0015015_segmentation.png,4419,6607,13711644,29196333,0.4696
ISIC_0015016,val,42,ISIC 2018 Task 1 Training (2594),ISIC_0015016.jpg,ISIC_0015016_segmentation.png,4439,6668,15220632,29599252,0.5142
ISIC_0015018,train,42,ISIC 2018 Task 1 Training (2594),ISIC_0015018.jpg,ISIC_0015018_segmentation.png,4439,6668,5085465,29599252,0.1718
ISIC_0015019,train,42,ISIC 2018 Task 1 Training (2594),ISIC_0015019.jpg,ISIC_0015019_segmentation.png,4439,6648,14128655,29510472,0.4788
ISIC_0015020,train,42,ISIC 2018 Task 1 Training (2594),ISIC_0015020.jpg,ISIC_0015020_segmentation.png,4459,6648,20001561,29643432,0.6747
ISIC_0015021,train,42,ISIC 2018 Task 1 Training (2594),ISIC_0015021.jpg,ISIC_0015021_segmentation.png,4419,6628,5921234,29289132,0.2022
ISIC_0015023,train,42,ISIC 2018 Task 1 Training (2594),ISIC_0015023.jpg,ISIC_0015023_segmentation.png,4459,6668,6096067,29732612,0.205
ISIC_0015026,val,42,ISIC 2018 Task 1 Training (2594),ISIC_0015026.jpg,ISIC_0015026_segmentation.png,4439,6668,1186013,29599252,0.0401
ISIC_0015030,val,42,ISIC 2018 Task 1 Training (2594),ISIC_0015030.jpg,ISIC_0015030_segmentation.png,4382,6602,5782047,28929964,0.1999
ISIC_0015031,train,42,ISIC 2018 Task 1 Training (2594),ISIC_0015031.jpg,ISIC_0015031_segmentation.png,4361,6602,11007540,28791322,0.3823
ISIC_0015032,train,42,ISIC 2018 Task 1 Training (2594),ISIC_0015032.jpg,ISIC_0015032_segmentation.png,4402,6622,6698158,29150044,0.2298
ISIC_0015034,train,42,ISIC 2018 Task 1 Training (2594),ISIC_0015034.jpg,ISIC_0015034_segmentation.png,4382,6581,4301234,28837942,0.1492
ISIC_0015035,train,42,ISIC 2018 Task 1 Training (2594),ISIC_0015035.jpg,ISIC_0015035_segmentation.png,4380,6601,881135,28912380,0.0305
ISIC_0015037,train,42,ISIC 2018 Task 1 Training (2594),ISIC_0015037.jpg,ISIC_0015037_segmentation.png,4400,6602,16772861,29048800,0.5774
ISIC_0015040,train,42,ISIC 2018 Task 1 Training (2594),ISIC_0015040.jpg,ISIC_0015040_segmentation.png,4420,6621,2191925,29264820,0.0749
ISIC_0015041,train,42,ISIC 2018 Task 1 Training (2594),ISIC_0015041.jpg,ISIC_0015041_segmentation.png,4402,6621,4396096,29145642,0.1508
ISIC_0015043,train,42,ISIC 2018 Task 1 Training (2594),ISIC_0015043.jpg,ISIC_0015043_segmentation.png,4401,6621,9769837,29139021,0.3353
ISIC_0015044,train,42,ISIC 2018 Task 1 Training (2594),ISIC_0015044.jpg,ISIC_0015044_segmentation.png,4422,6621,7060725,29278062,0.2412
ISIC_0015046,val,42,ISIC 2018 Task 1 Training (2594),ISIC_0015046.jpg,ISIC_0015046_segmentation.png,4422,6641,8932496,29366502,0.3042
ISIC_0015050,train,42,ISIC 2018 Task 1 Training (2594),ISIC_0015050.jpg,ISIC_0015050_segmentation.png,4382,6601,18674135,28925582,0.6456
ISIC_0015051,train,42,ISIC 2018 Task 1 Training (2594),ISIC_0015051.jpg,ISIC_0015051_segmentation.png,4380,6601,6815686,28912380,0.2357
ISIC_0015056,train,42,ISIC 2018 Task 1 Training (2594),ISIC_0015056.jpg,ISIC_0015056_segmentation.png,4401,6601,15179379,29051001,0.5225
ISIC_0015057,train,42,ISIC 2018 Task 1 Training (2594),ISIC_0015057.jpg,ISIC_0015057_segmentation.png,4420,6681,9910181,29530020,0.3356
ISIC_0015060,train,42,ISIC 2018 Task 1 Training (2594),ISIC_0015060.jpg,ISIC_0015060_segmentation.png,4380,6602,9122481,28916760,0.3155
ISIC_0015062,val,42,ISIC 2018 Task 1 Training (2594),ISIC_0015062.jpg,ISIC_0015062_segmentation.png,4380,6602,27706827,28916760,0.9582
ISIC_0015064,train,42,ISIC 2018 Task 1 Training (2594),ISIC_0015064.jpg,ISIC_0015064_segmentation.png,4380,6601,18067030,28912380,0.6249
ISIC_0015071,train,42,ISIC 2018 Task 1 Training (2594),ISIC_0015071.jpg,ISIC_0015071_segmentation.png,4422,6681,8146205,29543382,0.2757
ISIC_0015078,train,42,ISIC 2018 Task 1 Training (2594),ISIC_0015078.jpg,ISIC_0015078_segmentation.png,4441,6622,15108847,29408302,0.5138
ISIC_0015079,train,42,ISIC 2018 Task 1 Training (2594),ISIC_0015079.jpg,ISIC_0015079_segmentation.png,4401,6621,4976252,29139021,0.1708
ISIC_0015082,train,42,ISIC 2018 Task 1 Training (2594),ISIC_0015082.jpg,ISIC_0015082_segmentation.png,4439,6708,13981348,29776812,0.4695
ISIC_0015089,train,42,ISIC 2018 Task 1 Training (2594),ISIC_0015089.jpg,ISIC_0015089_segmentation.png,4459,6708,17052359,29910972,0.5701
ISIC_0015102,val,42,ISIC 2018 Task 1 Training (2594),ISIC_0015102.jpg,ISIC_0015102_segmentation.png,4441,6681,19330732,29670321,0.6515
ISIC_0015108,train,42,ISIC 2018 Task 1 Training (2594),ISIC_0015108.jpg,ISIC_0015108_segmentation.png,4420,6642,11041200,29357640,0.3761
ISIC_0015109,train,42,ISIC 2018 Task 1 Training (2594),ISIC_0015109.jpg,ISIC_0015109_segmentation.png,4441,6661,10205372,29581501,0.345
ISIC_0015110,val,42,ISIC 2018 Task 1 Training (2594),ISIC_0015110.jpg,ISIC_0015110_segmentation.png,4401,6681,7626846,29403081,0.2594
ISIC_0015113,train,42,ISIC 2018 Task 1 Training (2594),ISIC_0015113.jpg,ISIC_0015113_segmentation.png,4441,6682,6187570,29674762,0.2085
ISIC_0015115,train,42,ISIC 2018 Task 1 Training (2594),ISIC_0015115.jpg,ISIC_0015115_segmentation.png,4422,6681,11913940,29543382,0.4033
ISIC_0015118,train,42,ISIC 2018 Task 1 Training (2594),ISIC_0015118.jpg,ISIC_0015118_segmentation.png,4422,6680,19226645,29538960,0.6509
ISIC_0015124,train,42,ISIC 2018 Task 1 Training (2594),ISIC_0015124.jpg,ISIC_0015124_segmentation.png,4421,6682,12048040,29541122,0.4078
ISIC_0015125,train,42,ISIC 2018 Task 1 Training (2594),ISIC_0015125.jpg,ISIC_0015125_segmentation.png,4422,6662,5865457,29459364,0.1991
ISIC_0015127,train,42,ISIC 2018 Task 1 Training (2594),ISIC_0015127.jpg,ISIC_0015127_segmentation.png,4401,6682,7126563,29407482,0.2423
ISIC_0015129,train,42,ISIC 2018 Task 1 Training (2594),ISIC_0015129.jpg,ISIC_0015129_segmentation.png,4422,6662,5406239,29459364,0.1835
ISIC_0015130,train,42,ISIC 2018 Task 1 Training (2594),ISIC_0015130.jpg,ISIC_0015130_segmentation.png,4401,6661,9480673,29315061,0.3234
ISIC_0015132,val,42,ISIC 2018 Task 1 Training (2594),ISIC_0015132.jpg,ISIC_0015132_segmentation.png,4422,6681,14624997,29543382,0.495
ISIC_0015133,train,42,ISIC 2018 Task 1 Training (2594),ISIC_0015133.jpg,ISIC_0015133_segmentation.png,4420,6621,7807341,29264820,0.2668
ISIC_0015136,train,42,ISIC 2018 Task 1 Training (2594),ISIC_0015136.jpg,ISIC_0015136_segmentation.png,4422,6681,8417517,29543382,0.2849
ISIC_0015139,val,42,ISIC 2018 Task 1 Training (2594),ISIC_0015139.jpg,ISIC_0015139_segmentation.png,4422,6662,3344213,29459364,0.1135
ISIC_0015140,train,42,ISIC 2018 Task 1 Training (2594),ISIC_0015140.jpg,ISIC_0015140_segmentation.png,4382,6662,19279189,29192884,0.6604
ISIC_0015142,train,42,ISIC 2018 Task 1 Training (2594),ISIC_0015142.jpg,ISIC_0015142_segmentation.png,4401,6682,15115839,29407482,0.514
ISIC_0015144,train,42,ISIC 2018 Task 1 Training (2594),ISIC_0015144.jpg,ISIC_0015144_segmentation.png,4420,6641,2930205,29353220,0.0998
ISIC_0015146,val,42,ISIC 2018 Task 1 Training (2594),ISIC_0015146.jpg,ISIC_0015146_segmentation.png,4422,6662,7374741,29459364,0.2503
ISIC_0015149,train,42,ISIC 2018 Task 1 Training (2594),ISIC_0015149.jpg,ISIC_0015149_segmentation.png,4382,6601,11263299,28925582,0.3894
ISIC_0015150,val,42,ISIC 2018 Task 1 Training (2594),ISIC_0015150.jpg,ISIC_0015150_segmentation.png,4380,6622,9714035,29004360,0.3349
ISIC_0015152,train,42,ISIC 2018 Task 1 Training (2594),ISIC_0015152.jpg,ISIC_0015152_segmentation.png,4401,6601,8718417,29051001,0.3001
ISIC_0015153,train,42,ISIC 2018 Task 1 Training (2594),ISIC_0015153.jpg,ISIC_0015153_segmentation.png,4401,6601,20714347,29051001,0.713
ISIC_0015155,val,42,ISIC 2018 Task 1 Training (2594),ISIC_0015155.jpg,ISIC_0015155_segmentation.png,4380,6601,7547247,28912380,0.261
ISIC_0015156,train,42,ISIC 2018 Task 1 Training (2594),ISIC_0015156.jpg,ISIC_0015156_segmentation.png,4382,6581,7742409,28837942,0.2685
ISIC_0015157,train,42,ISIC 2018 Task 1 Training (2594),ISIC_0015157.jpg,ISIC_0015157_segmentation.png,4361,6602,9544498,28791322,0.3315
ISIC_0015158,train,42,ISIC 2018 Task 1 Training (2594),ISIC_0015158.jpg,ISIC_0015158_segmentation.png,4441,6642,3187784,29497122,0.1081
ISIC_0015160,train,42,ISIC 2018 Task 1 Training (2594),ISIC_0015160.jpg,ISIC_0015160_segmentation.png,4382,6601,10451755,28925582,0.3613
ISIC_0015161,train,42,ISIC 2018 Task 1 Training (2594),ISIC_0015161.jpg,ISIC_0015161_segmentation.png,4382,6601,10876931,28925582,0.376
ISIC_0015163,train,42,ISIC 2018 Task 1 Training (2594),ISIC_0015163.jpg,ISIC_0015163_segmentation.png,4419,6628,10256407,29289132,0.3502
ISIC_0015166,val,42,ISIC 2018 Task 1 Training (2594),ISIC_0015166.jpg,ISIC_0015166_segmentation.png,4459,6627,13919429,29549793,0.471
ISIC_0015167,train,42,ISIC 2018 Task 1 Training (2594),ISIC_0015167.jpg,ISIC_0015167_segmentation.png,4418,6668,19085867,29459224,0.6479
ISIC_0015170,train,42,ISIC 2018 Task 1 Training (2594),ISIC_0015170.jpg,ISIC_0015170_segmentation.png,4439,6688,9431287,29688032,0.3177
ISIC_0015171,train,42,ISIC 2018 Task 1 Training (2594),ISIC_0015171.jpg,ISIC_0015171_segmentation.png,4439,6708,26324851,29776812,0.8841
ISIC_0015173,train,42,ISIC 2018 Task 1 Training (2594),ISIC_0015173.jpg,ISIC_0015173_segmentation.png,4459,6648,11987214,29643432,0.4044
ISIC_0015174,train,42,ISIC 2018 Task 1 Training (2594),ISIC_0015174.jpg,ISIC_0015174_segmentation.png,4439,6648,5797621,29510472,0.1965
ISIC_0015175,train,42,ISIC 2018 Task 1 Training (2594),ISIC_0015175.jpg,ISIC_0015175_segmentation.png,4439,6648,5519133,29510472,0.187
ISIC_0015176,train,42,ISIC 2018 Task 1 Training (2594),ISIC_0015176.jpg,ISIC_0015176_segmentation.png,4439,6628,16913343,29421692,0.5749
ISIC_0015179,val,42,ISIC 2018 Task 1 Training (2594),ISIC_0015179.jpg,ISIC_0015179_segmentation.png,4399,6628,6901568,29156572,0.2367
ISIC_0015180,train,42,ISIC 2018 Task 1 Training (2594),ISIC_0015180.jpg,ISIC_0015180_segmentation.png,4399,6628,5938990,29156572,0.2037
ISIC_0015184,train,42,ISIC 2018 Task 1 Training (2594),ISIC_0015184.jpg,ISIC_0015184_segmentation.png,4399,6607,4469506,29064193,0.1538
ISIC_0015185,val,42,ISIC 2018 Task 1 Training (2594),ISIC_0015185.jpg,ISIC_0015185_segmentation.png,4419,6608,14490232,29200752,0.4962
ISIC_0015189,train,42,ISIC 2018 Task 1 Training (2594),ISIC_0015189.jpg,ISIC_0015189_segmentation.png,4439,6668,7431913,29599252,0.2511
ISIC_0015190,train,42,ISIC 2018 Task 1 Training (2594),ISIC_0015190.jpg,ISIC_0015190_segmentation.png,4419,6648,12575987,29377512,0.4281
ISIC_0015193,val,42,ISIC 2018 Task 1 Training (2594),ISIC_0015193.jpg,ISIC_0015193_segmentation.png,4459,6688,12111377,29821792,0.4061
ISIC_0015200,train,42,ISIC 2018 Task 1 Training (2594),ISIC_0015200.jpg,ISIC_0015200_segmentation.png,4422,6661,20679966,29454942,0.7021
ISIC_0015201,train,42,ISIC 2018 Task 1 Training (2594),ISIC_0015201.jpg,ISIC_0015201_segmentation.png,4402,6681,7453338,29409762,0.2534
ISIC_0015202,train,42,ISIC 2018 Task 1 Training (2594),ISIC_0015202.jpg,ISIC_0015202_segmentation.png,4401,6661,4376671,29315061,0.1493
ISIC_0015203,train,42,ISIC 2018 Task 1 Training (2594),ISIC_0015203.jpg,ISIC_0015203_segmentation.png,4422,6642,21759315,29370924,0.7408
ISIC_0015204,train,42,ISIC 2018 Task 1 Training (2594),ISIC_0015204.jpg,ISIC_0015204_segmentation.png,4420,6641,13977416,29353220,0.4762
ISIC_0015206,train,42,ISIC 2018 Task 1 Training (2594),ISIC_0015206.jpg,ISIC_0015206_segmentation.png,4401,6580,5030366,28958580,0.1737
ISIC_0015207,train,42,ISIC 2018 Task 1 Training (2594),ISIC_0015207.jpg,ISIC_0015207_segmentation.png,4420,6641,8945653,29353220,0.3048
ISIC_0015208,train,42,ISIC 2018 Task 1 Training (2594),ISIC_0015208.jpg,ISIC_0015208_segmentation.png,4422,6621,10871950,29278062,0.3713
ISIC_0015211,train,42,ISIC 2018 Task 1 Training (2594),ISIC_0015211.jpg,ISIC_0015211_segmentation.png,4401,6622,13937869,29143422,0.4783
ISIC_0015212,train,42,ISIC 2018 Task 1 Training (2594),ISIC_0015212.jpg,ISIC_0015212_segmentation.png,4420,6640,2235965,29348800,0.0762
ISIC_0015215,train,42,ISIC 2018 Task 1 Training (2594),ISIC_0015215.jpg,ISIC_0015215_segmentation.png,4441,6642,5298083,29497122,0.1796
ISIC_0015216,train,42,ISIC 2018 Task 1 Training (2594),ISIC_0015216.jpg,ISIC_0015216_segmentation.png,4420,6621,25581869,29264820,0.8742
ISIC_0015218,train,42,ISIC 2018 Task 1 Training (2594),ISIC_0015218.jpg,ISIC_0015218_segmentation.png,4422,6642,8367894,29370924,0.2849
ISIC_0015219,train,42,ISIC 2018 Task 1 Training (2594),ISIC_0015219.jpg,ISIC_0015219_segmentation.png,4441,6640,8019976,29488240,0.272
ISIC_0015220,train,42,ISIC 2018 Task 1 Training (2594),ISIC_0015220.jpg,ISIC_0015220_segmentation.png,4441,6682,21601516,29674762,0.7279
ISIC_0015223,val,42,ISIC 2018 Task 1 Training (2594),ISIC_0015223.jpg,ISIC_0015223_segmentation.png,4422,6682,1625512,29547804,0.055
ISIC_0015224,train,42,ISIC 2018 Task 1 Training (2594),ISIC_0015224.jpg,ISIC_0015224_segmentation.png,4420,6621,24105401,29264820,0.8237
ISIC_0015226,train,42,ISIC 2018 Task 1 Training (2594),ISIC_0015226.jpg,ISIC_0015226_segmentation.png,4441,6661,947901,29581501,0.032
ISIC_0015229,train,42,ISIC 2018 Task 1 Training (2594),ISIC_0015229.jpg,ISIC_0015229_segmentation.png,4420,6661,28033536,29441620,0.9522
ISIC_0015232,train,42,ISIC 2018 Task 1 Training (2594),ISIC_0015232.jpg,ISIC_0015232_segmentation.png,4441,6641,10208386,29492681,0.3461
ISIC_0015233,train,42,ISIC 2018 Task 1 Training (2594),ISIC_0015233.jpg,ISIC_0015233_segmentation.png,4401,6641,7283040,29227041,0.2492
ISIC_0015237,val,42,ISIC 2018 Task 1 Training (2594),ISIC_0015237.jpg,ISIC_0015237_segmentation.png,4459,6708,14787262,29910972,0.4944
ISIC_0015241,train,42,ISIC 2018 Task 1 Training (2594),ISIC_0015241.jpg,ISIC_0015241_segmentation.png,4439,6648,4528777,29510472,0.1535
ISIC_0015243,train,42,ISIC 2018 Task 1 Training (2594),ISIC_0015243.jpg,ISIC_0015243_segmentation.png,4459,6688,19736160,29821792,0.6618
ISIC_0015244,val,42,ISIC 2018 Task 1 Training (2594),ISIC_0015244.jpg,ISIC_0015244_segmentation.png,4439,6708,10215613,29776812,0.3431
ISIC_0015245,train,42,ISIC 2018 Task 1 Training (2594),ISIC_0015245.jpg,ISIC_0015245_segmentation.png,4439,6708,13452862,29776812,0.4518
ISIC_0015250,train,42,ISIC 2018 Task 1 Training (2594),ISIC_0015250.jpg,ISIC_0015250_segmentation.png,4439,6688,5426430,29688032,0.1828
ISIC_0015251,train,42,ISIC 2018 Task 1 Training (2594),ISIC_0015251.jpg,ISIC_0015251_segmentation.png,4459,6688,236975,29821792,0.0079
ISIC_0015254,train,42,ISIC 2018 Task 1 Training (2594),ISIC_0015254.jpg,ISIC_0015254_segmentation.png,4459,6668,8387256,29732612,0.2821
ISIC_0015255,train,42,ISIC 2018 Task 1 Training (2594),ISIC_0015255.jpg,ISIC_0015255_segmentation.png,4459,6688,25493862,29821792,0.8549
ISIC_0015256,train,42,ISIC 2018 Task 1 Training (2594),ISIC_0015256.jpg,ISIC_0015256_segmentation.png,4459,6668,25221591,29732612,0.8483
ISIC_0015258,val,42,ISIC 2018 Task 1 Training (2594),ISIC_0015258.jpg,ISIC_0015258_segmentation.png,4439,6688,21587336,29688032,0.7271
ISIC_0015260,train,42,ISIC 2018 Task 1 Training (2594),ISIC_0015260.jpg,ISIC_0015260_segmentation.png,4439,6708,5988825,29776812,0.2011
ISIC_0015264,train,42,ISIC 2018 Task 1 Training (2594),ISIC_0015264.jpg,ISIC_0015264_segmentation.png,4439,6708,2015437,29776812,0.0677
ISIC_0015270,val,42,ISIC 2018 Task 1 Training (2594),ISIC_0015270.jpg,ISIC_0015270_segmentation.png,4439,6648,6736519,29510472,0.2283
ISIC_0015273,train,42,ISIC 2018 Task 1 Training (2594),ISIC_0015273.jpg,ISIC_0015273_segmentation.png,4439,6688,1324432,29688032,0.0446
ISIC_0015274,train,42,ISIC 2018 Task 1 Training (2594),ISIC_0015274.jpg,ISIC_0015274_segmentation.png,4459,6668,25801297,29732612,0.8678
ISIC_0015276,val,42,ISIC 2018 Task 1 Training (2594),ISIC_0015276.jpg,ISIC_0015276_segmentation.png,4439,6708,1419736,29776812,0.0477
ISIC_0015279,train,42,ISIC 2018 Task 1 Training (2594),ISIC_0015279.jpg,ISIC_0015279_segmentation.png,4439,6688,5823601,29688032,0.1962
ISIC_0015283,train,42,ISIC 2018 Task 1 Training (2594),ISIC_0015283.jpg,ISIC_0015283_segmentation.png,4439,6668,11409195,29599252,0.3855
ISIC_0015284,train,42,ISIC 2018 Task 1 Training (2594),ISIC_0015284.jpg,ISIC_0015284_segmentation.png,4459,6708,11498412,29910972,0.3844
ISIC_0015291,train,42,ISIC 2018 Task 1 Training (2594),ISIC_0015291.jpg,ISIC_0015291_segmentation.png,4459,6688,5875116,29821792,0.197
ISIC_0015293,train,42,ISIC 2018 Task 1 Training (2594),ISIC_0015293.jpg,ISIC_0015293_segmentation.png,4439,6668,3448242,29599252,0.1165
ISIC_0015295,train,42,ISIC 2018 Task 1 Training (2594),ISIC_0015295.jpg,ISIC_0015295_segmentation.png,4439,6688,21653812,29688032,0.7294
ISIC_0015298,train,42,ISIC 2018 Task 1 Training (2594),ISIC_0015298.jpg,ISIC_0015298_segmentation.png,4459,6688,3524474,29821792,0.1182
ISIC_0015309,train,42,ISIC 2018 Task 1 Training (2594),ISIC_0015309.jpg,ISIC_0015309_segmentation.png,4439,6668,4331132,29599252,0.1463
ISIC_0015310,train,42,ISIC 2018 Task 1 Training (2594),ISIC_0015310.jpg,ISIC_0015310_segmentation.png,4439,6688,12215437,29688032,0.4115
ISIC_0015311,train,42,ISIC 2018 Task 1 Training (2594),ISIC_0015311.jpg,ISIC_0015311_segmentation.png,4459,6708,13870294,29910972,0.4637
ISIC_0015312,train,42,ISIC 2018 Task 1 Training (2594),ISIC_0015312.jpg,ISIC_0015312_segmentation.png,4459,6708,10865473,29910972,0.3633
ISIC_0015313,train,42,ISIC 2018 Task 1 Training (2594),ISIC_0015313.jpg,ISIC_0015313_segmentation.png,4419,6688,18584860,29554272,0.6288
ISIC_0015330,train,42,ISIC 2018 Task 1 Training (2594),ISIC_0015330.jpg,ISIC_0015330_segmentation.png,4439,6688,4847030,29688032,0.1633
ISIC_0015331,train,42,ISIC 2018 Task 1 Training (2594),ISIC_0015331.jpg,ISIC_0015331_segmentation.png,4439,6688,8149929,29688032,0.2745
ISIC_0015353,train,42,ISIC 2018 Task 1 Training (2594),ISIC_0015353.jpg,ISIC_0015353_segmentation.png,4459,6688,3795910,29821792,0.1273
ISIC_0015355,train,42,ISIC 2018 Task 1 Training (2594),ISIC_0015355.jpg,ISIC_0015355_segmentation.png,4439,6668,2719418,29599252,0.0919
ISIC_0015357,train,42,ISIC 2018 Task 1 Training (2594),ISIC_0015357.jpg,ISIC_0015357_segmentation.png,4439,6688,2643345,29688032,0.089
ISIC_0015360,train,42,ISIC 2018 Task 1 Training (2594),ISIC_0015360.jpg,ISIC_0015360_segmentation.png,4419,6688,9381405,29554272,0.3174
ISIC_0015363,val,42,ISIC 2018 Task 1 Training (2594),ISIC_0015363.jpg,ISIC_0015363_segmentation.png,4439,6687,17193541,29683593,0.5792
ISIC_0015368,val,42,ISIC 2018 Task 1 Training (2594),ISIC_0015368.jpg,ISIC_0015368_segmentation.png,4399,6608,17823439,29068592,0.6132
ISIC_0015369,val,42,ISIC 2018 Task 1 Training (2594),ISIC_0015369.jpg,ISIC_0015369_segmentation.png,4459,6688,2909445,29821792,0.0976
ISIC_0015383,train,42,ISIC 2018 Task 1 Training (2594),ISIC_0015383.jpg,ISIC_0015383_segmentation.png,4439,6688,4924016,29688032,0.1659
ISIC_0015390,train,42,ISIC 2018 Task 1 Training (2594),ISIC_0015390.jpg,ISIC_0015390_segmentation.png,4439,6688,21918045,29688032,0.7383
ISIC_0015395,val,42,ISIC 2018 Task 1 Training (2594),ISIC_0015395.jpg,ISIC_0015395_segmentation.png,4439,6688,7796136,29688032,0.2626
ISIC_0015401,train,42,ISIC 2018 Task 1 Training (2594),ISIC_0015401.jpg,ISIC_0015401_segmentation.png,4419,6648,6776275,29377512,0.2307
ISIC_0015403,val,42,ISIC 2018 Task 1 Training (2594),ISIC_0015403.jpg,ISIC_0015403_segmentation.png,4419,6648,5607566,29377512,0.1909
ISIC_0015404,val,42,ISIC 2018 Task 1 Training (2594),ISIC_0015404.jpg,ISIC_0015404_segmentation.png,4419,6648,16926117,29377512,0.5762
ISIC_0015411,val,42,ISIC 2018 Task 1 Training (2594),ISIC_0015411.jpg,ISIC_0015411_segmentation.png,4419,6668,3215532,29465892,0.1091
ISIC_0015412,train,42,ISIC 2018 Task 1 Training (2594),ISIC_0015412.jpg,ISIC_0015412_segmentation.png,4419,6648,10702205,29377512,0.3643
ISIC_0015416,train,42,ISIC 2018 Task 1 Training (2594),ISIC_0015416.jpg,ISIC_0015416_segmentation.png,4419,6668,16450781,29465892,0.5583
ISIC_0015417,train,42,ISIC 2018 Task 1 Training (2594),ISIC_0015417.jpg,ISIC_0015417_segmentation.png,4439,6748,7188913,29954372,0.24
ISIC_0015418,train,42,ISIC 2018 Task 1 Training (2594),ISIC_0015418.jpg,ISIC_0015418_segmentation.png,4439,6668,8041019,29599252,0.2717
ISIC_0015419,train,42,ISIC 2018 Task 1 Training (2594),ISIC_0015419.jpg,ISIC_0015419_segmentation.png,4459,6648,20297891,29643432,0.6847
ISIC_0015436,train,42,ISIC 2018 Task 1 Training (2594),ISIC_0015436.jpg,ISIC_0015436_segmentation.png,4440,6681,9693505,29663640,0.3268
ISIC_0015440,train,42,ISIC 2018 Task 1 Training (2594),ISIC_0015440.jpg,ISIC_0015440_segmentation.png,4421,6642,2605465,29364282,0.0887
ISIC_0015443,train,42,ISIC 2018 Task 1 Training (2594),ISIC_0015443.jpg,ISIC_0015443_segmentation.png,4401,6601,9732988,29051001,0.335
ISIC_0015445,train,42,ISIC 2018 Task 1 Training (2594),ISIC_0015445.jpg,ISIC_0015445_segmentation.png,4440,6641,12049938,29486040,0.4087
ISIC_0015447,val,42,ISIC 2018 Task 1 Training (2594),ISIC_0015447.jpg,ISIC_0015447_segmentation.png,4420,6641,25954350,29353220,0.8842
ISIC_0015455,train,42,ISIC 2018 Task 1 Training (2594),ISIC_0015455.jpg,ISIC_0015455_segmentation.png,4402,6641,9921249,29233682,0.3394
ISIC_0015464,train,42,ISIC 2018 Task 1 Training (2594),ISIC_0015464.jpg,ISIC_0015464_segmentation.png,4422,6641,13562636,29366502,0.4618
ISIC_0015466,train,42,ISIC 2018 Task 1 Training (2594),ISIC_0015466.jpg,ISIC_0015466_segmentation.png,4459,6668,19025913,29732612,0.6399
ISIC_0015468,val,42,ISIC 2018 Task 1 Training (2594),ISIC_0015468.jpg,ISIC_0015468_segmentation.png,4439,6708,2309949,29776812,0.0776
ISIC_0015476,val,42,ISIC 2018 Task 1 Training (2594),ISIC_0015476.jpg,ISIC_0015476_segmentation.png,4439,6668,6285109,29599252,0.2123
ISIC_0015481,val,42,ISIC 2018 Task 1 Training (2594),ISIC_0015481.jpg,ISIC_0015481_segmentation.png,4479,6648,2620513,29776392,0.088
ISIC_0015482,train,42,ISIC 2018 Task 1 Training (2594),ISIC_0015482.jpg,ISIC_0015482_segmentation.png,4399,6608,10239161,29068592,0.3522
ISIC_0015483,val,42,ISIC 2018 Task 1 Training (2594),ISIC_0015483.jpg,ISIC_0015483_segmentation.png,4459,6668,8856478,29732612,0.2979
ISIC_0015485,val,42,ISIC 2018 Task 1 Training (2594),ISIC_0015485.jpg,ISIC_0015485_segmentation.png,4439,6648,18277720,29510472,0.6194
ISIC_0015496,train,42,ISIC 2018 Task 1 Training (2594),ISIC_0015496.jpg,ISIC_0015496_segmentation.png,4459,6688,8951522,29821792,0.3002
ISIC_0015510,train,42,ISIC 2018 Task 1 Training (2594),ISIC_0015510.jpg,ISIC_0015510_segmentation.png,4440,6681,3102740,29663640,0.1046
ISIC_0015526,train,42,ISIC 2018 Task 1 Training (2594),ISIC_0015526.jpg,ISIC_0015526_segmentation.png,4401,6621,3151572,29139021,0.1082
ISIC_0015537,train,42,ISIC 2018 Task 1 Training (2594),ISIC_0015537.jpg,ISIC_0015537_segmentation.png,4402,6641,14143059,29233682,0.4838
ISIC_0015544,train,42,ISIC 2018 Task 1 Training (2594),ISIC_0015544.jpg,ISIC_0015544_segmentation.png,4440,6621,6422669,29397240,0.2185
ISIC_0015559,train,42,ISIC 2018 Task 1 Training (2594),ISIC_0015559.jpg,ISIC_0015559_segmentation.png,4419,6688,6515981,29554272,0.2205
ISIC_0015563,train,42,ISIC 2018 Task 1 Training (2594),ISIC_0015563.jpg,ISIC_0015563_segmentation.png,4419,6668,1513462,29465892,0.0514
ISIC_0015566,val,42,ISIC 2018 Task 1 Training (2594),ISIC_0015566.jpg,ISIC_0015566_segmentation.png,4479,6688,9264897,29955552,0.3093
ISIC_0015568,train,42,ISIC 2018 Task 1 Training (2594),ISIC_0015568.jpg,ISIC_0015568_segmentation.png,4439,6688,5057169,29688032,0.1703
ISIC_0015582,val,42,ISIC 2018 Task 1 Training (2594),ISIC_0015582.jpg,ISIC_0015582_segmentation.png,4419,6688,3816082,29554272,0.1291
ISIC_0015593,train,42,ISIC 2018 Task 1 Training (2594),ISIC_0015593.jpg,ISIC_0015593_segmentation.png,4402,6661,8829437,29321722,0.3011
ISIC_0015603,train,42,ISIC 2018 Task 1 Training (2594),ISIC_0015603.jpg,ISIC_0015603_segmentation.png,4420,6662,2064620,29446040,0.0701
ISIC_0015607,train,42,ISIC 2018 Task 1 Training (2594),ISIC_0015607.jpg,ISIC_0015607_segmentation.png,4380,6620,18259887,28995600,0.6297
ISIC_0015614,train,42,ISIC 2018 Task 1 Training (2594),ISIC_0015614.jpg,ISIC_0015614_segmentation.png,4439,6648,2675225,29510472,0.0907
ISIC_0015617,val,42,ISIC 2018 Task 1 Training (2594),ISIC_0015617.jpg,ISIC_0015617_segmentation.png,4419,6648,17889681,29377512,0.609
ISIC_0015625,train,42,ISIC 2018 Task 1 Training (2594),ISIC_0015625.jpg,ISIC_0015625_segmentation.png,4419,6688,11889867,29554272,0.4023
ISIC_0015627,train,42,ISIC 2018 Task 1 Training (2594),ISIC_0015627.jpg,ISIC_0015627_segmentation.png,4379,6608,3193093,28936432,0.1103
ISIC_0015631,train,42,ISIC 2018 Task 1 Training (2594),ISIC_0015631.jpg,ISIC_0015631_segmentation.png,4459,6688,6922052,29821792,0.2321
ISIC_0015636,val,42,ISIC 2018 Task 1 Training (2594),ISIC_0015636.jpg,ISIC_0015636_segmentation.png,4441,6641,19195003,29492681,0.6508
ISIC_0015638,train,42,ISIC 2018 Task 1 Training (2594),ISIC_0015638.jpg,ISIC_0015638_segmentation.png,4420,6641,6342980,29353220,0.2161
ISIC_0015641,train,42,ISIC 2018 Task 1 Training (2594),ISIC_0015641.jpg,ISIC_0015641_segmentation.png,4400,6641,9433108,29220400,0.3228
ISIC_0015645,val,42,ISIC 2018 Task 1 Training (2594),ISIC_0015645.jpg,ISIC_0015645_segmentation.png,4442,6682,4644478,29681444,0.1565
ISIC_0015936,train,42,ISIC 2018 Task 1 Training (2594),ISIC_0015936.jpg,ISIC_0015936_segmentation.png,1536,2304,153176,3538944,0.0433
ISIC_0015937,train,42,ISIC 2018 Task 1 Training (2594),ISIC_0015937.jpg,ISIC_0015937_segmentation.png,1536,2304,88391,3538944,0.025
ISIC_0015939,train,42,ISIC 2018 Task 1 Training (2594),ISIC_0015939.jpg,ISIC_0015939_segmentation.png,2000,3008,162028,6016000,0.0269
ISIC_0015940,train,42,ISIC 2018 Task 1 Training (2594),ISIC_0015940.jpg,ISIC_0015940_segmentation.png,2000,3008,95985,6016000,0.016
ISIC_0015941,val,42,ISIC 2018 Task 1 Training (2594),ISIC_0015941.jpg,ISIC_0015941_segmentation.png,2000,3008,130313,6016000,0.0217
ISIC_0015942,train,42,ISIC 2018 Task 1 Training (2594),ISIC_0015942.jpg,ISIC_0015942_segmentation.png,2000,3008,65778,6016000,0.0109
ISIC_0015943,train,42,ISIC 2018 Task 1 Training (2594),ISIC_0015943.jpg,ISIC_0015943_segmentation.png,2000,3008,72537,6016000,0.0121
ISIC_0015944,train,42,ISIC 2018 Task 1 Training (2594),ISIC_0015944.jpg,ISIC_0015944_segmentation.png,2000,3008,205233,6016000,0.0341
ISIC_0015945,train,42,ISIC 2018 Task 1 Training (2594),ISIC_0015945.jpg,ISIC_0015945_segmentation.png,2000,3008,143624,6016000,0.0239
ISIC_0015946,train,42,ISIC 2018 Task 1 Training (2594),ISIC_0015946.jpg,ISIC_0015946_segmentation.png,2000,3008,139853,6016000,0.0232
ISIC_0015947,val,42,ISIC 2018 Task 1 Training (2594),ISIC_0015947.jpg,ISIC_0015947_segmentation.png,2000,3008,432401,6016000,0.0719
ISIC_0015948,val,42,ISIC 2018 Task 1 Training (2594),ISIC_0015948.jpg,ISIC_0015948_segmentation.png,2000,3008,416553,6016000,0.0692
ISIC_0015949,train,42,ISIC 2018 Task 1 Training (2594),ISIC_0015949.jpg,ISIC_0015949_segmentation.png,2000,3008,90597,6016000,0.0151
ISIC_0015950,train,42,ISIC 2018 Task 1 Training (2594),ISIC_0015950.jpg,ISIC_0015950_segmentation.png,2000,3008,170250,6016000,0.0283
ISIC_0015951,val,42,ISIC 2018 Task 1 Training (2594),ISIC_0015951.jpg,ISIC_0015951_segmentation.png,2000,3008,19261,6016000,0.0032
ISIC_0015952,val,42,ISIC 2018 Task 1 Training (2594),ISIC_0015952.jpg,ISIC_0015952_segmentation.png,2000,3008,108492,6016000,0.018
ISIC_0015953,train,42,ISIC 2018 Task 1 Training (2594),ISIC_0015953.jpg,ISIC_0015953_segmentation.png,2000,3008,526710,6016000,0.0876
ISIC_0015955,train,42,ISIC 2018 Task 1 Training (2594),ISIC_0015955.jpg,ISIC_0015955_segmentation.png,2000,3008,1573203,6016000,0.2615
ISIC_0015956,train,42,ISIC 2018 Task 1 Training (2594),ISIC_0015956.jpg,ISIC_0015956_segmentation.png,2000,3008,703470,6016000,0.1169
ISIC_0015957,train,42,ISIC 2018 Task 1 Training (2594),ISIC_0015957.jpg,ISIC_0015957_segmentation.png,2592,3872,1270948,10036224,0.1266
ISIC_0015958,train,42,ISIC 2018 Task 1 Training (2594),ISIC_0015958.jpg,ISIC_0015958_segmentation.png,2592,3872,340150,10036224,0.0339
ISIC_0015960,val,42,ISIC 2018 Task 1 Training (2594),ISIC_0015960.jpg,ISIC_0015960_segmentation.png,2000,3008,410521,6016000,0.0682
ISIC_0015961,train,42,ISIC 2018 Task 1 Training (2594),ISIC_0015961.jpg,ISIC_0015961_segmentation.png,2000,3008,345712,6016000,0.0575
ISIC_0015962,train,42,ISIC 2018 Task 1 Training (2594),ISIC_0015962.jpg,ISIC_0015962_segmentation.png,2000,3008,130159,6016000,0.0216
ISIC_0015963,train,42,ISIC 2018 Task 1 Training (2594),ISIC_0015963.jpg,ISIC_0015963_segmentation.png,2592,3872,341703,10036224,0.034
ISIC_0015964,train,42,ISIC 2018 Task 1 Training (2594),ISIC_0015964.jpg,ISIC_0015964_segmentation.png,2000,3008,174310,6016000,0.029
ISIC_0015965,train,42,ISIC 2018 Task 1 Training (2594),ISIC_0015965.jpg,ISIC_0015965_segmentation.png,2000,3008,192062,6016000,0.0319
ISIC_0015966,train,42,ISIC 2018 Task 1 Training (2594),ISIC_0015966.jpg,ISIC_0015966_segmentation.png,2592,3872,726765,10036224,0.0724
ISIC_0015967,train,42,ISIC 2018 Task 1 Training (2594),ISIC_0015967.jpg,ISIC_0015967_segmentation.png,2000,3008,1329684,6016000,0.221
ISIC_0015968,train,42,ISIC 2018 Task 1 Training (2594),ISIC_0015968.jpg,ISIC_0015968_segmentation.png,2000,3008,492124,6016000,0.0818
ISIC_0015969,val,42,ISIC 2018 Task 1 Training (2594),ISIC_0015969.jpg,ISIC_0015969_segmentation.png,2000,3008,913868,6016000,0.1519
ISIC_0015971,train,42,ISIC 2018 Task 1 Training (2594),ISIC_0015971.jpg,ISIC_0015971_segmentation.png,2000,3008,106736,6016000,0.0177
ISIC_0015972,train,42,ISIC 2018 Task 1 Training (2594),ISIC_0015972.jpg,ISIC_0015972_segmentation.png,2592,3872,756933,10036224,0.0754
ISIC_0015973,train,42,ISIC 2018 Task 1 Training (2594),ISIC_0015973.jpg,ISIC_0015973_segmentation.png,753,1028,188768,774084,0.2439
ISIC_0015974,train,42,ISIC 2018 Task 1 Training (2594),ISIC_0015974.jpg,ISIC_0015974_segmentation.png,753,1028,151457,774084,0.1957
ISIC_0015975,train,42,ISIC 2018 Task 1 Training (2594),ISIC_0015975.jpg,ISIC_0015975_segmentation.png,2000,3008,280947,6016000,0.0467
ISIC_0015976,train,42,ISIC 2018 Task 1 Training (2594),ISIC_0015976.jpg,ISIC_0015976_segmentation.png,2000,3008,211394,6016000,0.0351
ISIC_0015978,train,42,ISIC 2018 Task 1 Training (2594),ISIC_0015978.jpg,ISIC_0015978_segmentation.png,2592,3872,324476,10036224,0.0323
ISIC_0015980,train,42,ISIC 2018 Task 1 Training (2594),ISIC_0015980.jpg,ISIC_0015980_segmentation.png,2000,3008,285101,6016000,0.0474
ISIC_0015981,train,42,ISIC 2018 Task 1 Training (2594),ISIC_0015981.jpg,ISIC_0015981_segmentation.png,2000,3008,229710,6016000,0.0382
ISIC_0015982,train,42,ISIC 2018 Task 1 Training (2594),ISIC_0015982.jpg,ISIC_0015982_segmentation.png,2000,3008,419743,6016000,0.0698
ISIC_0015983,train,42,ISIC 2018 Task 1 Training (2594),ISIC_0015983.jpg,ISIC_0015983_segmentation.png,2592,3872,2493383,10036224,0.2484
ISIC_0015984,train,42,ISIC 2018 Task 1 Training (2594),ISIC_0015984.jpg,ISIC_0015984_segmentation.png,2592,3872,1031917,10036224,0.1028
ISIC_0015985,val,42,ISIC 2018 Task 1 Training (2594),ISIC_0015985.jpg,ISIC_0015985_segmentation.png,2592,3872,218971,10036224,0.0218
ISIC_0015986,train,42,ISIC 2018 Task 1 Training (2594),ISIC_0015986.jpg,ISIC_0015986_segmentation.png,2000,3008,245594,6016000,0.0408
ISIC_0015987,val,42,ISIC 2018 Task 1 Training (2594),ISIC_0015987.jpg,ISIC_0015987_segmentation.png,2000,3008,182633,6016000,0.0304
ISIC_0015989,train,42,ISIC 2018 Task 1 Training (2594),ISIC_0015989.jpg,ISIC_0015989_segmentation.png,2000,3008,166701,6016000,0.0277
ISIC_0015990,val,42,ISIC 2018 Task 1 Training (2594),ISIC_0015990.jpg,ISIC_0015990_segmentation.png,2000,3008,468679,6016000,0.0779
ISIC_0015991,train,42,ISIC 2018 Task 1 Training (2594),ISIC_0015991.jpg,ISIC_0015991_segmentation.png,2000,3008,205636,6016000,0.0342
ISIC_0015993,val,42,ISIC 2018 Task 1 Training (2594),ISIC_0015993.jpg,ISIC_0015993_segmentation.png,2000,3008,184733,6016000,0.0307
ISIC_0015994,val,42,ISIC 2018 Task 1 Training (2594),ISIC_0015994.jpg,ISIC_0015994_segmentation.png,2592,3872,154681,10036224,0.0154
ISIC_0015995,val,42,ISIC 2018 Task 1 Training (2594),ISIC_0015995.jpg,ISIC_0015995_segmentation.png,2000,3008,502669,6016000,0.0836
ISIC_0015996,train,42,ISIC 2018 Task 1 Training (2594),ISIC_0015996.jpg,ISIC_0015996_segmentation.png,2000,3008,262023,6016000,0.0436
ISIC_0015997,val,42,ISIC 2018 Task 1 Training (2594),ISIC_0015997.jpg,ISIC_0015997_segmentation.png,2592,3872,364658,10036224,0.0363
ISIC_0015998,train,42,ISIC 2018 Task 1 Training (2594),ISIC_0015998.jpg,ISIC_0015998_segmentation.png,2592,3872,285049,10036224,0.0284
ISIC_0015999,train,42,ISIC 2018 Task 1 Training (2594),ISIC_0015999.jpg,ISIC_0015999_segmentation.png,2000,3008,94707,6016000,0.0157
ISIC_0016000,train,42,ISIC 2018 Task 1 Training (2594),ISIC_0016000.jpg,ISIC_0016000_segmentation.png,2592,3872,331855,10036224,0.0331
ISIC_0016003,train,42,ISIC 2018 Task 1 Training (2594),ISIC_0016003.jpg,ISIC_0016003_segmentation.png,2000,3008,233306,6016000,0.0388
ISIC_0016004,train,42,ISIC 2018 Task 1 Training (2594),ISIC_0016004.jpg,ISIC_0016004_segmentation.png,2848,4288,673667,12212224,0.0552
ISIC_0016005,val,42,ISIC 2018 Task 1 Training (2594),ISIC_0016005.jpg,ISIC_0016005_segmentation.png,2848,4288,1276787,12212224,0.1045
ISIC_0016006,val,42,ISIC 2018 Task 1 Training (2594),ISIC_0016006.jpg,ISIC_0016006_segmentation.png,2848,4288,531966,12212224,0.0436
ISIC_0016007,train,42,ISIC 2018 Task 1 Training (2594),ISIC_0016007.jpg,ISIC_0016007_segmentation.png,2848,4288,608745,12212224,0.0498
ISIC_0016008,train,42,ISIC 2018 Task 1 Training (2594),ISIC_0016008.jpg,ISIC_0016008_segmentation.png,2848,4288,1932687,12212224,0.1583
ISIC_0016009,val,42,ISIC 2018 Task 1 Training (2594),ISIC_0016009.jpg,ISIC_0016009_segmentation.png,2848,4288,685710,12212224,0.0561
ISIC_0016011,train,42,ISIC 2018 Task 1 Training (2594),ISIC_0016011.jpg,ISIC_0016011_segmentation.png,2848,4288,176746,12212224,0.0145
ISIC_0016012,train,42,ISIC 2018 Task 1 Training (2594),ISIC_0016012.jpg,ISIC_0016012_segmentation.png,2848,4288,339867,12212224,0.0278
ISIC_0016013,val,42,ISIC 2018 Task 1 Training (2594),ISIC_0016013.jpg,ISIC_0016013_segmentation.png,2848,4288,449094,12212224,0.0368
ISIC_0016014,train,42,ISIC 2018 Task 1 Training (2594),ISIC_0016014.jpg,ISIC_0016014_segmentation.png,2848,4288,575528,12212224,0.0471
ISIC_0016015,val,42,ISIC 2018 Task 1 Training (2594),ISIC_0016015.jpg,ISIC_0016015_segmentation.png,2848,4288,854498,12212224,0.07
ISIC_0016016,train,42,ISIC 2018 Task 1 Training (2594),ISIC_0016016.jpg,ISIC_0016016_segmentation.png,2848,4288,1942305,12212224,0.159
ISIC_0016017,val,42,ISIC 2018 Task 1 Training (2594),ISIC_0016017.jpg,ISIC_0016017_segmentation.png,2848,4288,271056,12212224,0.0222
ISIC_0016019,train,42,ISIC 2018 Task 1 Training (2594),ISIC_0016019.jpg,ISIC_0016019_segmentation.png,2000,3008,267782,6016000,0.0445
ISIC_0016022,train,42,ISIC 2018 Task 1 Training (2594),ISIC_0016022.jpg,ISIC_0016022_segmentation.png,2848,4288,432452,12212224,0.0354
ISIC_0016023,train,42,ISIC 2018 Task 1 Training (2594),ISIC_0016023.jpg,ISIC_0016023_segmentation.png,2592,3872,410668,10036224,0.0409
ISIC_0016024,train,42,ISIC 2018 Task 1 Training (2594),ISIC_0016024.jpg,ISIC_0016024_segmentation.png,2592,3872,947779,10036224,0.0944
ISIC_0016025,train,42,ISIC 2018 Task 1 Training (2594),ISIC_0016025.jpg,ISIC_0016025_segmentation.png,2000,3008,1358484,6016000,0.2258
ISIC_0016026,train,42,ISIC 2018 Task 1 Training (2594),ISIC_0016026.jpg,ISIC_0016026_segmentation.png,2000,3008,125272,6016000,0.0208
ISIC_0016027,train,42,ISIC 2018 Task 1 Training (2594),ISIC_0016027.jpg,ISIC_0016027_segmentation.png,2848,4288,105240,12212224,0.0086
ISIC_0016028,train,42,ISIC 2018 Task 1 Training (2594),ISIC_0016028.jpg,ISIC_0016028_segmentation.png,2592,3872,202473,10036224,0.0202
ISIC_0016029,train,42,ISIC 2018 Task 1 Training (2594),ISIC_0016029.jpg,ISIC_0016029_segmentation.png,2848,4288,1304768,12212224,0.1068
ISIC_0016030,train,42,ISIC 2018 Task 1 Training (2594),ISIC_0016030.jpg,ISIC_0016030_segmentation.png,2848,4288,1131607,12212224,0.0927
ISIC_0016033,val,42,ISIC 2018 Task 1 Training (2594),ISIC_0016033.jpg,ISIC_0016033_segmentation.png,2592,3872,914207,10036224,0.0911
ISIC_0016034,train,42,ISIC 2018 Task 1 Training (2594),ISIC_0016034.jpg,ISIC_0016034_segmentation.png,2848,4288,331416,12212224,0.0271
ISIC_0016035,train,42,ISIC 2018 Task 1 Training (2594),ISIC_0016035.jpg,ISIC_0016035_segmentation.png,2848,4288,6621784,12212224,0.5422
ISIC_0016036,val,42,ISIC 2018 Task 1 Training (2594),ISIC_0016036.jpg,ISIC_0016036_segmentation.png,2848,4288,3529990,12212224,0.2891
ISIC_0016037,val,42,ISIC 2018 Task 1 Training (2594),ISIC_0016037.jpg,ISIC_0016037_segmentation.png,2848,4288,1606568,12212224,0.1316
ISIC_0016038,train,42,ISIC 2018 Task 1 Training (2594),ISIC_0016038.jpg,ISIC_0016038_segmentation.png,2000,3008,107070,6016000,0.0178
ISIC_0016040,train,42,ISIC 2018 Task 1 Training (2594),ISIC_0016040.jpg,ISIC_0016040_segmentation.png,2848,4288,414863,12212224,0.034
ISIC_0016041,train,42,ISIC 2018 Task 1 Training (2594),ISIC_0016041.jpg,ISIC_0016041_segmentation.png,2000,3008,278766,6016000,0.0463
ISIC_0016042,train,42,ISIC 2018 Task 1 Training (2594),ISIC_0016042.jpg,ISIC_0016042_segmentation.png,2848,4288,314909,12212224,0.0258
ISIC_0016043,train,42,ISIC 2018 Task 1 Training (2594),ISIC_0016043.jpg,ISIC_0016043_segmentation.png,2848,4288,387357,12212224,0.0317
ISIC_0016044,train,42,ISIC 2018 Task 1 Training (2594),ISIC_0016044.jpg,ISIC_0016044_segmentation.png,2848,4288,706687,12212224,0.0579
ISIC_0016045,train,42,ISIC 2018 Task 1 Training (2594),ISIC_0016045.jpg,ISIC_0016045_segmentation.png,2592,3872,203288,10036224,0.0203
ISIC_0016046,train,42,ISIC 2018 Task 1 Training (2594),ISIC_0016046.jpg,ISIC_0016046_segmentation.png,2000,3008,269026,6016000,0.0447
ISIC_0016048,train,42,ISIC 2018 Task 1 Training (2594),ISIC_0016048.jpg,ISIC_0016048_segmentation.png,2848,4288,159084,12212224,0.013
ISIC_0016050,val,42,ISIC 2018 Task 1 Training (2594),ISIC_0016050.jpg,ISIC_0016050_segmentation.png,2848,4288,200192,12212224,0.0164
ISIC_0016051,val,42,ISIC 2018 Task 1 Training (2594),ISIC_0016051.jpg,ISIC_0016051_segmentation.png,2848,4288,350005,12212224,0.0287
ISIC_0016052,train,42,ISIC 2018 Task 1 Training (2594),ISIC_0016052.jpg,ISIC_0016052_segmentation.png,2848,4288,2228822,12212224,0.1825
ISIC_0016053,train,42,ISIC 2018 Task 1 Training (2594),ISIC_0016053.jpg,ISIC_0016053_segmentation.png,2848,4288,104867,12212224,0.0086
ISIC_0016054,val,42,ISIC 2018 Task 1 Training (2594),ISIC_0016054.jpg,ISIC_0016054_segmentation.png,2848,4288,1246796,12212224,0.1021
ISIC_0016055,train,42,ISIC 2018 Task 1 Training (2594),ISIC_0016055.jpg,ISIC_0016055_segmentation.png,2848,4288,3356767,12212224,0.2749
ISIC_0016056,train,42,ISIC 2018 Task 1 Training (2594),ISIC_0016056.jpg,ISIC_0016056_segmentation.png,2848,4288,148708,12212224,0.0122
ISIC_0016057,train,42,ISIC 2018 Task 1 Training (2594),ISIC_0016057.jpg,ISIC_0016057_segmentation.png,2848,4288,540865,12212224,0.0443
ISIC_0016058,train,42,ISIC 2018 Task 1 Training (2594),ISIC_0016058.jpg,ISIC_0016058_segmentation.png,2848,4288,247725,12212224,0.0203
ISIC_0016059,train,42,ISIC 2018 Task 1 Training (2594),ISIC_0016059.jpg,ISIC_0016059_segmentation.png,2848,4288,220891,12212224,0.0181
ISIC_0016060,train,42,ISIC 2018 Task 1 Training (2594),ISIC_0016060.jpg,ISIC_0016060_segmentation.png,2848,4288,292177,12212224,0.0239
ISIC_0016061,train,42,ISIC 2018 Task 1 Training (2594),ISIC_0016061.jpg,ISIC_0016061_segmentation.png,2848,4288,152696,12212224,0.0125
ISIC_0016062,train,42,ISIC 2018 Task 1 Training (2594),ISIC_0016062.jpg,ISIC_0016062_segmentation.png,2848,4288,383846,12212224,0.0314
ISIC_0016063,train,42,ISIC 2018 Task 1 Training (2594),ISIC_0016063.jpg,ISIC_0016063_segmentation.png,2848,4288,178165,12212224,0.0146
ISIC_0016064,val,42,ISIC 2018 Task 1 Training (2594),ISIC_0016064.jpg,ISIC_0016064_segmentation.png,2848,4288,221387,12212224,0.0181
ISIC_0016065,train,42,ISIC 2018 Task 1 Training (2594),ISIC_0016065.jpg,ISIC_0016065_segmentation.png,2848,4288,138478,12212224,0.0113
ISIC_0016066,train,42,ISIC 2018 Task 1 Training (2594),ISIC_0016066.jpg,ISIC_0016066_segmentation.png,2848,4288,1108091,12212224,0.0907
ISIC_0016068,train,42,ISIC 2018 Task 1 Training (2594),ISIC_0016068.jpg,ISIC_0016068_segmentation.png,2848,4288,1567055,12212224,0.1283
ISIC_0016069,train,42,ISIC 2018 Task 1 Training (2594),ISIC_0016069.jpg,ISIC_0016069_segmentation.png,2848,4288,273238,12212224,0.0224
ISIC_0016070,train,42,ISIC 2018 Task 1 Training (2594),ISIC_0016070.jpg,ISIC_0016070_segmentation.png,2848,4288,302964,12212224,0.0248
ISIC_0016071,train,42,ISIC 2018 Task 1 Training (2594),ISIC_0016071.jpg,ISIC_0016071_segmentation.png,2848,4288,384937,12212224,0.0315
ISIC_0016072,train,42,ISIC 2018 Task 1 Training (2594),ISIC_0016072.jpg,ISIC_0016072_segmentation.png,2848,4288,1265311,12212224,0.1036
